mc_number,mc_number_anon,doi,Journal,doi_article_prefix,container.title,published.print,issue,title,volume,author,issn,year,match,mc_prefix
AEJApp-2016-0031,NA,10.1257/app.20160031,AEJ:Applied Economics,NA,American Economic Journal: Applied Economics,2018-01-01,1,College Party Culture and Sexual Assault,10,,1945-7790,2018,TRUE,AEJApp
AEJApp-2016-0089,NA,10.1257/app.20160089,AEJ:Applied Economics,NA,American Economic Journal: Applied Economics,2018-01-01,1,Social Media and Corruption,10,,1945-7790,2018,TRUE,AEJApp
AEJApp-2016-0278,NA,10.1257/app.20160278,AEJ:Applied Economics,NA,American Economic Journal: Applied Economics,2018-01-01,1,For Better or for Worse?: Education and the Prevalence of Domestic Violence in Turkey,10,,1945-7790,2018,TRUE,AEJApp
AEJApp-2013-0170,NA,10.1257/app.20130170,AEJ:Applied Economics,NA,American Economic Journal: Applied Economics,2018-01-01,1,Demand for Alcohol Consumption in Russia and Its Implication for Mortality,10,,1945-7790,2018,TRUE,AEJApp
AEJApp-2013-0480,NA,10.1257/app.20130480,AEJ:Applied Economics,NA,American Economic Journal: Applied Economics,2018-01-01,1,Together We Will: Experimental Evidence on Female Voting Behavior in Pakistan,10,,1945-7790,2018,TRUE,AEJApp
AEJApp-2015-0241,NA,10.1257/app.20150241,AEJ:Applied Economics,NA,American Economic Journal: Applied Economics,2018-01-01,1,The Price of Prejudice,10,,1945-7790,2018,TRUE,AEJApp
AEJApp-2015-0369,NA,10.1257/app.20150369,AEJ:Applied Economics,NA,American Economic Journal: Applied Economics,2018-01-01,1,The Impact of AIDS Treatment on Savings and Human Capital Investment in Malawi,10,,1945-7790,2018,TRUE,AEJApp
AEJApp-2015-0581,NA,10.1257/app.20150581,AEJ:Applied Economics,NA,American Economic Journal: Applied Economics,2018-01-01,1,Hospitals as Insurers of Last Resort,10,,1945-7790,2018,TRUE,AEJApp
AEJApp-2016-0404,NA,10.1257/app.20160404,AEJ:Applied Economics,NA,American Economic Journal: Applied Economics,2018-01-01,1,Do Low Levels of Blood Lead Reduce Children's Future Test Scores?,10,,1945-7790,2018,TRUE,AEJApp
AEJApp-2016-0634,NA,10.1257/app.20160634,AEJ:Applied Economics,NA,American Economic Journal: Applied Economics,2018-01-01,1,Free to Choose: Can School Choice Reduce Student Achievement?,10,,1945-7790,2018,TRUE,AEJApp
AEJApp-2016-0150,NA,10.1257/app.20160150,AEJ:Applied Economics,NA,American Economic Journal: Applied Economics,2018-04-01,2,Asymmetric Information and Remittances: Evidence from Matched Administrative Data,10,,1945-7790,2018,TRUE,AEJApp
AEJApp-2016-0307,NA,10.1257/app.20160307,AEJ:Applied Economics,NA,American Economic Journal: Applied Economics,2018-04-01,2,The Economic Impact of Hurricane Katrina on Its Victims: Evidence from Individual Tax Returns,10,,1945-7790,2018,TRUE,AEJApp
AEJApp-2016-0567,NA,10.1257/app.20160567,AEJ:Applied Economics,NA,American Economic Journal: Applied Economics,2018-04-01,2,School Finance Reform and the Distribution of Student Achievement,10,,1945-7790,2018,TRUE,AEJApp
AEJApp-2017-0048,NA,10.1257/app.20170048,AEJ:Applied Economics,NA,American Economic Journal: Applied Economics,2018-04-01,2,Do Risk Preferences Change? Evidence from the Great East Japan Earthquake,10,,1945-7790,2018,TRUE,AEJApp
AEJApp-2015-0234,NA,10.1257/app.20150234,AEJ:Applied Economics,NA,American Economic Journal: Applied Economics,2018-04-01,2,Financial Incentives and the Fertility-Sex Ratio Trade-Off,10,,1945-7790,2018,TRUE,AEJApp
AEJApp-2015-0245,NA,10.1257/app.20150245,AEJ:Applied Economics,NA,American Economic Journal: Applied Economics,2018-04-01,2,The Effects of Micro-entrepreneurship Programs on Labor Market Performance: Experimental Evidence from Chile,10,,1945-7790,2018,TRUE,AEJApp
AEJApp-2015-0365,NA,10.1257/app.20150365,AEJ:Applied Economics,NA,American Economic Journal: Applied Economics,2018-04-01,2,Education and Mortality: Evidence from a Social Experiment,10,,1945-7790,2018,TRUE,AEJApp
AEJApp-2015-0431,NA,10.1257/app.20150431,AEJ:Applied Economics,NA,American Economic Journal: Applied Economics,2018-04-01,2,Neighborhood Sanitation and Infant Mortality,10,,1945-7790,2018,TRUE,AEJApp
AEJApp-2016-0127,NA,10.1257/app.20160127,AEJ:Applied Economics,NA,American Economic Journal: Applied Economics,2018-04-01,2,Borrowing Trouble? Human Capital Investment with Opt-In Costs and Implications for the Effectiveness of Grant Aid,10,,1945-7790,2018,TRUE,AEJApp
AEJApp-2016-0597,NA,10.1257/app.20160597,AEJ:Applied Economics,NA,American Economic Journal: Applied Economics,2018-04-01,2,Banking the Unbanked? Evidence from Three Countries,10,,1945-7790,2018,TRUE,AEJApp
AEJApp-2015-0360,NA,10.1257/app.20150360,AEJ:Applied Economics,NA,American Economic Journal: Applied Economics,2018-07-01,3,Do Free Trade Agreements Affect Tariffs of Nonmember Countries? A Theoretical and Empirical Investigation,10,,1945-7790,2018,TRUE,AEJApp
AEJApp-2016-0390,NA,10.1257/app.20160390,AEJ:Applied Economics,NA,American Economic Journal: Applied Economics,2018-07-01,3,Emotional Judges and Unlucky Juveniles,10,,1945-7790,2018,TRUE,AEJApp
AEJApp-2016-0469,NA,10.1257/app.20160469,AEJ:Applied Economics,NA,American Economic Journal: Applied Economics,2018-07-01,3,Incentivizing Safer Sexual Behavior: Evidence from a Lottery Experiment on HIV Prevention,10,,1945-7790,2018,TRUE,AEJApp
AEJApp-2017-0173,NA,10.1257/app.20170173,AEJ:Applied Economics,NA,American Economic Journal: Applied Economics,2018-07-01,3,The Impacts of Industrial and Entrepreneurial Work on Income and Health: Experimental Evidence from Ethiopia,10,,1945-7790,2018,TRUE,AEJApp
AEJApp-2016-0056,NA,10.1257/app.20160056,AEJ:Applied Economics,NA,American Economic Journal: Applied Economics,2018-07-01,3,Life after Lead: Effects of Early Interventions for Children Exposed to Lead,10,,1945-7790,2018,TRUE,AEJApp
AEJApp-2016-0066,NA,10.1257/app.20160066,AEJ:Applied Economics,NA,American Economic Journal: Applied Economics,2018-07-01,3,Ethnolinguistic Favoritism in African Politics,10,,1945-7790,2018,TRUE,AEJApp
AEJApp-2016-0183,NA,10.1257/app.20160183,AEJ:Applied Economics,NA,American Economic Journal: Applied Economics,2018-07-01,3,Exploiting Externalities to Estimate the Long-Term Effects of Early Childhood Deworming,10,,1945-7790,2018,TRUE,AEJApp
AEJApp-2016-0195,NA,10.1257/app.20160195,AEJ:Applied Economics,NA,American Economic Journal: Applied Economics,2018-07-01,3,The Family Peer Effect on Mothers' Labor Supply,10,,1945-7790,2018,TRUE,AEJApp
AEJApp-2016-0257,NA,10.1257/app.20160257,AEJ:Applied Economics,NA,American Economic Journal: Applied Economics,2018-07-01,3,Paying to Avoid Recession: Using Reenlistment to Estimate the Cost of Unemployment,10,,1945-7790,2018,TRUE,AEJApp
AEJApp-2016-0429,NA,10.1257/app.20160429,AEJ:Applied Economics,NA,American Economic Journal: Applied Economics,2018-07-01,3,The Neighborhood Impacts of Local Infrastructure Investment: Evidence from Urban Mexico,10,,1945-7790,2018,TRUE,AEJApp
AEJApp-2016-0547,NA,10.1257/app.20160547,AEJ:Applied Economics,NA,American Economic Journal: Applied Economics,2018-07-01,3,Saving by Default: Evidence from a Field Experiment in Rural India,10,,1945-7790,2018,TRUE,AEJApp
AEJApp-2016-0626,NA,10.1257/app.20160626,AEJ:Applied Economics,NA,American Economic Journal: Applied Economics,2018-07-01,3,Academic Peer Effects with Different Group Assignment Policies: Residential Tracking versus Random Assignment,10,,1945-7790,2018,TRUE,AEJApp
AEJApp-2016-0395,NA,10.1257/app.20160395,AEJ:Applied Economics,NA,American Economic Journal: Applied Economics,2018-10-01,4,Access to Migration for Rural Households,10,,1945-7790,2018,TRUE,AEJApp
AEJApp-2016-0510,NA,10.1257/app.20160510,AEJ:Applied Economics,NA,American Economic Journal: Applied Economics,2018-10-01,4,Why Has Urban Inequality Increased?,10,,1945-7790,2018,TRUE,AEJApp
AEJApp-2016-0556,NA,10.1257/app.20160556,AEJ:Applied Economics,NA,American Economic Journal: Applied Economics,2018-10-01,4,The Effect of Terrorism on Employment and Consumer Sentiment: Evidence from Successful and Failed Terror Attacks,10,,1945-7790,2018,TRUE,AEJApp
AEJApp-2017-0042,NA,10.1257/app.20170042,AEJ:Applied Economics,NA,American Economic Journal: Applied Economics,2018-10-01,4,Mentors or Teachers? Microenterprise Training in Kenya,10,,1945-7790,2018,TRUE,AEJApp
AEJApp-2017-0080,NA,10.1257/app.20170080,AEJ:Applied Economics,NA,American Economic Journal: Applied Economics,2018-10-01,4,Economic Shocks and Crime: Evidence from the Brazilian Trade Liberalization,10,,1945-7790,2018,TRUE,AEJApp
AEJApp-2014-0499,NA,10.1257/app.20140499,AEJ:Applied Economics,NA,American Economic Journal: Applied Economics,2018-10-01,4,Wealth Shocks and Health Outcomes: Evidence from Stock Market Fluctuations,10,,1945-7790,2018,TRUE,AEJApp
AEJApp-2015-0057,NA,10.1257/app.20150057,AEJ:Applied Economics,NA,American Economic Journal: Applied Economics,2018-10-01,4,Social Networks as Contract Enforcement: Evidence from a Lab Experiment in the Field,10,,1945-7790,2018,TRUE,AEJApp
AEJApp-2016-0232,NA,10.1257/app.20160232,AEJ:Applied Economics,NA,American Economic Journal: Applied Economics,2018-10-01,4,Diabetes and Diet: Purchasing Behavior Change in Response to Health Information,10,,1945-7790,2018,TRUE,AEJApp
AEJApp-2016-0426,NA,10.1257/app.20160426,AEJ:Applied Economics,NA,American Economic Journal: Applied Economics,2018-10-01,4,Modern Family? Paternity Leave and Marital Stability,10,,1945-7790,2018,TRUE,AEJApp
AEJApp-2016-0618,NA,10.1257/app.20160618,AEJ:Applied Economics,NA,American Economic Journal: Applied Economics,2018-10-01,4,Does Electoral Competition Curb Party Favoritism?,10,,1945-7790,2018,TRUE,AEJApp
AEJApp-2017-0068,NA,10.1257/app.20170068,AEJ:Applied Economics,NA,American Economic Journal: Applied Economics,2018-10-01,4,Identifying Sorting in Practice,10,,1945-7790,2018,TRUE,AEJApp
AEJApp-2017-0077,NA,10.1257/app.20170077,AEJ:Applied Economics,NA,American Economic Journal: Applied Economics,2018-10-01,4,Role Models or Individual Consulting: The Impact of Personalizing Micro-entrepreneurship Training,10,,1945-7790,2018,TRUE,AEJApp
AEJApp-2017-0113,NA,10.1257/app.20170113,AEJ:Applied Economics,NA,American Economic Journal: Applied Economics,2018-10-01,4,Foreign Rivals Are Coming to Town: Responding to the Threat of Foreign Multinational Entry,10,,1945-7790,2018,TRUE,AEJApp
AEJApp-2016-0436,NA,10.1257/app.20160436,AEJ:Applied Economics,NA,American Economic Journal: Applied Economics,2019-01-01,1,The Effect of Pollution on Worker Productivity: Evidence from Call Center Workers in China,11,,1945-7790,2019,TRUE,AEJApp
AEJApp-2017-0249,NA,10.1257/app.20170249,AEJ:Applied Economics,NA,American Economic Journal: Applied Economics,2019-01-01,1,Partners in Crime,11,,1945-7790,2019,TRUE,AEJApp
AEJApp-2017-0286,NA,10.1257/app.20170286,AEJ:Applied Economics,NA,American Economic Journal: Applied Economics,2019-01-01,1,Severe Air Pollution and Labor Productivity: Evidence from Industrial Towns in China,11,,1945-7790,2019,TRUE,AEJApp
AEJApp-2017-0299,NA,10.1257/app.20170299,AEJ:Applied Economics,NA,American Economic Journal: Applied Economics,2019-01-01,1,Understanding the Average Impact of Microcredit Expansions: A Bayesian Hierarchical Analysis of Seven Randomized Experiments,11,,1945-7790,2019,TRUE,AEJApp
AEJApp-2017-0328,NA,10.1257/app.20170328,AEJ:Applied Economics,NA,American Economic Journal: Applied Economics,2019-01-01,1,The Welfare Effects of Nudges: A Case Study of Energy Use Social Comparisons,11,,1945-7790,2019,TRUE,AEJApp
AEJApp-2017-0543,NA,10.1257/app.20170543,AEJ:Applied Economics,NA,American Economic Journal: Applied Economics,2019-01-01,1,Are Credit Markets Still Local? Evidence from Bank Branch Closings,11,,1945-7790,2019,TRUE,AEJApp
AEJApp-2017-0670,NA,10.1257/app.20170670,AEJ:Applied Economics,NA,American Economic Journal: Applied Economics,2019-01-01,1,Financial Incentives as Signals: Experimental Evidence from the Recruitment of Village Promoters in Uganda,11,,1945-7790,2019,TRUE,AEJApp
AEJApp-2015-0310,NA,10.1257/app.20150310,AEJ:Applied Economics,NA,American Economic Journal: Applied Economics,2019-01-01,1,The Causal Effect of Competition on Prices and Quality: Evidence from a Field Experiment,11,,1945-7790,2019,TRUE,AEJApp
AEJApp-2017-0163,NA,10.1257/app.20170163,AEJ:Applied Economics,NA,American Economic Journal: Applied Economics,2019-01-01,1,Job Search Periods for Welfare Applicants: Evidence from a Randomized Experiment,11,,1945-7790,2019,TRUE,AEJApp
AEJApp-2017-0300,NA,10.1257/app.20170300,AEJ:Applied Economics,NA,American Economic Journal: Applied Economics,2019-01-01,1,Early Childhood Education by Television: Lessons from<i>Sesame Street</i>,11,,1945-7790,2019,TRUE,AEJApp
AEJApp-2017-0497,NA,10.1257/app.20170497,AEJ:Applied Economics,NA,American Economic Journal: Applied Economics,2019-01-01,1,Labor Drops: Experimental Evidence on the Return to Additional Labor in Microenterprises,11,,1945-7790,2019,TRUE,AEJApp
AEJApp-2017-0223,NA,10.1257/app.20170223,AEJ:Applied Economics,NA,American Economic Journal: Applied Economics,2019-04-01,2,"Temperature and Decisions: Evidence from 207,000 Court Cases",11,,1945-7790,2019,TRUE,AEJApp
AEJApp-2016-0262,NA,10.1257/app.20160262,AEJ:Applied Economics,NA,American Economic Journal: Applied Economics,2019-04-01,2,Property Rights and Gender Bias: Evidence from Land Reform in West Bengal,11,,1945-7790,2019,TRUE,AEJApp
AEJApp-2016-0350,NA,10.1257/app.20160350,AEJ:Applied Economics,NA,American Economic Journal: Applied Economics,2019-04-01,2,Externalities and Taxation of Supplemental Insurance: A Study of Medicare and Medigap,11,,1945-7790,2019,TRUE,AEJApp
AEJApp-2016-0664,NA,10.1257/app.20160664,AEJ:Applied Economics,NA,American Economic Journal: Applied Economics,2019-04-01,2,Changes in Workplace Heterogeneity and How They Widen the Gender Wage Gap,11,,1945-7790,2019,TRUE,AEJApp
AEJApp-2017-0117,NA,10.1257/app.20170117,AEJ:Applied Economics,NA,American Economic Journal: Applied Economics,2019-04-01,2,Adverse Selection in ACA Exchange Markets: Evidence from Colorado,11,,1945-7790,2019,TRUE,AEJApp
AEJApp-2017-0288,NA,10.1257/app.20170288,AEJ:Applied Economics,NA,American Economic Journal: Applied Economics,2019-04-01,2,"Soft Commitments, Reminders, and Academic Performance",11,,1945-7790,2019,TRUE,AEJApp
AEJApp-2017-0295,NA,10.1257/app.20170295,AEJ:Applied Economics,NA,American Economic Journal: Applied Economics,2019-04-01,2,Health Care Spending and Utilization in Public and Private Medicare,11,,1945-7790,2019,TRUE,AEJApp
AEJApp-2017-0411,NA,10.1257/app.20170411,AEJ:Applied Economics,NA,American Economic Journal: Applied Economics,2019-04-01,2,Was the First Public Health Campaign Successful?,11,,1945-7790,2019,TRUE,AEJApp
AEJApp-2017-0438,NA,10.1257/app.20170438,AEJ:Applied Economics,NA,American Economic Journal: Applied Economics,2019-04-01,2,Cooperation in Polygynous Households,11,,1945-7790,2019,TRUE,AEJApp
AEJApp-2017-0478,NA,10.1257/app.20170478,AEJ:Applied Economics,NA,American Economic Journal: Applied Economics,2019-04-01,2,"Using Linked Survey and Administrative Data to Better Measure Income: Implications for Poverty, Program Effectiveness, and Holes in the Safety Net",11,,1945-7790,2019,TRUE,AEJApp
AEJApp-2017-0566,NA,10.1257/app.20170566,AEJ:Applied Economics,NA,American Economic Journal: Applied Economics,2019-04-01,2,Bridging the Intention-Behavior Gap? The Effect of Plan-Making Prompts on Job Search and Employment,11,,1945-7790,2019,TRUE,AEJApp
AEJApp-2017-0128,NA,10.1257/app.20170128,AEJ:Applied Economics,NA,American Economic Journal: Applied Economics,2019-07-01,3,Long-Run Effects of Temporary Incentives on Medical Care Productivity,11,,1945-7790,2019,TRUE,AEJApp
AEJApp-2018-0100,NA,10.1257/app.20180100,AEJ:Applied Economics,NA,American Economic Journal: Applied Economics,2019-07-01,3,"ProPelled: The Effects of Grants on Graduation, Earnings, and Welfare",11,,1945-7790,2019,TRUE,AEJApp
AEJApp-2016-0650,NA,10.1257/app.20160650,AEJ:Applied Economics,NA,American Economic Journal: Applied Economics,2019-07-01,3,Socializing at Work: Evidence from a Field Experiment with Manufacturing Workers,11,,1945-7790,2019,TRUE,AEJApp
AEJApp-2017-0008,NA,10.1257/app.20170008,AEJ:Applied Economics,NA,American Economic Journal: Applied Economics,2019-07-01,3,Medium- and Long-Term Educational Consequences of Alternative Conditional Cash Transfer Designs: Experimental Evidence from Colombia,11,,1945-7790,2019,TRUE,AEJApp
AEJApp-2017-0111,NA,10.1257/app.20170111,AEJ:Applied Economics,NA,American Economic Journal: Applied Economics,2019-07-01,3,"Capital Cities, Conflict, and Misgovernance",11,,1945-7790,2019,TRUE,AEJApp
AEJApp-2017-0160,NA,10.1257/app.20170160,AEJ:Applied Economics,NA,American Economic Journal: Applied Economics,2019-07-01,3,Do Women Give Up Competing More Easily? Evidence from the Lab and the Dutch Math Olympiad,11,,1945-7790,2019,TRUE,AEJApp
AEJApp-2017-0201,NA,10.1257/app.20170201,AEJ:Applied Economics,NA,American Economic Journal: Applied Economics,2019-07-01,3,Reducing Child Mortality in the Last Mile: Experimental Evidence on Community Health Promoters in Uganda,11,,1945-7790,2019,TRUE,AEJApp
AEJApp-2017-0226,NA,10.1257/app.20170226,AEJ:Applied Economics,NA,American Economic Journal: Applied Economics,2019-07-01,3,Does Teacher Training Actually Work? Evidence from a Large-Scale Randomized Evaluation of a National Teacher Training Program,11,,1945-7790,2019,TRUE,AEJApp
AEJApp-2017-0430,NA,10.1257/app.20170430,AEJ:Applied Economics,NA,American Economic Journal: Applied Economics,2019-07-01,3,Supporting Community College Students from Start to Degree Completion: Long-Term Evidence from a Randomized Trial of CUNY’s ASAP,11,,1945-7790,2019,TRUE,AEJApp
AEJApp-2017-0520,NA,10.1257/app.20170520,AEJ:Applied Economics,NA,American Economic Journal: Applied Economics,2019-07-01,3,The Causes and Consequences of Test Score Manipulation: Evidence from the New York Regents Examinations,11,,1945-7790,2019,TRUE,AEJApp
AEJApp-2017-0571,NA,10.1257/app.20170571,AEJ:Applied Economics,NA,American Economic Journal: Applied Economics,2019-07-01,3,Family Disadvantage and the Gender Gap in Behavioral and Educational Outcomes,11,,1945-7790,2019,TRUE,AEJApp
AEJApp-2017-0572,NA,10.1257/app.20170572,AEJ:Applied Economics,NA,American Economic Journal: Applied Economics,2019-07-01,3,Do 40-Year-Old Facts Still Matter? Long-Run Effects of Federal Oversight under the Voting Rights Act,11,,1945-7790,2019,TRUE,AEJApp
AEJApp-2017-0476,NA,10.1257/app.20170476,AEJ:Applied Economics,NA,American Economic Journal: Applied Economics,2019-10-01,4,Allocating Scarce Organs: How a Change in Supply Affects Transplant Waiting Lists and Transplant Recipients,11,,1945-7790,2019,TRUE,AEJApp
AEJApp-2018-0010,NA,10.1257/app.20180010,AEJ:Applied Economics,NA,American Economic Journal: Applied Economics,2019-10-01,4,Children and Gender Inequality: Evidence from Denmark,11,,1945-7790,2019,TRUE,AEJApp
AEJApp-2016-0484,NA,10.1257/app.20160484,AEJ:Applied Economics,NA,American Economic Journal: Applied Economics,2019-10-01,4,There Is No Free House: Ethnic Patronage in a Kenyan Slum,11,,1945-7790,2019,TRUE,AEJApp
AEJApp-2017-0085,NA,10.1257/app.20170085,AEJ:Applied Economics,NA,American Economic Journal: Applied Economics,2019-10-01,4,Minimum Wages and the Distribution of Family Incomes,11,,1945-7790,2019,TRUE,AEJApp
AEJApp-2017-0086,NA,10.1257/app.20170086,AEJ:Applied Economics,NA,American Economic Journal: Applied Economics,2019-10-01,4,Does Cheap Talk Affect Market Outcomes? Evidence from eBay,11,,1945-7790,2019,TRUE,AEJApp
AEJApp-2017-0442,NA,10.1257/app.20170442,AEJ:Applied Economics,NA,American Economic Journal: Applied Economics,2019-10-01,4,High Trade Costs and Their Consequences: An Estimated Dynamic Model of African Agricultural Storage and Trade,11,,1945-7790,2019,TRUE,AEJApp
AEJApp-2017-0487,NA,10.1257/app.20170487,AEJ:Applied Economics,NA,American Economic Journal: Applied Economics,2019-10-01,4,The Local Economic and Welfare Consequences of Hydraulic Fracturing,11,,1945-7790,2019,TRUE,AEJApp
AEJApp-2017-0611,NA,10.1257/app.20170611,AEJ:Applied Economics,NA,American Economic Journal: Applied Economics,2019-10-01,4,Pass-Through as a Test for Market Power: An Application to Solar Subsidies,11,,1945-7790,2019,TRUE,AEJApp
AEJApp-2017-0616,NA,10.1257/app.20170616,AEJ:Applied Economics,NA,American Economic Journal: Applied Economics,2019-10-01,4,Trade and Income—Exploiting Time Series in Geography,11,,1945-7790,2019,TRUE,AEJApp
AEJApp-2018-0011,NA,10.1257/app.20180011,AEJ:Applied Economics,NA,American Economic Journal: Applied Economics,2019-10-01,4,Regulating Markups in US Health Insurance,11,,1945-7790,2019,TRUE,AEJApp
AEJApp-2018-0248,NA,10.1257/app.20180248,AEJ:Applied Economics,NA,American Economic Journal: Applied Economics,2019-10-01,4,Leader Selection and Service Delivery in Community Groups: Experimental Evidence from Uganda,11,,1945-7790,2019,TRUE,AEJApp
AEJApp-2018-0286,NA,10.1257/app.20180286,AEJ:Applied Economics,NA,American Economic Journal: Applied Economics,2019-10-01,4,Peer Effects in Legislative Voting,11,,1945-7790,2019,TRUE,AEJApp
AEJApp-2018-0435,NA,10.1257/app.20180435,AEJ:Applied Economics,NA,American Economic Journal: Applied Economics,2020-01-01,1,All the Single Ladies: Job Promotions and the Durability of Marriage,12,,1945-7790,2020,TRUE,AEJApp
AEJApp-2017-0416,NA,10.1257/app.20170416,AEJ:Applied Economics,NA,American Economic Journal: Applied Economics,2020-01-01,1,Women’s Empowerment in Action: Evidence from a Randomized Control Trial in Africa,12,,1945-7790,2020,TRUE,AEJApp
AEJApp-2017-0482,NA,10.1257/app.20170482,AEJ:Applied Economics,NA,American Economic Journal: Applied Economics,2020-01-01,1,Un-Fortunate Sons: Effects of the Vietnam Draft Lottery on the Next Generation’s Labor Market,12,,1945-7790,2020,TRUE,AEJApp
AEJApp-2017-0505,NA,10.1257/app.20170505,AEJ:Applied Economics,NA,American Economic Journal: Applied Economics,2020-01-01,1,Do Energy Efficiency Investments Deliver at the Right Time?,12,,1945-7790,2020,TRUE,AEJApp
AEJApp-2017-0511,NA,10.1257/app.20170511,AEJ:Applied Economics,NA,American Economic Journal: Applied Economics,2020-01-01,1,Race to the Bottom? Local Tax Break Competition and Business Location,12,,1945-7790,2020,TRUE,AEJApp
AEJApp-2017-0579,NA,10.1257/app.20170579,AEJ:Applied Economics,NA,American Economic Journal: Applied Economics,2020-01-01,1,Tipping and the Effects of Segregation,12,,1945-7790,2020,TRUE,AEJApp
AEJApp-2017-0717,NA,10.1257/app.20170717,AEJ:Applied Economics,NA,American Economic Journal: Applied Economics,2020-01-01,1,Estimating Adjustment Frictions Using Nonlinear Budget Sets: Method and Evidence from the Earnings Test,12,,1945-7790,2020,TRUE,AEJApp
AEJApp-2018-0036,NA,10.1257/app.20180036,AEJ:Applied Economics,NA,American Economic Journal: Applied Economics,2020-01-01,1,Educational Investment Responses to Economic Opportunity: Evidence from Indian Road Construction,12,,1945-7790,2020,TRUE,AEJApp
AEJApp-2018-0192,NA,10.1257/app.20180192,AEJ:Applied Economics,NA,American Economic Journal: Applied Economics,2020-01-01,1,"Early Voting Laws, Voter Turnout, and Partisan Vote Composition: Evidence from Ohio",12,,1945-7790,2020,TRUE,AEJApp
AEJApp-2018-0306,NA,10.1257/app.20180306,AEJ:Applied Economics,NA,American Economic Journal: Applied Economics,2020-01-01,1,A Precinct Too Far: Turnout and Voting Costs,12,,1945-7790,2020,TRUE,AEJApp
AEJApp-2018-0361,NA,10.1257/app.20180361,AEJ:Applied Economics,NA,American Economic Journal: Applied Economics,2020-01-01,1,"Crafting Intellectual Property Rights: Implications for Patent Assertion Entities, Litigation, and Innovation",12,,1945-7790,2020,TRUE,AEJApp
AEJApp-2017-0066,NA,10.1257/app.20170066,AEJ:Applied Economics,NA,American Economic Journal: Applied Economics,2020-04-01,2,Flooded Cities,12,,1945-7790,2020,TRUE,AEJApp
AEJApp-2019-0070,NA,10.1257/app.20190070,AEJ:Applied Economics,NA,American Economic Journal: Applied Economics,2020-04-01,2,The Evolution of Work in the United States,12,,1945-7790,2020,TRUE,AEJApp
AEJApp-2017-0690,NA,10.1257/app.20170690,AEJ:Applied Economics,NA,American Economic Journal: Applied Economics,2020-04-01,2,Compliance Behavior in Networks: Evidence from a Field Experiment,12,,1945-7790,2020,TRUE,AEJApp
AEJApp-2017-0778,NA,10.1257/app.20170778,AEJ:Applied Economics,NA,American Economic Journal: Applied Economics,2020-04-01,2,Politics in the Family: Nepotism and the Hiring Decisions of Italian Firms,12,,1945-7790,2020,TRUE,AEJApp
AEJApp-2018-0017,NA,10.1257/app.20180017,AEJ:Applied Economics,NA,American Economic Journal: Applied Economics,2020-04-01,2,The Paper Trail of Knowledge Spillovers: Evidence from Patent Interferences,12,,1945-7790,2020,TRUE,AEJApp
AEJApp-2018-0155,NA,10.1257/app.20180155,AEJ:Applied Economics,NA,American Economic Journal: Applied Economics,2020-04-01,2,"Charging Ahead: Prepaid Metering, Electricity Use, and Utility Revenue",12,,1945-7790,2020,TRUE,AEJApp
AEJApp-2018-0201,NA,10.1257/app.20180201,AEJ:Applied Economics,NA,American Economic Journal: Applied Economics,2020-04-01,2,Gender Homophily in Referral Networks: Consequences for the Medicare Physician Earnings Gap,12,,1945-7790,2020,TRUE,AEJApp
AEJApp-2018-0329,NA,10.1257/app.20180329,AEJ:Applied Economics,NA,American Economic Journal: Applied Economics,2020-04-01,2,"Place, Peers, and the Teenage Years: Long-Run Neighborhood Effects in Australia",12,,1945-7790,2020,TRUE,AEJApp
AEJApp-2018-0438,NA,10.1257/app.20180438,AEJ:Applied Economics,NA,American Economic Journal: Applied Economics,2020-04-01,2,"Taken by Storm: Hurricanes, Migrant Networks, and US Immigration",12,,1945-7790,2020,TRUE,AEJApp
AEJApp-2014-0105,NA,10.1257/app.20140105,AEJ:Applied Economics,NA,American Economic Journal: Applied Economics,2020-07-01,3,Prestige Matters: Wage Premium and Value Addition in Elite Colleges,12,,1945-7790,2020,TRUE,AEJApp
AEJApp-2017-0231,NA,10.1257/app.20170231,AEJ:Applied Economics,NA,American Economic Journal: Applied Economics,2020-07-01,3,Fenced Out: The Impact of Border Construction on US-Mexico Migration,12,,1945-7790,2020,TRUE,AEJApp
AEJApp-2017-0574,NA,10.1257/app.20170574,AEJ:Applied Economics,NA,American Economic Journal: Applied Economics,2020-07-01,3,Multilateral Trade Bargaining: A First Look at the GATT Bargaining Records,12,,1945-7790,2020,TRUE,AEJApp
AEJApp-2017-0647,NA,10.1257/app.20170647,AEJ:Applied Economics,NA,American Economic Journal: Applied Economics,2020-07-01,3,The Impact of Information Technology on the Diffusion of New Pharmaceuticals,12,,1945-7790,2020,TRUE,AEJApp
AEJApp-2018-0047,NA,10.1257/app.20180047,AEJ:Applied Economics,NA,American Economic Journal: Applied Economics,2020-07-01,3,The Competitive Effects of Entry: Evidence from Supercenter Expansion,12,,1945-7790,2020,TRUE,AEJApp
AEJApp-2018-0138,NA,10.1257/app.20180138,AEJ:Applied Economics,NA,American Economic Journal: Applied Economics,2020-07-01,3,Front-Loading the Unemployment Benefit: An Empirical Assessment,12,,1945-7790,2020,TRUE,AEJApp
AEJApp-2018-0426,NA,10.1257/app.20180426,AEJ:Applied Economics,NA,American Economic Journal: Applied Economics,2020-07-01,3,Gender Differences in the Choice of Major: The Importance of Female Role Models,12,,1945-7790,2020,TRUE,AEJApp
AEJApp-2018-0574,NA,10.1257/app.20180574,AEJ:Applied Economics,NA,American Economic Journal: Applied Economics,2020-07-01,3,One in a Million: Field Experiments on Perceived Closeness of the Election and Voter Turnout,12,,1945-7790,2020,TRUE,AEJApp
AEJApp-2018-0666,NA,10.1257/app.20180666,AEJ:Applied Economics,NA,American Economic Journal: Applied Economics,2020-07-01,3,The Value of Reference Letters: Experimental Evidence from South Africa,12,,1945-7790,2020,TRUE,AEJApp
AEJApp-2018-0698,NA,10.1257/app.20180698,AEJ:Applied Economics,NA,American Economic Journal: Applied Economics,2020-07-01,3,What is the Added Value of Preschool for Poor Children? Long-Term and Intergenerational Impacts and Interactions with an Infant Health Intervention,12,,1945-7790,2020,TRUE,AEJApp
AEJApp-2018-0302,NA,10.1257/app.20180302,AEJ:Applied Economics,NA,American Economic Journal: Applied Economics,2020-10-01,4,"E-governance, Accountability, and Leakage in Public Programs: Experimental Evidence from a Financial Management Reform in India",12,,1945-7790,2020,TRUE,AEJApp
AEJApp-2018-0518,NA,10.1257/app.20180518,AEJ:Applied Economics,NA,American Economic Journal: Applied Economics,2020-10-01,4,The Elasticity of Science,12,,1945-7790,2020,TRUE,AEJApp
AEJApp-2017-0382,NA,10.1257/app.20170382,AEJ:Applied Economics,NA,American Economic Journal: Applied Economics,2020-10-01,4,The Not-So-Hot Melting Pot: The Persistence of Outcomes for Descendants of the Age of Mass Migration,12,,1945-7790,2020,TRUE,AEJApp
AEJApp-2017-0599,NA,10.1257/app.20170599,AEJ:Applied Economics,NA,American Economic Journal: Applied Economics,2020-10-01,4,Increasing Access to Selective High Schools through Place-Based Affirmative Action: Unintended Consequences,12,,1945-7790,2020,TRUE,AEJApp
AEJpol-2015-0369,NA,10.1257/pol.20150369,AEJ:Economic Policy,NA,American Economic Journal: Economic Policy,2018-02-01,1,Paternalism against Veblen: Optimal Taxation and Non-respected Preferences for Social Comparisons,10,,1945-774X,2018,TRUE,AEJpol
AEJpol-2015-0410,NA,10.1257/pol.20150410,AEJ:Economic Policy,NA,American Economic Journal: Economic Policy,2018-02-01,1,The Effect of Export Promotion on Firm-Level Performance,10,,1945-774X,2018,TRUE,AEJpol
AEJpol-2016-0094,NA,10.1257/pol.20160094,AEJ:Economic Policy,NA,American Economic Journal: Economic Policy,2018-02-01,1,The Effect of Prescription Drug Monitoring Programs on Opioid Utilization in Medicare,10,,1945-774X,2018,TRUE,AEJpol
AEJpol-2016-0319,NA,10.1257/pol.20160319,AEJ:Economic Policy,NA,American Economic Journal: Economic Policy,2018-02-01,1,The Evolution of Physician Practice Styles: Evidence from Cardiologist Migration,10,,1945-774X,2018,TRUE,AEJpol
AEJpol-2014-0391,NA,10.1257/pol.20140391,AEJ:Economic Policy,NA,American Economic Journal: Economic Policy,2018-02-01,1,Do Restrictions on Home Equity Extraction Contribute to Lower Mortgage Defaults? Evidence from a Policy Discontinuity at the Texas Border,10,,1945-774X,2018,TRUE,AEJpol
AEJpol-2015-0066,NA,10.1257/pol.20150066,AEJ:Economic Policy,NA,American Economic Journal: Economic Policy,2018-02-01,1,Cheating and Incentives: Learning from a Policy Experiment,10,,1945-774X,2018,TRUE,AEJpol
AEJpol-2015-0523,NA,10.1257/pol.20150523,AEJ:Economic Policy,NA,American Economic Journal: Economic Policy,2018-02-01,1,Do Physicians Respond to the Costs and Cost-Sensitivity of Their Patients?,10,,1945-774X,2018,TRUE,AEJpol
AEJpol-2016-0038,NA,10.1257/pol.20160038,AEJ:Economic Policy,NA,American Economic Journal: Economic Policy,2018-02-01,1,Towards the Greater Good? EU Commissioners’ Nationality and Budget Allocation in the European Union,10,,1945-774X,2018,TRUE,AEJpol
AEJpol-2016-0068,NA,10.1257/pol.20160068,AEJ:Economic Policy,NA,American Economic Journal: Economic Policy,2018-02-01,1,The Consequences of Health Care Privatization: Evidence from Medicare Advantage Exits,10,,1945-774X,2018,TRUE,AEJpol
AEJpol-2016-0093,NA,10.1257/pol.20160093,AEJ:Economic Policy,NA,American Economic Journal: Economic Policy,2018-02-01,1,Moral Suasion and Economic Incentives: Field Experimental Evidence from Energy Demand,10,,1945-774X,2018,TRUE,AEJpol
AEJpol-2016-0132,NA,10.1257/pol.20160132,AEJ:Economic Policy,NA,American Economic Journal: Economic Policy,2018-02-01,1,Identifying the Harm of Manipulable School-Choice Mechanisms,10,,1945-774X,2018,TRUE,AEJpol
AEJpol-2016-0229,NA,10.1257/pol.20160229,AEJ:Economic Policy,NA,American Economic Journal: Economic Policy,2018-02-01,1,Under the Radar: The Effects of Monitoring Firms on Tax Compliance,10,,1945-774X,2018,TRUE,AEJpol
AEJpol-2015-0088,NA,10.1257/pol.20150088,AEJ:Economic Policy,NA,American Economic Journal: Economic Policy,2018-05-01,2,A Macroeconomic Approach to Optimal Unemployment Insurance: Theory,10,,1945-774X,2018,TRUE,AEJpol
AEJpol-2015-0131,NA,10.1257/pol.20150131,AEJ:Economic Policy,NA,American Economic Journal: Economic Policy,2018-05-01,2,Fiscal Centralization: Theory and Evidence from the Great Depression,10,,1945-774X,2018,TRUE,AEJpol
AEJpol-2015-0165,NA,10.1257/pol.20150165,AEJ:Economic Policy,NA,American Economic Journal: Economic Policy,2018-05-01,2,"Immigration, Employment Opportunities, and Criminal Behavior",10,,1945-774X,2018,TRUE,AEJpol
AEJpol-2015-0176,NA,10.1257/pol.20150176,AEJ:Economic Policy,NA,American Economic Journal: Economic Policy,2018-05-01,2,How Do Changes in Housing Voucher Design Affect Rent and Neighborhood Quality?,10,,1945-774X,2018,TRUE,AEJpol
AEJpol-2015-0321,NA,10.1257/pol.20150321,AEJ:Economic Policy,NA,American Economic Journal: Economic Policy,2018-05-01,2,The Fall of Coal: Joint Impacts of Fuel Prices and Renewables on Generation and Emissions,10,,1945-774X,2018,TRUE,AEJpol
AEJpol-2015-0378,NA,10.1257/pol.20150378,AEJ:Economic Policy,NA,American Economic Journal: Economic Policy,2018-05-01,2,The Effect of Corporate Taxation on Investment and Financial Policy: Evidence from the DPAD,10,,1945-774X,2018,TRUE,AEJpol
AEJpol-2015-0437,NA,10.1257/pol.20150437,AEJ:Economic Policy,NA,American Economic Journal: Economic Policy,2018-05-01,2,Selection and Market Reallocation: Productivity Gains from Multinational Production,10,,1945-774X,2018,TRUE,AEJpol
AEJpol-2016-0298,NA,10.1257/pol.20160298,AEJ:Economic Policy,NA,American Economic Journal: Economic Policy,2018-05-01,2,Cash-on-Hand and College Enrollment: Evidence from Population Tax Data and the Earned Income Tax Credit,10,,1945-774X,2018,TRUE,AEJpol
AEJpol-2016-0462,NA,10.1257/pol.20160462,AEJ:Economic Policy,NA,American Economic Journal: Economic Policy,2018-05-01,2,A Macroeconomic Approach to Optimal Unemployment Insurance: Applications,10,,1945-774X,2018,TRUE,AEJpol
AEJpol-2016-0514,NA,10.1257/pol.20160514,AEJ:Economic Policy,NA,American Economic Journal: Economic Policy,2018-05-01,2,Changing How Literacy Is Taught: Evidence on Synthetic Phonics,10,,1945-774X,2018,TRUE,AEJpol
AEJpol-2017-0046,NA,10.1257/pol.20170046,AEJ:Economic Policy,NA,American Economic Journal: Economic Policy,2018-08-01,3,Projections and Uncertainties about Climate Change in an Era of Minimal Climate Policies,10,,1945-774X,2018,TRUE,AEJpol
AEJpol-2015-0154,NA,10.1257/pol.20150154,AEJ:Economic Policy,NA,American Economic Journal: Economic Policy,2018-08-01,3,The Effect of Public Pension Wealth on Saving and Expenditure,10,,1945-774X,2018,TRUE,AEJpol
AEJpol-2015-0262,NA,10.1257/pol.20150262,AEJ:Economic Policy,NA,American Economic Journal: Economic Policy,2018-08-01,3,Does Managed Care Widen Infant Health Disparities? Evidence from Texas Medicaid,10,,1945-774X,2018,TRUE,AEJpol
AEJpol-2016-0078,NA,10.1257/pol.20160078,AEJ:Economic Policy,NA,American Economic Journal: Economic Policy,2018-08-01,3,Consumer Valuation of Fuel Costs and Tax Policy: Evidence from the European Car Market,10,,1945-774X,2018,TRUE,AEJpol
AEJpol-2016-0248,NA,10.1257/pol.20160248,AEJ:Economic Policy,NA,American Economic Journal: Economic Policy,2018-08-01,3,Strategic Formulary Design in Medicare Part D Plans,10,,1945-774X,2018,TRUE,AEJpol
AEJpol-2016-0355,NA,10.1257/pol.20160355,AEJ:Economic Policy,NA,American Economic Journal: Economic Policy,2018-08-01,3,Private Provision of Social Insurance: Drug-Specific Price Elasticities and Cost Sharing in Medicare Part D,10,,1945-774X,2018,TRUE,AEJpol
AEJpol-2016-0384,NA,10.1257/pol.20160384,AEJ:Economic Policy,NA,American Economic Journal: Economic Policy,2018-08-01,3,Trickle-Down Ethnic Politics: Drunk and Absent in the Kenya Police Force (1957–1970),10,,1945-774X,2018,TRUE,AEJpol
AEJpol-2016-0570,NA,10.1257/pol.20160570,AEJ:Economic Policy,NA,American Economic Journal: Economic Policy,2018-08-01,3,A Letter and Encouragement: Does Information Increase Postsecondary Enrollment of UI Recipients?,10,,1945-774X,2018,TRUE,AEJpol
AEJpol-2016-0605,NA,10.1257/pol.20160605,AEJ:Economic Policy,NA,American Economic Journal: Economic Policy,2018-08-01,3,The Role of Information in Disability Insurance Application: An Analysis of the Social Security Statement Phase-In,10,,1945-774X,2018,TRUE,AEJpol
AEJpol-2017-0001,NA,10.1257/pol.20170001,AEJ:Economic Policy,NA,American Economic Journal: Economic Policy,2018-08-01,3,Multimarket Contact in the Hospital Industry,10,,1945-774X,2018,TRUE,AEJpol
AEJpol-2017-0012,NA,10.1257/pol.20170012,AEJ:Economic Policy,NA,American Economic Journal: Economic Policy,2018-08-01,3,The Impact of Financial Education on Adolescents’ Intertemporal Choices,10,,1945-774X,2018,TRUE,AEJpol
AEJpol-2017-0045,NA,10.1257/pol.20170045,AEJ:Economic Policy,NA,American Economic Journal: Economic Policy,2018-08-01,3,Does the Election of a Female Leader Clear the Way for More Women in Politics?,10,,1945-774X,2018,TRUE,AEJpol
AEJpol-2017-0108,NA,10.1257/pol.20170108,AEJ:Economic Policy,NA,American Economic Journal: Economic Policy,2018-08-01,3,Cash-Flow Taxes in an International Setting,10,,1945-774X,2018,TRUE,AEJpol
AEJpol-2017-0211,NA,10.1257/pol.20170211,AEJ:Economic Policy,NA,American Economic Journal: Economic Policy,2018-08-01,3,Can Online Off-the-Shelf Lessons Improve Student Outcomes? Evidence from a Field Experiment,10,,1945-774X,2018,TRUE,AEJpol
AEJpol-2015-0297,NA,10.1257/pol.20150297,AEJ:Economic Policy,NA,American Economic Journal: Economic Policy,2018-11-01,4,A Dynamic Model of Housing Supply,10,,1945-774X,2018,TRUE,AEJpol
AEJpol-2016-0240,NA,10.1257/pol.20160240,AEJ:Economic Policy,NA,American Economic Journal: Economic Policy,2018-11-01,4,Discounting Disentangled,10,,1945-774X,2018,TRUE,AEJpol
AEJpol-2014-0016,NA,10.1257/pol.20140016,AEJ:Economic Policy,NA,American Economic Journal: Economic Policy,2018-11-01,4,"The Decline, Rebound, and Further Rise in SNAP Enrollment: Disentangling Business Cycle Fluctuations and Policy Changes",10,,1945-774X,2018,TRUE,AEJpol
AEJpol-2014-0204,NA,10.1257/pol.20140204,AEJ:Economic Policy,NA,American Economic Journal: Economic Policy,2018-11-01,4,How Initial Conditions Can Have Permanent Effects: The Case of the Affordable Care Act,10,,1945-774X,2018,TRUE,AEJpol
AEJpol-2014-0483,NA,10.1257/pol.20140483,AEJ:Economic Policy,NA,American Economic Journal: Economic Policy,2018-11-01,4,Taxes and US Oil Production: Evidence from California and the Windfall Profit Tax,10,,1945-774X,2018,TRUE,AEJpol
AEJpol-2015-0116,NA,10.1257/pol.20150116,AEJ:Economic Policy,NA,American Economic Journal: Economic Policy,2018-11-01,4,From Selling Goods to Selling Services: Firm Responses to Trade Liberalization,10,,1945-774X,2018,TRUE,AEJpol
AEJpol-2015-0261,NA,10.1257/pol.20150261,AEJ:Economic Policy,NA,American Economic Journal: Economic Policy,2018-11-01,4,Can Small Incentives Have Large Effects? The Impact of Taxes versus Bonuses on Disposable Bag Use,10,,1945-774X,2018,TRUE,AEJpol
AEJpol-2016-0365,NA,10.1257/pol.20160365,AEJ:Economic Policy,NA,American Economic Journal: Economic Policy,2018-11-01,4,Fleeing a Lame Duck: Policy Uncertainty and Manufacturing Investment in US States,10,,1945-774X,2018,TRUE,AEJpol
AEJpol-2016-0395,NA,10.1257/pol.20160395,AEJ:Economic Policy,NA,American Economic Journal: Economic Policy,2018-11-01,4,The Persistent Effects of Place-Based Policy: Evidence from the West-German Zonenrandgebiet,10,,1945-774X,2018,TRUE,AEJpol
AEJpol-2017-0082,NA,10.1257/pol.20170082,AEJ:Economic Policy,NA,American Economic Journal: Economic Policy,2018-11-01,4,Supply-Side Drug Policy in the Presence of Substitutes: Evidence from the Introduction of Abuse-Deterrent Opioids,10,,1945-774X,2018,TRUE,AEJpol
AEJpol-2017-0214,NA,10.1257/pol.20170214,AEJ:Economic Policy,NA,American Economic Journal: Economic Policy,2018-11-01,4,How Punishment Severity Affects Jury Verdicts: Evidence from Two Natural Experiments,10,,1945-774X,2018,TRUE,AEJpol
AEJpol-2015-0421,NA,10.1257/pol.20150421,AEJ:Economic Policy,NA,American Economic Journal: Economic Policy,2019-02-01,1,Physician Beliefs and Patient Preferences: A New Look at Regional Variation in Health Care Spending,11,,1945-774X,2019,TRUE,AEJpol
AEJpol-2017-0019,NA,10.1257/pol.20170019,AEJ:Economic Policy,NA,American Economic Journal: Economic Policy,2019-02-01,1,Are Consumers Poorly Informed about Fuel Economy? Evidence from Two Experiments,11,,1945-774X,2019,TRUE,AEJpol
AEJpol-2017-0329,NA,10.1257/pol.20170329,AEJ:Economic Policy,NA,American Economic Journal: Economic Policy,2019-02-01,1,Judicial Politics and Sentencing Decisions,11,,1945-774X,2019,TRUE,AEJpol
AEJpol-2017-0466,NA,10.1257/pol.20170466,AEJ:Economic Policy,NA,American Economic Journal: Economic Policy,2019-02-01,1,The Long-Run Impacts of Financial Aid: Evidence from California’s Cal Grant,11,,1945-774X,2019,TRUE,AEJpol
AEJpol-2013-0370,NA,10.1257/pol.20130370,AEJ:Economic Policy,NA,American Economic Journal: Economic Policy,2019-02-01,1,"Does It Matter if Your Health Insurer Is For Profit? Effects of Ownership on Premiums, Insurance Coverage, and Medical Spending",11,,1945-774X,2019,TRUE,AEJpol
AEJpol-2014-0313,NA,10.1257/pol.20140313,AEJ:Economic Policy,NA,American Economic Journal: Economic Policy,2019-02-01,1,Liquidity Constraint Tightness and Consumer Responses to Fiscal Stimulus Policy,11,,1945-774X,2019,TRUE,AEJpol
AEJpol-2015-0362,NA,10.1257/pol.20150362,AEJ:Economic Policy,NA,American Economic Journal: Economic Policy,2019-02-01,1,Best Prices: Price Discrimination and Consumer Substitution,11,,1945-774X,2019,TRUE,AEJpol
AEJpol-2016-0373,NA,10.1257/pol.20160373,AEJ:Economic Policy,NA,American Economic Journal: Economic Policy,2019-02-01,1,"Patchwork Policies, Spillovers, and the Search for Oil and Gas",11,,1945-774X,2019,TRUE,AEJpol
AEJpol-2016-0600,NA,10.1257/pol.20160600,AEJ:Economic Policy,NA,American Economic Journal: Economic Policy,2019-02-01,1,An Estimable Model of Income Redistribution in a Federation: Musgrave Meets Oates,11,,1945-774X,2019,TRUE,AEJpol
AEJpol-2017-0067,NA,10.1257/pol.20170067,AEJ:Economic Policy,NA,American Economic Journal: Economic Policy,2019-02-01,1,Direct and Spillover Effects of Middle School Vaccination Requirements,11,,1945-774X,2019,TRUE,AEJpol
AEJpol-2017-0151,NA,10.1257/pol.20170151,AEJ:Economic Policy,NA,American Economic Journal: Economic Policy,2019-02-01,1,Stimulating the Vote: ARRA Road Spending and Vote Share,11,,1945-774X,2019,TRUE,AEJpol
AEJpol-2017-0403,NA,10.1257/pol.20170403,AEJ:Economic Policy,NA,American Economic Journal: Economic Policy,2019-02-01,1,Effectiveness of Fiscal Incentives for R&amp;D: Quasi-experimental Evidence,11,,1945-774X,2019,TRUE,AEJpol
AEJpol-2017-0499,NA,10.1257/pol.20170499,AEJ:Economic Policy,NA,American Economic Journal: Economic Policy,2019-02-01,1,The Out-of-State Tuition Distortion,11,,1945-774X,2019,TRUE,AEJpol
AEJpol-2017-0504,NA,10.1257/pol.20170504,AEJ:Economic Policy,NA,American Economic Journal: Economic Policy,2019-02-01,1,Who Really Benefits from Consumption Tax Cuts? Evidence from a Large VAT Reform in France,11,,1945-774X,2019,TRUE,AEJpol
AEJpol-2015-0206,NA,10.1257/pol.20150206,AEJ:Economic Policy,NA,American Economic Journal: Economic Policy,2019-05-01,2,Are Local Tax Rates Strategic Complements or Strategic Substitutes?,11,,1945-774X,2019,TRUE,AEJpol
AEJpol-2016-0573,NA,10.1257/pol.20160573,AEJ:Economic Policy,NA,American Economic Journal: Economic Policy,2019-05-01,2,"Good Cop, Bad Cop: Using Civilian Allegations to Predict Police Misconduct",11,,1945-774X,2019,TRUE,AEJpol
AEJpol-2016-0076,NA,10.1257/pol.20160076,AEJ:Economic Policy,NA,American Economic Journal: Economic Policy,2019-05-01,2,Financial Incentives and Earnings of Disability Insurance Recipients: Evidence from a Notch Design,11,,1945-774X,2019,TRUE,AEJpol
AEJpol-2016-0465,NA,10.1257/pol.20160465,AEJ:Economic Policy,NA,American Economic Journal: Economic Policy,2019-05-01,2,Geographic Cross-Sectional Fiscal Spending Multipliers: What Have We Learned?,11,,1945-774X,2019,TRUE,AEJpol
AEJpol-2016-0618,NA,10.1257/pol.20160618,AEJ:Economic Policy,NA,American Economic Journal: Economic Policy,2019-05-01,2,Correcting for Misreporting of Government Benefits,11,,1945-774X,2019,TRUE,AEJpol
AEJpol-2017-0014,NA,10.1257/pol.20170014,AEJ:Economic Policy,NA,American Economic Journal: Economic Policy,2019-05-01,2,Screening in Contract Design: Evidence from the ACA Health Insurance Exchanges,11,,1945-774X,2019,TRUE,AEJpol
AEJpol-2017-0481,NA,10.1257/pol.20170481,AEJ:Economic Policy,NA,American Economic Journal: Economic Policy,2019-05-01,2,Are Home Buyers Inattentive? Evidence from Capitalization of Energy Costs,11,,1945-774X,2019,TRUE,AEJpol
AEJpol-2017-0490,NA,10.1257/pol.20170490,AEJ:Economic Policy,NA,American Economic Journal: Economic Policy,2019-05-01,2,Snapping Back: Food Stamp Bans and Criminal Recidivism,11,,1945-774X,2019,TRUE,AEJpol
AEJpol-2017-0641,NA,10.1257/pol.20170641,AEJ:Economic Policy,NA,American Economic Journal: Economic Policy,2019-05-01,2,"Early School Exposure, Test Scores, and Noncognitive Outcomes",11,,1945-774X,2019,TRUE,AEJpol
AEJpol-2018-0279,NA,10.1257/pol.20180279,AEJ:Economic Policy,NA,American Economic Journal: Economic Policy,2019-05-01,2,Student Loan Nudges: Experimental Evidence on Borrowing and Educational Attainment,11,,1945-774X,2019,TRUE,AEJpol
AEJpol-2016-0272,NA,10.1257/pol.20160272,AEJ:Economic Policy,NA,American Economic Journal: Economic Policy,2019-08-01,3,"Place-Based Policies, Creation, and Agglomeration Economies: Evidence from China’s Economic Zone Program",11,,1945-774X,2019,TRUE,AEJpol
AEJpol-11.3-.454,NA,10.1257/pol.11.3.454,AEJ:Economic Policy,NA,American Economic Journal: Economic Policy,2019-08-01,3,Corrigendum: Particulate Pollution and the Productivity of Pear Packers,11,,1945-774X,2019,TRUE,AEJpol
AEJpol-2016-0433,NA,10.1257/pol.20160433,AEJ:Economic Policy,NA,American Economic Journal: Economic Policy,2019-08-01,3,Reducing Medical Spending of the Publicly Insured: The Case for a Cash-Out Option,11,,1945-774X,2019,TRUE,AEJpol
AEJpol-2016-0589,NA,10.1257/pol.20160589,AEJ:Economic Policy,NA,American Economic Journal: Economic Policy,2019-08-01,3,Casting a Wider Tax Net: Experimental Evidence from Costa Rica,11,,1945-774X,2019,TRUE,AEJpol
AEJpol-2017-0118,NA,10.1257/pol.20170118,AEJ:Economic Policy,NA,American Economic Journal: Economic Policy,2019-08-01,3,Estimating the Value of Public Insurance Using Complementary Private Insurance,11,,1945-774X,2019,TRUE,AEJpol
AEJpol-2017-0254,NA,10.1257/pol.20170254,AEJ:Economic Policy,NA,American Economic Journal: Economic Policy,2019-08-01,3,The Impact of Investment Incentives: Evidence from UK Corporation Tax Returns,11,,1945-774X,2019,TRUE,AEJpol
AEJpol-2017-0448,NA,10.1257/pol.20170448,AEJ:Economic Policy,NA,American Economic Journal: Economic Policy,2019-08-01,3,Voter Response to Peak and End Transfers: Evidence from a Conditional Cash Transfer Experiment,11,,1945-774X,2019,TRUE,AEJpol
AEJpol-2017-0478,NA,10.1257/pol.20170478,AEJ:Economic Policy,NA,American Economic Journal: Economic Policy,2019-08-01,3,How Do Tax Incentives Affect Investment and Productivity? Firm-Level Evidence from China,11,,1945-774X,2019,TRUE,AEJpol
AEJpol-2017-0570,NA,10.1257/pol.20170570,AEJ:Economic Policy,NA,American Economic Journal: Economic Policy,2019-08-01,3,The Long-Run Effects of Teacher Collective Bargaining,11,,1945-774X,2019,TRUE,AEJpol
AEJpol-2017-0603,NA,10.1257/pol.20170603,AEJ:Economic Policy,NA,American Economic Journal: Economic Policy,2019-08-01,3,The Long-Run Impacts of a Universal Child Care Program,11,,1945-774X,2019,TRUE,AEJpol
AEJpol-2017-0619,NA,10.1257/pol.20170619,AEJ:Economic Policy,NA,American Economic Journal: Economic Policy,2019-08-01,3,"Provider Supply, Utilization, and Infant Health: Evidence from a Physician Distribution Policy",11,,1945-774X,2019,TRUE,AEJpol
AEJpol-2017-0678,NA,10.1257/pol.20170678,AEJ:Economic Policy,NA,American Economic Journal: Economic Policy,2019-08-01,3,Do Kidney Exchanges Improve Patient Outcomes?,11,,1945-774X,2019,TRUE,AEJpol
AEJpol-2018-0070,NA,10.1257/pol.20180070,AEJ:Economic Policy,NA,American Economic Journal: Economic Policy,2019-08-01,3,Liquidity Constraints of the Middle Class,11,,1945-774X,2019,TRUE,AEJpol
AEJpol-2018-0167,NA,10.1257/pol.20180167,AEJ:Economic Policy,NA,American Economic Journal: Economic Policy,2019-08-01,3,Defensive Medicine: Evidence from Military Immunity,11,,1945-774X,2019,TRUE,AEJpol
AEJpol-2018-0027,NA,10.1257/pol.20180027,AEJ:Economic Policy,NA,American Economic Journal: Economic Policy,2019-11-01,4,The Rise of NGO Activism,11,,1945-774X,2019,TRUE,AEJpol
AEJpol-2018-0076,NA,10.1257/pol.20180076,AEJ:Economic Policy,NA,American Economic Journal: Economic Policy,2019-11-01,4,Who Is Screened Out? Application Costs and the Targeting of Disability Programs,11,,1945-774X,2019,TRUE,AEJpol
AEJpol-2018-0230,NA,10.1257/pol.20180230,AEJ:Economic Policy,NA,American Economic Journal: Economic Policy,2019-11-01,4,New Evidence on Information Disclosure through Restaurant Hygiene Grading,11,,1945-774X,2019,TRUE,AEJpol
AEJpol-2015-0024,NA,10.1257/pol.20150024,AEJ:Economic Policy,NA,American Economic Journal: Economic Policy,2019-11-01,4,Randomized Safety Inspections and Risk Exposure on the Job: Quasi-experimental Estimates of the Value of a Statistical Life,11,,1945-774X,2019,TRUE,AEJpol
AEJpol-2017-0020,NA,10.1257/pol.20170020,AEJ:Economic Policy,NA,American Economic Journal: Economic Policy,2019-11-01,4,Employed for Higher Pay? How Medicare Payment Rules Affect Hospital Employment of Physicians,11,,1945-774X,2019,TRUE,AEJpol
AEJpol-2017-0069,NA,10.1257/pol.20170069,AEJ:Economic Policy,NA,American Economic Journal: Economic Policy,2019-11-01,4,The Impact of College Diversity on Behavior toward Minorities,11,,1945-774X,2019,TRUE,AEJpol
AEJpol-2017-0144,NA,10.1257/pol.20170144,AEJ:Economic Policy,NA,American Economic Journal: Economic Policy,2019-11-01,4,Carbon Taxes and CO2 Emissions: Sweden as a Case Study,11,,1945-774X,2019,TRUE,AEJpol
AEJpol-2017-0306,NA,10.1257/pol.20170306,AEJ:Economic Policy,NA,American Economic Journal: Economic Policy,2019-11-01,4,"Price Regulation, Price Discrimination, and Equality of Opportunity in Higher Education: Evidence from Texas",11,,1945-774X,2019,TRUE,AEJpol
AEJpol-2017-0441,NA,10.1257/pol.20170441,AEJ:Economic Policy,NA,American Economic Journal: Economic Policy,2019-11-01,4,Public Spillovers from Private Insurance Contracting: Physician Responses to Managed Care,11,,1945-774X,2019,TRUE,AEJpol
AEJpol-2017-0484,NA,10.1257/pol.20170484,AEJ:Economic Policy,NA,American Economic Journal: Economic Policy,2019-11-01,4,"Peer Preferences, School Competition, and the Effects of Public School Choice",11,,1945-774X,2019,TRUE,AEJpol
AEJpol-2017-0588,NA,10.1257/pol.20170588,AEJ:Economic Policy,NA,American Economic Journal: Economic Policy,2019-11-01,4,Incentives and Unintended Consequences: Spillover Effects in Food Choice,11,,1945-774X,2019,TRUE,AEJpol
AEJpol-2017-0688,NA,10.1257/pol.20170688,AEJ:Economic Policy,NA,American Economic Journal: Economic Policy,2019-11-01,4,Sustaining Honesty in Public Service: The Role of Selection,11,,1945-774X,2019,TRUE,AEJpol
AEJpol-2018-0374,NA,10.1257/pol.20180374,AEJ:Economic Policy,NA,American Economic Journal: Economic Policy,2019-11-01,4,Long-Term Orientation and Educational Performance,11,,1945-774X,2019,TRUE,AEJpol
AEJpol-2018-0543,NA,10.1257/pol.20180543,AEJ:Economic Policy,NA,American Economic Journal: Economic Policy,2019-11-01,4,New Evidence on Information Disclosure through Restaurant Hygiene Grading: Reply,11,,1945-774X,2019,TRUE,AEJpol
AEJpol-2018-0033,NA,10.1257/pol.20180033,AEJ:Economic Policy,NA,American Economic Journal: Economic Policy,2020-02-01,1,Optimal Income Taxation with Unemployment and Wage Responses: A Sufficient Statistics Approach,12,,1945-774X,2020,TRUE,AEJpol
AEJpol-2015-0313,NA,10.1257/pol.20150313,AEJ:Economic Policy,NA,American Economic Journal: Economic Policy,2020-02-01,1,Financial Education versus Costly Counseling: How to Dissuade Borrowers from Choosing Risky Mortgages?,12,,1945-774X,2020,TRUE,AEJpol
AEJpol-2016-0005,NA,10.1257/pol.20160005,AEJ:Economic Policy,NA,American Economic Journal: Economic Policy,2020-02-01,1,Do Credit Market Shocks Affect the Real Economy? Quasi-experimental Evidence from the Great Recession and “Normal” Economic Times,12,,1945-774X,2020,TRUE,AEJpol
AEJpol-2016-0246,NA,10.1257/pol.20160246,AEJ:Economic Policy,NA,American Economic Journal: Economic Policy,2020-02-01,1,"Federal Coal Program Reform, the Clean Power Plan, and the Interaction of Upstream and Downstream Climate Policies",12,,1945-774X,2020,TRUE,AEJpol
AEJpol-2016-0555,NA,10.1257/pol.20160555,AEJ:Economic Policy,NA,American Economic Journal: Economic Policy,2020-02-01,1,Advertising and Environmental Stewardship: Evidence from the BP Oil Spill,12,,1945-774X,2020,TRUE,AEJpol
AEJpol-2016-0560,NA,10.1257/pol.20160560,AEJ:Economic Policy,NA,American Economic Journal: Economic Policy,2020-02-01,1,Retirement Lock and Prescription Drug Insurance: Evidence from Medicare Part D,12,,1945-774X,2020,TRUE,AEJpol
AEJpol-2017-0195,NA,10.1257/pol.20170195,AEJ:Economic Policy,NA,American Economic Journal: Economic Policy,2020-02-01,1,The Marginal Cost of Traffic Congestion and Road Pricing: Evidence from a Natural Experiment in Beijing,12,,1945-774X,2020,TRUE,AEJpol
AEJpol-2017-0243,NA,10.1257/pol.20170243,AEJ:Economic Policy,NA,American Economic Journal: Economic Policy,2020-02-01,1,Teacher Value Added in a Low-Income Country,12,,1945-774X,2020,TRUE,AEJpol
AEJpol-2017-0506,NA,10.1257/pol.20170506,AEJ:Economic Policy,NA,American Economic Journal: Economic Policy,2020-02-01,1,The Returns to a Large Community College Program: Evidence from Admissions Lotteries,12,,1945-774X,2020,TRUE,AEJpol
AEJpol-2017-0620,NA,10.1257/pol.20170620,AEJ:Economic Policy,NA,American Economic Journal: Economic Policy,2020-02-01,1,A Passage to America: University Funding and International Students,12,,1945-774X,2020,TRUE,AEJpol
AEJpol-2017-0709,NA,10.1257/pol.20170709,AEJ:Economic Policy,NA,American Economic Journal: Economic Policy,2020-02-01,1,Learning Job Skills from Colleagues at Work: Evidence from a Field Experiment Using Teacher Performance Data,12,,1945-774X,2020,TRUE,AEJpol
AEJpol-2018-0352,NA,10.1257/pol.20180352,AEJ:Economic Policy,NA,American Economic Journal: Economic Policy,2020-02-01,1,Do Human Capital Decisions Respond to the Returns to Education? Evidence from DACA,12,,1945-774X,2020,TRUE,AEJpol
AEJpol-2018-0592,NA,10.1257/pol.20180592,AEJ:Economic Policy,NA,American Economic Journal: Economic Policy,2020-02-01,1,Where Does Multinational Investment Go with Territorial Taxation? Evidence from the United Kingdom,12,,1945-774X,2020,TRUE,AEJpol
AEJpol-2014-0467,NA,10.1257/pol.20140467,AEJ:Economic Policy,NA,American Economic Journal: Economic Policy,2020-05-01,2,Tax Credits and Small Firm R&amp;D Spending,12,,1945-774X,2020,TRUE,AEJpol
AEJpol-2018-0612,NA,10.1257/pol.20180612,AEJ:Economic Policy,NA,American Economic Journal: Economic Policy,2020-05-01,2,Heat and Learning,12,,1945-774X,2020,TRUE,AEJpol
AEJpol-2016-0439,NA,10.1257/pol.20160439,AEJ:Economic Policy,NA,American Economic Journal: Economic Policy,2020-05-01,2,Revisiting the Effects of Unemployment Insurance Extensions on Unemployment: A Measurement‑Error‑Corrected Regression Discontinuity Approach,12,,1945-774X,2020,TRUE,AEJpol
AEJpol-2017-0262,NA,10.1257/pol.20170262,AEJ:Economic Policy,NA,American Economic Journal: Economic Policy,2020-05-01,2,Unemployment Insurance and Means-Tested Program Interactions: Evidence from Administrative Data,12,,1945-774X,2020,TRUE,AEJpol
AEJpol-2017-0503,NA,10.1257/pol.20170503,AEJ:Economic Policy,NA,American Economic Journal: Economic Policy,2020-05-01,2,Take Two! SAT Retaking and College Enrollment Gaps,12,,1945-774X,2020,TRUE,AEJpol
AEJpol-2017-0604,NA,10.1257/pol.20170604,AEJ:Economic Policy,NA,American Economic Journal: Economic Policy,2020-05-01,2,Does School Desegregation Promote Diverse Interactions? An Equilibrium Model of Segregation within Schools,12,,1945-774X,2020,TRUE,AEJpol
AEJpol-2018-0131,NA,10.1257/pol.20180131,AEJ:Economic Policy,NA,American Economic Journal: Economic Policy,2020-05-01,2,Upstream and Downstream Impacts of College Merit-Based Financial Aid for Low-Income Students: Ser Pilo Paga in Colombia,12,,1945-774X,2020,TRUE,AEJpol
AEJpol-2018-0265,NA,10.1257/pol.20180265,AEJ:Economic Policy,NA,American Economic Journal: Economic Policy,2020-05-01,2,Where Do Students Go When For-Profit Colleges Lose Federal Aid?,12,,1945-774X,2020,TRUE,AEJpol
AEJpol-2018-0605,NA,10.1257/pol.20180605,AEJ:Economic Policy,NA,American Economic Journal: Economic Policy,2020-05-01,2,An Equilibrium Theory of Retirement Plan Design,12,,1945-774X,2020,TRUE,AEJpol
AEJpol-2019-0690,NA,10.1257/pol.20190690,AEJ:Economic Policy,NA,American Economic Journal: Economic Policy,2021-05-01,2,The Role of Electoral Incentives for Policy Innovation: Evidence from the US Welfare Reform,13,,1945-774X,2021,TRUE,AEJpol
AEJpol-2020-0103,NA,10.1257/pol.20200103,AEJ:Economic Policy,NA,American Economic Journal: Economic Policy,2021-11-01,4,Market Power and Income Taxation,13,,1945-774X,2021,TRUE,AEJpol
AEJpol-2019-0579,NA,10.1257/pol.20190579,AEJ:Economic Policy,NA,American Economic Journal: Economic Policy,2022-05-01,2,Mentoring and the Dynamics of Affirmative Action,14,,1945-774X,2022,TRUE,AEJpol
AEJMacro-2014-0154,NA,10.1257/mac.20140154,AEJ:Macro,NA,American Economic Journal: Macroeconomics,2018-01-01,1,The Possibility of Ideological Bias in Structural Macroeconomic Models,10,,1945-7715,2018,TRUE,AEJMacro
AEJMacro-2015-0355,NA,10.1257/mac.20150355,AEJ:Macro,NA,American Economic Journal: Macroeconomics,2018-01-01,1,Firms and the Decline in Earnings Inequality in Brazil,10,,1945-7715,2018,TRUE,AEJMacro
AEJMacro-2016-0202,NA,10.1257/mac.20160202,AEJ:Macro,NA,American Economic Journal: Macroeconomics,2018-01-01,1,Job Search Behavior over the Business Cycle,10,,1945-7715,2018,TRUE,AEJMacro
AEJMacro-2014-0089,NA,10.1257/mac.20140089,AEJ:Macro,NA,American Economic Journal: Macroeconomics,2018-01-01,1,The Relative Importance of Aggregate and Sectoral Shocks and the Changing Nature of Economic Fluctuations,10,,1945-7715,2018,TRUE,AEJMacro
AEJMacro-2015-0258,NA,10.1257/mac.20150258,AEJ:Macro,NA,American Economic Journal: Macroeconomics,2018-01-01,1,Job Polarization and Structural Change,10,,1945-7715,2018,TRUE,AEJMacro
AEJMacro-2015-0289,NA,10.1257/mac.20150289,AEJ:Macro,NA,American Economic Journal: Macroeconomics,2018-01-01,1,Climate Policy and Innovation: A Quantitative Macroeconomic Analysis,10,,1945-7715,2018,TRUE,AEJMacro
AEJMacro-2015-0346,NA,10.1257/mac.20150346,AEJ:Macro,NA,American Economic Journal: Macroeconomics,2018-01-01,1,Sustainable Shadow Banking,10,,1945-7715,2018,TRUE,AEJMacro
AEJMacro-2017-0061,NA,10.1257/mac.20170061,AEJ:Macro,NA,American Economic Journal: Macroeconomics,2018-01-01,1,Measuring Job-Finding Rates and Matching Efficiency with Heterogeneous Job-Seekers,10,,1945-7715,2018,TRUE,AEJMacro
AEJMacro-2016-0120,NA,10.1257/mac.20160120,AEJ:Macro,NA,American Economic Journal: Macroeconomics,2018-04-01,2,"Predation, Protection, and Productivity: A Firm-Level Perspective",10,,1945-7715,2018,TRUE,AEJMacro
AEJMacro-2016-0207,NA,10.1257/mac.20160207,AEJ:Macro,NA,American Economic Journal: Macroeconomics,2018-04-01,2,Labor Market Uncertainty and Portfolio Choice Puzzles,10,,1945-7715,2018,TRUE,AEJMacro
AEJMacro-2014-0075,NA,10.1257/mac.20140075,AEJ:Macro,NA,American Economic Journal: Macroeconomics,2018-04-01,2,"Entry and Exit, Multiproduct Firms, and Allocative Distortions",10,,1945-7715,2018,TRUE,AEJMacro
AEJMacro-2015-0245,NA,10.1257/mac.20150245,AEJ:Macro,NA,American Economic Journal: Macroeconomics,2018-04-01,2,Cyclical Job Ladders by Firm Size and Firm Wage,10,,1945-7715,2018,TRUE,AEJMacro
AEJMacro-2016-0136,NA,10.1257/mac.20160136,AEJ:Macro,NA,American Economic Journal: Macroeconomics,2018-04-01,2,"A Quantitative Theory of Information, Worker Flows, and Wage Dispersion",10,,1945-7715,2018,TRUE,AEJMacro
AEJMacro-2016-0211,NA,10.1257/mac.20160211,AEJ:Macro,NA,American Economic Journal: Macroeconomics,2018-04-01,2,Investment Hangover and the Great Recession,10,,1945-7715,2018,TRUE,AEJMacro
AEJMacro-2016-0236,NA,10.1257/mac.20160236,AEJ:Macro,NA,American Economic Journal: Macroeconomics,2018-04-01,2,"Wages, Human Capital, and Barriers to Structural Transformation",10,,1945-7715,2018,TRUE,AEJMacro
AEJMacro-2016-0327,NA,10.1257/mac.20160327,AEJ:Macro,NA,American Economic Journal: Macroeconomics,2018-04-01,2,Proposition 13: An Equilibrium Analysis,10,,1945-7715,2018,TRUE,AEJMacro
AEJMacro-2014-0181,NA,10.1257/mac.20140181,AEJ:Macro,NA,American Economic Journal: Macroeconomics,2018-07-01,3,The Firm Size Distribution across Countries and Skill-Biased Change in Entrepreneurial Technology,10,,1945-7715,2018,TRUE,AEJMacro
AEJMacro-2015-0175,NA,10.1257/mac.20150175,AEJ:Macro,NA,American Economic Journal: Macroeconomics,2018-07-01,3,"If Technology Has Arrived Everywhere, Why Has Income Diverged?",10,,1945-7715,2018,TRUE,AEJMacro
AEJMacro-2016-0312,NA,10.1257/mac.20160312,AEJ:Macro,NA,American Economic Journal: Macroeconomics,2018-07-01,3,Mismatch Unemployment and the Geography of Job Search,10,,1945-7715,2018,TRUE,AEJMacro
AEJMacro-2017-0131,NA,10.1257/mac.20170131,AEJ:Macro,NA,American Economic Journal: Macroeconomics,2018-07-01,3,Government Spending Multipliers under the Zero Lower Bound: Evidence from Japan,10,,1945-7715,2018,TRUE,AEJMacro
AEJMacro-2015-0040,NA,10.1257/mac.20150040,AEJ:Macro,NA,American Economic Journal: Macroeconomics,2018-07-01,3,Do Job Destruction Shocks Matter in the Theory of Unemployment,10,,1945-7715,2018,TRUE,AEJMacro
AEJMacro-2016-0343,NA,10.1257/mac.20160343,AEJ:Macro,NA,American Economic Journal: Macroeconomics,2018-07-01,3,The Role of Annuitized Wealth in Post-retirement Behavior,10,,1945-7715,2018,TRUE,AEJMacro
AEJMacro-2016-0400,NA,10.1257/mac.20160400,AEJ:Macro,NA,American Economic Journal: Macroeconomics,2018-07-01,3,The Political Economy of Municipal Pension Funding,10,,1945-7715,2018,TRUE,AEJMacro
AEJMacro-2016-0405,NA,10.1257/mac.20160405,AEJ:Macro,NA,American Economic Journal: Macroeconomics,2018-07-01,3,Constrained Efficiency in a Human Capital Model,10,,1945-7715,2018,TRUE,AEJMacro
AEJMacro-2014-0103,NA,10.1257/mac.20140103,AEJ:Macro,NA,American Economic Journal: Macroeconomics,2018-10-01,4,"Corporate Income Tax, Legal Form of Organization, and Employment",10,,1945-7715,2018,TRUE,AEJMacro
AEJMacro-2015-0035,NA,10.1257/mac.20150035,AEJ:Macro,NA,American Economic Journal: Macroeconomics,2018-10-01,4,"Low Real Interest Rates, Collateral Misrepresentation, and Monetary Policy",10,,1945-7715,2018,TRUE,AEJMacro
AEJMacro-2015-0171,NA,10.1257/mac.20150171,AEJ:Macro,NA,American Economic Journal: Macroeconomics,2018-10-01,4,Oil and Macroeconomic (In)Stability,10,,1945-7715,2018,TRUE,AEJMacro
AEJMacro-2015-0379,NA,10.1257/mac.20150379,AEJ:Macro,NA,American Economic Journal: Macroeconomics,2018-10-01,4,International Transmission with Heterogeneous Sectors,10,,1945-7715,2018,TRUE,AEJMacro
AEJMacro-2016-0118,NA,10.1257/mac.20160118,AEJ:Macro,NA,American Economic Journal: Macroeconomics,2018-10-01,4,A Model of Endogenous Loan Quality and the Collapse of the Shadow Banking System,10,,1945-7715,2018,TRUE,AEJMacro
AEJMacro-2016-0244,NA,10.1257/mac.20160244,AEJ:Macro,NA,American Economic Journal: Macroeconomics,2018-10-01,4,The Effect of Consumer Sentiment on Consumption: Cross-Sectional Evidence from Elections,10,,1945-7715,2018,TRUE,AEJMacro
AEJMacro-2016-0426,NA,10.1257/mac.20160426,AEJ:Macro,NA,American Economic Journal: Macroeconomics,2018-10-01,4,The Gains from Input Trade with Heterogeneous Importers,10,,1945-7715,2018,TRUE,AEJMacro
AEJMacro-2016-0085,NA,10.1257/mac.20160085,AEJ:Macro,NA,American Economic Journal: Macroeconomics,2019-01-01,1,Fiscal Austerity in Ambiguous Times,11,,1945-7715,2019,TRUE,AEJMacro
AEJMacro-2017-0114,NA,10.1257/mac.20170114,AEJ:Macro,NA,American Economic Journal: Macroeconomics,2019-01-01,1,Demographic Structure and Macroeconomic Trends,11,,1945-7715,2019,TRUE,AEJMacro
AEJMacro-2017-0367,NA,10.1257/mac.20170367,AEJ:Macro,NA,American Economic Journal: Macroeconomics,2019-01-01,1,A Model of Secular Stagnation: Theory and Quantitative Evaluation,11,,1945-7715,2019,TRUE,AEJMacro
AEJMacro-2015-0317,NA,10.1257/mac.20150317,AEJ:Macro,NA,American Economic Journal: Macroeconomics,2019-01-01,1,When Is Foreign Exchange Intervention Effective? Evidence from 33 Countries,11,,1945-7715,2019,TRUE,AEJMacro
AEJMacro-2016-0078,NA,10.1257/mac.20160078,AEJ:Macro,NA,American Economic Journal: Macroeconomics,2019-01-01,1,Employment Adjustment and Part-Time Work: Lessons from the United States and the United Kingdom,11,,1945-7715,2019,TRUE,AEJMacro
AEJMacro-2017-0080,NA,10.1257/mac.20170080,AEJ:Macro,NA,American Economic Journal: Macroeconomics,2019-01-01,1,"Inventory Management, Product Quality, and Cross‑Country Income Differences",11,,1945-7715,2019,TRUE,AEJMacro
AEJMacro-2017-0189,NA,10.1257/mac.20170189,AEJ:Macro,NA,American Economic Journal: Macroeconomics,2019-01-01,1,The Urban Mortality Transition and Poor-Country Urbanization,11,,1945-7715,2019,TRUE,AEJMacro
AEJMacro-2017-0294,NA,10.1257/mac.20170294,AEJ:Macro,NA,American Economic Journal: Macroeconomics,2019-01-01,1,"Monetary Policy, Real Activity, and Credit Spreads: Evidence from Bayesian Proxy SVARs",11,,1945-7715,2019,TRUE,AEJMacro
AEJMacro-2017-0390,NA,10.1257/mac.20170390,AEJ:Macro,NA,American Economic Journal: Macroeconomics,2019-01-01,1,"Learning, Career Paths, and the Distribution of Wages",11,,1945-7715,2019,TRUE,AEJMacro
AEJMacro-2017-0402,NA,10.1257/mac.20170402,AEJ:Macro,NA,American Economic Journal: Macroeconomics,2019-01-01,1,Firm Uncertainty Cycles and the Propagation of Nominal Shocks,11,,1945-7715,2019,TRUE,AEJMacro
AEJMacro-2017-0291,NA,10.1257/mac.20170291,AEJ:Macro,NA,American Economic Journal: Macroeconomics,2019-04-01,2,"Changes in Between-Group Inequality: Computers, Occupations, and International Trade",11,,1945-7715,2019,TRUE,AEJMacro
AEJMacro-2017-0388,NA,10.1257/mac.20170388,AEJ:Macro,NA,American Economic Journal: Macroeconomics,2019-04-01,2,Housing Constraints and Spatial Misallocation,11,,1945-7715,2019,TRUE,AEJMacro
AEJMacro-2016-0065,NA,10.1257/mac.20160065,AEJ:Macro,NA,American Economic Journal: Macroeconomics,2019-04-01,2,Capital Flows and Foreign Exchange Intervention,11,,1945-7715,2019,TRUE,AEJMacro
AEJMacro-2016-0213,NA,10.1257/mac.20160213,AEJ:Macro,NA,American Economic Journal: Macroeconomics,2019-04-01,2,Fixed-Wage Contracts and Monetary Non-neutrality,11,,1945-7715,2019,TRUE,AEJMacro
AEJMacro-2016-0220,NA,10.1257/mac.20160220,AEJ:Macro,NA,American Economic Journal: Macroeconomics,2019-04-01,2,Underemployment and the Trickle-Down of Unemployment,11,,1945-7715,2019,TRUE,AEJMacro
AEJMacro-2016-0298,NA,10.1257/mac.20160298,AEJ:Macro,NA,American Economic Journal: Macroeconomics,2019-04-01,2,"Financing Constraints, Radical versus Incremental Innovation, and Aggregate Productivity",11,,1945-7715,2019,TRUE,AEJMacro
AEJMacro-2016-0371,NA,10.1257/mac.20160371,AEJ:Macro,NA,American Economic Journal: Macroeconomics,2019-04-01,2,"Failure to Launch: Housing, Debt Overhang, and the Inflation Option",11,,1945-7715,2019,TRUE,AEJMacro
AEJMacro-2016-0403,NA,10.1257/mac.20160403,AEJ:Macro,NA,American Economic Journal: Macroeconomics,2019-04-01,2,Product Turnover and the Cost-of-Living Index: Quality versus Fashion Effects,11,,1945-7715,2019,TRUE,AEJMacro
AEJMacro-2017-0162,NA,10.1257/mac.20170162,AEJ:Macro,NA,American Economic Journal: Macroeconomics,2019-04-01,2,Reconsidering the Consequences of Worker Displacements: Firm versus Worker Perspective,11,,1945-7715,2019,TRUE,AEJMacro
AEJMacro-2017-0381,NA,10.1257/mac.20170381,AEJ:Macro,NA,American Economic Journal: Macroeconomics,2019-04-01,2,Natural Resources and Global Misallocation,11,,1945-7715,2019,TRUE,AEJMacro
AEJMacro-2015-0055,NA,10.1257/mac.20150055,AEJ:Macro,NA,American Economic Journal: Macroeconomics,2019-07-01,3,"Internal Geography, Labor Mobility, and the Distributional Impacts of Trade",11,,1945-7715,2019,TRUE,AEJMacro
AEJMacro-2014-0286,NA,10.1257/mac.20140286,AEJ:Macro,NA,American Economic Journal: Macroeconomics,2019-07-01,3,Asset Bubbles and Global Imbalances,11,,1945-7715,2019,TRUE,AEJMacro
AEJMacro-2015-0191,NA,10.1257/mac.20150191,AEJ:Macro,NA,American Economic Journal: Macroeconomics,2019-07-01,3,Corporate Cash and Employment,11,,1945-7715,2019,TRUE,AEJMacro
AEJMacro-2015-0229,NA,10.1257/mac.20150229,AEJ:Macro,NA,American Economic Journal: Macroeconomics,2019-07-01,3,Is Government Spending at the Zero Lower Bound Desirable?,11,,1945-7715,2019,TRUE,AEJMacro
AEJMacro-2016-0054,NA,10.1257/mac.20160054,AEJ:Macro,NA,American Economic Journal: Macroeconomics,2019-07-01,3,"Menu Costs, Aggregate Fluctuations, and Large Shocks",11,,1945-7715,2019,TRUE,AEJMacro
AEJMacro-2017-0269,NA,10.1257/mac.20170269,AEJ:Macro,NA,American Economic Journal: Macroeconomics,2019-07-01,3,Endogenous Technology Adoption and R&amp;D as Sources of Business Cycle Persistence,11,,1945-7715,2019,TRUE,AEJMacro
AEJMacro-2017-0315,NA,10.1257/mac.20170315,AEJ:Macro,NA,American Economic Journal: Macroeconomics,2019-07-01,3,The Intensity of Job Search and Search Duration,11,,1945-7715,2019,TRUE,AEJMacro
AEJMacro-2017-0434,NA,10.1257/mac.20170434,AEJ:Macro,NA,American Economic Journal: Macroeconomics,2019-07-01,3,Trade-Induced Structural Change and the Skill Premium,11,,1945-7715,2019,TRUE,AEJMacro
AEJMacro-2018-0019,NA,10.1257/mac.20180019,AEJ:Macro,NA,American Economic Journal: Macroeconomics,2019-07-01,3,The Currency Composition of Sovereign Debt,11,,1945-7715,2019,TRUE,AEJMacro
AEJMacro-2018-0141,NA,10.1257/mac.20180141,AEJ:Macro,NA,American Economic Journal: Macroeconomics,2019-07-01,3,Forward Guidance and Heterogeneous Beliefs,11,,1945-7715,2019,TRUE,AEJMacro
AEJMacro-2018-0011,NA,10.1257/mac.20180011,AEJ:Macro,NA,American Economic Journal: Macroeconomics,2019-10-01,4,A Macroeconomic Framework for Quantifying Systemic Risk,11,,1945-7715,2019,TRUE,AEJMacro
AEJMacro-2016-0048,NA,10.1257/mac.20160048,AEJ:Macro,NA,American Economic Journal: Macroeconomics,2019-10-01,4,Slow Post-financial Crisis Recovery and Monetary Policy,11,,1945-7715,2019,TRUE,AEJMacro
AEJMacro-2016-0365,NA,10.1257/mac.20160365,AEJ:Macro,NA,American Economic Journal: Macroeconomics,2019-10-01,4,Optimal Taxation with Risky Human Capital,11,,1945-7715,2019,TRUE,AEJMacro
AEJMacro-2016-0377,NA,10.1257/mac.20160377,AEJ:Macro,NA,American Economic Journal: Macroeconomics,2019-10-01,4,The Invisible Hand of the Government: Moral Suasion during the European Sovereign Debt Crisis,11,,1945-7715,2019,TRUE,AEJMacro
AEJMacro-2017-0167,NA,10.1257/mac.20170167,AEJ:Macro,NA,American Economic Journal: Macroeconomics,2019-10-01,4,“Whatever It Takes” Is All You Need: Monetary Policy and Debt Fragility,11,,1945-7715,2019,TRUE,AEJMacro
AEJMacro-2017-0170,NA,10.1257/mac.20170170,AEJ:Macro,NA,American Economic Journal: Macroeconomics,2019-10-01,4,Barriers to Reallocation and Economic Growth: The Effects of Firing Costs,11,,1945-7715,2019,TRUE,AEJMacro
AEJMacro-2017-0303,NA,10.1257/mac.20170303,AEJ:Macro,NA,American Economic Journal: Macroeconomics,2019-10-01,4,Monopoly Power and Endogenous Product Variety: Distortions and Remedies,11,,1945-7715,2019,TRUE,AEJMacro
AEJMacro-2017-0335,NA,10.1257/mac.20170335,AEJ:Macro,NA,American Economic Journal: Macroeconomics,2019-10-01,4,Optimal Forward Guidance,11,,1945-7715,2019,TRUE,AEJMacro
AEJMacro-2018-0005,NA,10.1257/mac.20180005,AEJ:Macro,NA,American Economic Journal: Macroeconomics,2019-10-01,4,Some Evidence on Secular Drivers of US Safe Real Rates,11,,1945-7715,2019,TRUE,AEJMacro
AEJMacro-2018-0105,NA,10.1257/mac.20180105,AEJ:Macro,NA,American Economic Journal: Macroeconomics,2019-10-01,4,Unemployment Cycles,11,,1945-7715,2019,TRUE,AEJMacro
AEJMacro-2016-0241,NA,10.1257/mac.20160241,AEJ:Macro,NA,American Economic Journal: Macroeconomics,2020-01-01,1,Multidimensional Skill Mismatch,12,,1945-7715,2020,TRUE,AEJMacro
AEJMacro-2017-0399,NA,10.1257/mac.20170399,AEJ:Macro,NA,American Economic Journal: Macroeconomics,2020-01-01,1,The Impact of Brexit on Foreign Investment and Production,12,,1945-7715,2020,TRUE,AEJMacro
AEJMacro-2017-0097,NA,10.1257/mac.20170097,AEJ:Macro,NA,American Economic Journal: Macroeconomics,2020-01-01,1,The Collateral Composition Channel,12,,1945-7715,2020,TRUE,AEJMacro
AEJMacro-2017-0176,NA,10.1257/mac.20170176,AEJ:Macro,NA,American Economic Journal: Macroeconomics,2020-01-01,1,The Weak Job Recovery in a Macro Model of Search and Recruiting Intensity,12,,1945-7715,2020,TRUE,AEJMacro
AEJMacro-2017-0319,NA,10.1257/mac.20170319,AEJ:Macro,NA,American Economic Journal: Macroeconomics,2020-01-01,1,Leverage and Deepening Business-Cycle Skewness,12,,1945-7715,2020,TRUE,AEJMacro
AEJMacro-2017-0403,NA,10.1257/mac.20170403,AEJ:Macro,NA,American Economic Journal: Macroeconomics,2020-01-01,1,Older Americans Would Work Longer if Jobs Were Flexible,12,,1945-7715,2020,TRUE,AEJMacro
AEJMacro-2017-0436,NA,10.1257/mac.20170436,AEJ:Macro,NA,American Economic Journal: Macroeconomics,2020-01-01,1,The Agricultural Wage Gap: Evidence from Brazilian Micro-data,12,,1945-7715,2020,TRUE,AEJMacro
AEJMacro-2018-0235,NA,10.1257/mac.20180235,AEJ:Macro,NA,American Economic Journal: Macroeconomics,2020-01-01,1,"Heterogeneity, Inattention, and Bayesian Updates",12,,1945-7715,2020,TRUE,AEJMacro
AEJMacro-2018-0383,NA,10.1257/mac.20180383,AEJ:Macro,NA,American Economic Journal: Macroeconomics,2020-01-01,1,"Temporary Price Changes, Inflation Regimes, and the Propagation of Monetary Shocks",12,,1945-7715,2020,TRUE,AEJMacro
AEJMacro-2018-0390,NA,10.1257/mac.20180390,AEJ:Macro,NA,American Economic Journal: Macroeconomics,2020-01-01,1,Rational Inattention in Hiring Decisions,12,,1945-7715,2020,TRUE,AEJMacro
AEJMacro-2017-0391,NA,10.1257/mac.20170391,AEJ:Macro,NA,American Economic Journal: Macroeconomics,2020-04-01,2,Bond Convenience Yields and Exchange Rate Dynamics,12,,1945-7715,2020,TRUE,AEJMacro
AEJMacro-2016-0023,NA,10.1257/mac.20160023,AEJ:Macro,NA,American Economic Journal: Macroeconomics,2020-04-01,2,Did Unconventional Interventions Unfreeze the Credit Market?,12,,1945-7715,2020,TRUE,AEJMacro
AEJMacro-2016-0124,NA,10.1257/mac.20160124,AEJ:Macro,NA,American Economic Journal: Macroeconomics,2020-04-01,2,Dynamic Debt Deleveraging and Optimal Monetary Policy,12,,1945-7715,2020,TRUE,AEJMacro
AEJMacro-2016-0162,NA,10.1257/mac.20160162,AEJ:Macro,NA,American Economic Journal: Macroeconomics,2020-04-01,2,Endogenous Infrastructure Development and Spatial Takeoff in the First Industrial Revolution,12,,1945-7715,2020,TRUE,AEJMacro
AEJMacro-2016-0419,NA,10.1257/mac.20160419,AEJ:Macro,NA,American Economic Journal: Macroeconomics,2020-04-01,2,The Aging of the Baby Boomers: Demographics and Propagation of Tax Shocks,12,,1945-7715,2020,TRUE,AEJMacro
AEJMacro-2017-0203,NA,10.1257/mac.20170203,AEJ:Macro,NA,American Economic Journal: Macroeconomics,2020-04-01,2,Consumer Imperfect Information and Endogenous Price Rigidity,12,,1945-7715,2020,TRUE,AEJMacro
AEJMacro-2017-0446,NA,10.1257/mac.20170446,AEJ:Macro,NA,American Economic Journal: Macroeconomics,2020-04-01,2,Implications of Labor Market Frictions for Risk Aversion and Risk Premia,12,,1945-7715,2020,TRUE,AEJMacro
AEJMacro-2018-0090,NA,10.1257/mac.20180090,AEJ:Macro,NA,American Economic Journal: Macroeconomics,2020-04-01,2,Deconstructing Monetary Policy Surprises— The Role of Information Shocks,12,,1945-7715,2020,TRUE,AEJMacro
AEJMacro-2018-0207,NA,10.1257/mac.20180207,AEJ:Macro,NA,American Economic Journal: Macroeconomics,2020-04-01,2,Uninsured Unemployment Risk and Optimal Monetary Policy in a Zero-Liquidity Economy,12,,1945-7715,2020,TRUE,AEJMacro
AEJMacro-2017-0040,NA,10.1257/mac.20170040,AEJ:Macro,NA,American Economic Journal: Macroeconomics,2020-07-01,3,Liquidity Traps and Monetary Policy: Managing a Credit Crunch,12,,1945-7715,2020,TRUE,AEJMacro
AEJMacro-2016-0140,NA,10.1257/mac.20160140,AEJ:Macro,NA,American Economic Journal: Macroeconomics,2020-07-01,3,Optimal Capital Requirements over the Business and Financial Cycles,12,,1945-7715,2020,TRUE,AEJMacro
AEJMacro-2018-0030,NA,10.1257/mac.20180030,AEJ:Macro,NA,American Economic Journal: Macroeconomics,2020-07-01,3,Non-Neutrality of Open-Market Operations,12,,1945-7715,2020,TRUE,AEJMacro
AEJMacro-2018-0190,NA,10.1257/mac.20180190,AEJ:Macro,NA,American Economic Journal: Macroeconomics,2020-07-01,3,Liquidity and Consumption: Evidence from Three Post-Earthquake Reconstruction Programs in Italy,12,,1945-7715,2020,TRUE,AEJMacro
AEJMacro-2018-0263,NA,10.1257/mac.20180263,AEJ:Macro,NA,American Economic Journal: Macroeconomics,2020-07-01,3,Managing the UK National Debt 1694–2018,12,,1945-7715,2020,TRUE,AEJMacro
AEJMacro-2018-0286,NA,10.1257/mac.20180286,AEJ:Macro,NA,American Economic Journal: Macroeconomics,2020-07-01,3,Sticky Expectations and Consumption Dynamics,12,,1945-7715,2020,TRUE,AEJMacro
AEJMacro-2018-0290,NA,10.1257/mac.20180290,AEJ:Macro,NA,American Economic Journal: Macroeconomics,2020-07-01,3,Sticky Wage Models and Labor Supply Constraints,12,,1945-7715,2020,TRUE,AEJMacro
AEJMacro-2018-0296,NA,10.1257/mac.20180296,AEJ:Macro,NA,American Economic Journal: Macroeconomics,2020-07-01,3,The Fall in Global Fertility: A Quantitative Model,12,,1945-7715,2020,TRUE,AEJMacro
AEJMacro-2019-0008,NA,10.1257/mac.20190008,AEJ:Macro,NA,American Economic Journal: Macroeconomics,2020-07-01,3,A Central Bank Theory of Price Level Determination,12,,1945-7715,2020,TRUE,AEJMacro
AEJMacro-2019-0169,NA,10.1257/mac.20190169,AEJ:Macro,NA,American Economic Journal: Macroeconomics,2020-10-01,4,Fighting Crises with Secrecy,12,,1945-7715,2020,TRUE,AEJMacro
AEJMacro-2018-0449,NA,10.1257/mac.20180449,AEJ:Macro,NA,American Economic Journal: Macroeconomics,2021-01-01,1,Ten Facts on Declining Business Dynamism and Lessons from Endogenous Growth Theory,13,,1945-7715,2021,TRUE,AEJMacro
AEJMacro-2018-0427,NA,10.1257/mac.20180427,AEJ:Macro,NA,American Economic Journal: Macroeconomics,2021-04-01,2,Monetary Policy and Bubbles in a New Keynesian Model with Overlapping Generations,13,,1945-7715,2021,TRUE,AEJMacro
AEJMacro-2018-0014,NA,10.1257/mac.20180014,AEJ:Macro,NA,American Economic Journal: Macroeconomics,2021-07-01,3,"Fewer but Better: Sudden Stops, Firm Entry, and Financial Selection",13,,1945-7715,2021,TRUE,AEJMacro
AEJMacro-2020-0073,NA,10.1257/mac.20200073,AEJ:Macro,NA,American Economic Journal: Macroeconomics,2022-01-01,1,Capital Controls for Crisis Management Policy in a Global Economy,14,,1945-7715,2022,TRUE,AEJMacro
AEJMacro-2020-0041,NA,10.1257/mac.20200041,AEJ:Macro,NA,American Economic Journal: Macroeconomics,2022-04-01,2,Asset Price Booms and Macroeconomic Policy: A Risk-Shifting Approach,14,,1945-7715,2022,TRUE,AEJMacro
AEJMacro-2020-0283,NA,10.1257/mac.20200283,AEJ:Macro,NA,American Economic Journal: Macroeconomics,2022-07-01,3,Cournot Fire Sales,14,,1945-7715,2022,TRUE,AEJMacro
AEJMacro-2020-0119,NA,10.1257/mac.20200119,AEJ:Macro,NA,American Economic Journal: Macroeconomics,2022-10-01,4,Neo-Fisherian Policies and Liquidity Traps,14,,1945-7715,2022,TRUE,AEJMacro
AEJMacro-2021-0333,NA,10.1257/mac.20210333,AEJ:Macro,NA,American Economic Journal: Macroeconomics,2023-04-01,2,Collective Moral Hazard and the Interbank Market,15,,1945-7715,2023,TRUE,AEJMacro
AEJMacro-2021-0101,NA,10.1257/mac.20210101,AEJ:Macro,NA,American Economic Journal: Macroeconomics,2023-10-01,4,Information Dynamics and Macro Fluctuations,15,,1945-7715,2023,TRUE,AEJMacro
AEJMacro-2021-0117,NA,10.1257/mac.20210117,AEJ:Macro,NA,American Economic Journal: Macroeconomics,2024-07-01,3,Optimal Foreign Reserves and Central Bank Policy under Financial Stress,16,,1945-7715,2024,TRUE,AEJMacro
AEJMicro-2015-0178,NA,10.1257/mic.20150178,AEJ:Micro,NA,American Economic Journal: Microeconomics,2018-02-01,1,Incomplete Disclosure: Evidence of Signaling and Countersignaling,10,,1945-7685,2018,TRUE,AEJMicro
AEJMicro-2016-0058,NA,10.1257/mic.20160058,AEJ:Micro,NA,American Economic Journal: Microeconomics,2018-02-01,1,"Partial Vertical Integration, Ownership Structure, and Foreclosure",10,,1945-7685,2018,TRUE,AEJMicro
AEJMicro-2013-0078,NA,10.1257/mic.20130078,AEJ:Micro,NA,American Economic Journal: Microeconomics,2018-02-01,1,Coarse Grades: Informing the Public by Withholding Information,10,,1945-7685,2018,TRUE,AEJMicro
AEJMicro-2015-0256,NA,10.1257/mic.20150256,AEJ:Micro,NA,American Economic Journal: Microeconomics,2018-02-01,1,Industry Dynamics of Offshoring: The Case of Hard Disk Drives,10,,1945-7685,2018,TRUE,AEJMicro
AEJMicro-2015-0272,NA,10.1257/mic.20150272,AEJ:Micro,NA,American Economic Journal: Microeconomics,2018-02-01,1,Product versus Process: Innovation Strategies of Multiproduct Firms,10,,1945-7685,2018,TRUE,AEJMicro
AEJMicro-2015-0343,NA,10.1257/mic.20150343,AEJ:Micro,NA,American Economic Journal: Microeconomics,2018-02-01,1,Revealed Preference with Limited Consideration,10,,1945-7685,2018,TRUE,AEJMicro
AEJMicro-2016-0046,NA,10.1257/mic.20160046,AEJ:Micro,NA,American Economic Journal: Microeconomics,2018-02-01,1,How Transparency Kills Information Aggregation: Theory and Experiment,10,,1945-7685,2018,TRUE,AEJMicro
AEJMicro-2016-0125,NA,10.1257/mic.20160125,AEJ:Micro,NA,American Economic Journal: Microeconomics,2018-02-01,1,Risk and Return in Village Economies,10,,1945-7685,2018,TRUE,AEJMicro
AEJMicro-2016-0178,NA,10.1257/mic.20160178,AEJ:Micro,NA,American Economic Journal: Microeconomics,2018-02-01,1,Honest Equilibria in Reputation Games: The Role of Time Preferences,10,,1945-7685,2018,TRUE,AEJMicro
AEJMicro-2016-0187,NA,10.1257/mic.20160187,AEJ:Micro,NA,American Economic Journal: Microeconomics,2018-02-01,1,Reverse Bayesianism: A Comment,10,,1945-7685,2018,TRUE,AEJMicro
AEJMicro-2016-0290,NA,10.1257/mic.20160290,AEJ:Micro,NA,American Economic Journal: Microeconomics,2018-05-01,2,A Theory of Indicative Bidding,10,,1945-7685,2018,TRUE,AEJMicro
AEJMicro-2014-0254,NA,10.1257/mic.20140254,AEJ:Micro,NA,American Economic Journal: Microeconomics,2018-05-01,2,Approximating the Cost-of-Living Index for a Storable Good,10,,1945-7685,2018,TRUE,AEJMicro
AEJMicro-2015-0168,NA,10.1257/mic.20150168,AEJ:Micro,NA,American Economic Journal: Microeconomics,2018-05-01,2,Revealed Preferences for Diamond Goods,10,,1945-7685,2018,TRUE,AEJMicro
AEJMicro-2016-0129,NA,10.1257/mic.20160129,AEJ:Micro,NA,American Economic Journal: Microeconomics,2018-05-01,2,Markets with Multidimensional Private Information,10,,1945-7685,2018,TRUE,AEJMicro
AEJMicro-2016-0252,NA,10.1257/mic.20160252,AEJ:Micro,NA,American Economic Journal: Microeconomics,2018-05-01,2,Revisiting the Relationship between Competition and Price Discrimination,10,,1945-7685,2018,TRUE,AEJMicro
AEJMicro-2016-0277,NA,10.1257/mic.20160277,AEJ:Micro,NA,American Economic Journal: Microeconomics,2018-05-01,2,Career Concerns and the Nature of Skills,10,,1945-7685,2018,TRUE,AEJMicro
AEJMicro-2016-0282,NA,10.1257/mic.20160282,AEJ:Micro,NA,American Economic Journal: Microeconomics,2018-05-01,2,Dynamic Certification and Reputation for Quality,10,,1945-7685,2018,TRUE,AEJMicro
AEJMicro-2016-0336,NA,10.1257/mic.20160336,AEJ:Micro,NA,American Economic Journal: Microeconomics,2018-05-01,2,Dynamic Noisy Signaling,10,,1945-7685,2018,TRUE,AEJMicro
AEJMicro-2016-0345,NA,10.1257/mic.20160345,AEJ:Micro,NA,American Economic Journal: Microeconomics,2018-05-01,2,A Mechanism for Eliciting Second-Order Beliefs and the Inclination to Choose,10,,1945-7685,2018,TRUE,AEJMicro
AEJMicro-2016-0382,NA,10.1257/mic.20160382,AEJ:Micro,NA,American Economic Journal: Microeconomics,2018-05-01,2,International Trade with Indirect Additivity,10,,1945-7685,2018,TRUE,AEJMicro
AEJMicro-2015-0307,NA,10.1257/mic.20150307,AEJ:Micro,NA,American Economic Journal: Microeconomics,2018-08-01,3,Electoral Accountability and Interdistrict Competition,10,,1945-7685,2018,TRUE,AEJMicro
AEJMicro-2016-0190,NA,10.1257/mic.20160190,AEJ:Micro,NA,American Economic Journal: Microeconomics,2018-08-01,3,Preferences and Social Influence,10,,1945-7685,2018,TRUE,AEJMicro
AEJMicro-2015-0147,NA,10.1257/mic.20150147,AEJ:Micro,NA,American Economic Journal: Microeconomics,2018-08-01,3,Two-Sided Investment and Matching with Multidimensional Cost Types and Attributes,10,,1945-7685,2018,TRUE,AEJMicro
AEJMicro-2015-0259,NA,10.1257/mic.20150259,AEJ:Micro,NA,American Economic Journal: Microeconomics,2018-08-01,3,A Pseudo-Market Approach to Allocation with Priorities,10,,1945-7685,2018,TRUE,AEJMicro
AEJMicro-2015-0283,NA,10.1257/mic.20150283,AEJ:Micro,NA,American Economic Journal: Microeconomics,2018-08-01,3,Matching with Moral Hazard: Assigning Attorneys to Poor Defendants,10,,1945-7685,2018,TRUE,AEJMicro
AEJMicro-2015-0309,NA,10.1257/mic.20150309,AEJ:Micro,NA,American Economic Journal: Microeconomics,2018-08-01,3,When to Confront: The Role of Patience,10,,1945-7685,2018,TRUE,AEJMicro
AEJMicro-2016-0230,NA,10.1257/mic.20160230,AEJ:Micro,NA,American Economic Journal: Microeconomics,2018-08-01,3,Contracts with Framing,10,,1945-7685,2018,TRUE,AEJMicro
AEJMicro-2016-0253,NA,10.1257/mic.20160253,AEJ:Micro,NA,American Economic Journal: Microeconomics,2018-08-01,3,Multiple Activities in Networks,10,,1945-7685,2018,TRUE,AEJMicro
AEJMicro-2016-0278,NA,10.1257/mic.20160278,AEJ:Micro,NA,American Economic Journal: Microeconomics,2018-08-01,3,Should First-Price Auctions Be Transparent?,10,,1945-7685,2018,TRUE,AEJMicro
AEJMicro-2016-0337,NA,10.1257/mic.20160337,AEJ:Micro,NA,American Economic Journal: Microeconomics,2018-08-01,3,Why Voting? A Welfare Analysis,10,,1945-7685,2018,TRUE,AEJMicro
AEJMicro-2016-0247,NA,10.1257/mic.20160247,AEJ:Micro,NA,American Economic Journal: Microeconomics,2018-11-01,4,Disclosure to a Psychological Audience,10,,1945-7685,2018,TRUE,AEJMicro
AEJMicro-2015-0235,NA,10.1257/mic.20150235,AEJ:Micro,NA,American Economic Journal: Microeconomics,2018-11-01,4,"Choice, Consideration Sets, and Attribute Filters",10,,1945-7685,2018,TRUE,AEJMicro
AEJMicro-2015-0240,NA,10.1257/mic.20150240,AEJ:Micro,NA,American Economic Journal: Microeconomics,2018-11-01,4,Sophisticated Bidders in Beauty-Contest Auctions,10,,1945-7685,2018,TRUE,AEJMicro
AEJMicro-2015-0242,NA,10.1257/mic.20150242,AEJ:Micro,NA,American Economic Journal: Microeconomics,2018-11-01,4,Political Kludges,10,,1945-7685,2018,TRUE,AEJMicro
AEJMicro-2016-0141,NA,10.1257/mic.20160141,AEJ:Micro,NA,American Economic Journal: Microeconomics,2018-11-01,4,Majority Choice of an Income-Targeted Educational Voucher,10,,1945-7685,2018,TRUE,AEJMicro
AEJMicro-2016-0222,NA,10.1257/mic.20160222,AEJ:Micro,NA,American Economic Journal: Microeconomics,2018-11-01,4,A Foundation for Efficiency Wage Contracts,10,,1945-7685,2018,TRUE,AEJMicro
AEJMicro-2016-0237,NA,10.1257/mic.20160237,AEJ:Micro,NA,American Economic Journal: Microeconomics,2018-11-01,4,A Theory of Organizational Dynamics: Internal Politics and Efficiency,10,,1945-7685,2018,TRUE,AEJMicro
AEJMicro-2016-0309,NA,10.1257/mic.20160309,AEJ:Micro,NA,American Economic Journal: Microeconomics,2018-11-01,4,Trading across Borders in Online Auctions,10,,1945-7685,2018,TRUE,AEJMicro
AEJMicro-2016-0326,NA,10.1257/mic.20160326,AEJ:Micro,NA,American Economic Journal: Microeconomics,2018-11-01,4,Cartels Uncovered,10,,1945-7685,2018,TRUE,AEJMicro
AEJMicro-2017-0119,NA,10.1257/mic.20170119,AEJ:Micro,NA,American Economic Journal: Microeconomics,2018-11-01,4,Satisfaction Guaranteed: When Moral Hazard Meets Moral Preferences,10,,1945-7685,2018,TRUE,AEJMicro
AEJMicro-2016-0359,NA,10.1257/mic.20160359,AEJ:Micro,NA,American Economic Journal: Microeconomics,2019-02-01,1,The Risk of Failure: Trial and Error Learning and Long-Run Performance,11,,1945-7685,2019,TRUE,AEJMicro
AEJMicro-2016-0202,NA,10.1257/mic.20160202,AEJ:Micro,NA,American Economic Journal: Microeconomics,2019-02-01,1,Impressionable Voters,11,,1945-7685,2019,TRUE,AEJMicro
AEJMicro-2016-0220,NA,10.1257/mic.20160220,AEJ:Micro,NA,American Economic Journal: Microeconomics,2019-02-01,1,The Evolution of Cooperation: The Role of Costly Strategy Adjustments,11,,1945-7685,2019,TRUE,AEJMicro
AEJMicro-2016-0304,NA,10.1257/mic.20160304,AEJ:Micro,NA,American Economic Journal: Microeconomics,2019-02-01,1,"The Impact of Monitoring in Infinitely Repeated Games: Perfect, Public, and Private",11,,1945-7685,2019,TRUE,AEJMicro
AEJMicro-2016-0347,NA,10.1257/mic.20160347,AEJ:Micro,NA,American Economic Journal: Microeconomics,2019-02-01,1,"Make and Buy: Outsourcing, Vertical Integration, and Cost Reduction",11,,1945-7685,2019,TRUE,AEJMicro
AEJMicro-2016-0350,NA,10.1257/mic.20160350,AEJ:Micro,NA,American Economic Journal: Microeconomics,2019-02-01,1,"Market Share Contracts, Exclusive Dealing, and the Integer Problem",11,,1945-7685,2019,TRUE,AEJMicro
AEJMicro-2017-0039,NA,10.1257/mic.20170039,AEJ:Micro,NA,American Economic Journal: Microeconomics,2019-02-01,1,Competition in Treasury Auctions,11,,1945-7685,2019,TRUE,AEJMicro
AEJMicro-2017-0130,NA,10.1257/mic.20170130,AEJ:Micro,NA,American Economic Journal: Microeconomics,2019-02-01,1,Zone Pricing in Retail Oligopoly,11,,1945-7685,2019,TRUE,AEJMicro
AEJMicro-2017-0217,NA,10.1257/mic.20170217,AEJ:Micro,NA,American Economic Journal: Microeconomics,2019-02-01,1,Collective Choice in Dynamic Public Good Provision,11,,1945-7685,2019,TRUE,AEJMicro
AEJMicro-2017-0271,NA,10.1257/mic.20170271,AEJ:Micro,NA,American Economic Journal: Microeconomics,2019-02-01,1,Randomizing Endowments: An Experimental Study of Rational Expectations and Reference-Dependent Preferences,11,,1945-7685,2019,TRUE,AEJMicro
AEJMicro-2016-0332,NA,10.1257/mic.20160332,AEJ:Micro,NA,American Economic Journal: Microeconomics,2019-05-01,2,Switching Costs and Competition in Retirement Investment,11,,1945-7685,2019,TRUE,AEJMicro
AEJMicro-2017-0007,NA,10.1257/mic.20170007,AEJ:Micro,NA,American Economic Journal: Microeconomics,2019-05-01,2,Behavioral Economics and the Atheoretical Style,11,,1945-7685,2019,TRUE,AEJMicro
AEJMicro-2017-0076,NA,10.1257/mic.20170076,AEJ:Micro,NA,American Economic Journal: Microeconomics,2019-05-01,2,Strategic Ignorance in Sequential Procurement,11,,1945-7685,2019,TRUE,AEJMicro
AEJMicro-2017-0077,NA,10.1257/mic.20170077,AEJ:Micro,NA,American Economic Journal: Microeconomics,2019-05-01,2,Strategic Performance of Deferred Acceptance in Dynamic Matching Problems,11,,1945-7685,2019,TRUE,AEJMicro
AEJMicro-2017-0110,NA,10.1257/mic.20170110,AEJ:Micro,NA,American Economic Journal: Microeconomics,2019-05-01,2,Who Benefits from Information Disclosure? The Case of Retail Gasoline,11,,1945-7685,2019,TRUE,AEJMicro
AEJMicro-2017-0154,NA,10.1257/mic.20170154,AEJ:Micro,NA,American Economic Journal: Microeconomics,2019-05-01,2,Cream Skimming and Information Design in Matching Markets,11,,1945-7685,2019,TRUE,AEJMicro
AEJMicro-2017-0158,NA,10.1257/mic.20170158,AEJ:Micro,NA,American Economic Journal: Microeconomics,2019-05-01,2,The Comparative Statics of Optimal Hierarchies,11,,1945-7685,2019,TRUE,AEJMicro
AEJMicro-2017-0181,NA,10.1257/mic.20170181,AEJ:Micro,NA,American Economic Journal: Microeconomics,2019-05-01,2,Policies in Relational Contracts,11,,1945-7685,2019,TRUE,AEJMicro
AEJMicro-2017-0189,NA,10.1257/mic.20170189,AEJ:Micro,NA,American Economic Journal: Microeconomics,2019-05-01,2,"Multiple Lenders, Strategic Default, and Covenants",11,,1945-7685,2019,TRUE,AEJMicro
AEJMicro-2017-0280,NA,10.1257/mic.20170280,AEJ:Micro,NA,American Economic Journal: Microeconomics,2019-05-01,2,"Partners or Strangers? Cooperation, Monetary Trade, and the Choice of Scale of Interaction",11,,1945-7685,2019,TRUE,AEJMicro
AEJMicro-2017-0100,NA,10.1257/mic.20170100,AEJ:Micro,NA,American Economic Journal: Microeconomics,2019-08-01,3,Copyright and Generic Entry in Book Publishing,11,,1945-7685,2019,TRUE,AEJMicro
AEJMicro-2017-0126,NA,10.1257/mic.20170126,AEJ:Micro,NA,American Economic Journal: Microeconomics,2019-08-01,3,Relative Price Dispersion: Evidence and Theory,11,,1945-7685,2019,TRUE,AEJMicro
AEJMicro-2016-0257,NA,10.1257/mic.20160257,AEJ:Micro,NA,American Economic Journal: Microeconomics,2019-08-01,3,Laboratories of Democracy: Policy Experimentation under Decentralization,11,,1945-7685,2019,TRUE,AEJMicro
AEJMicro-2017-0085,NA,10.1257/mic.20170085,AEJ:Micro,NA,American Economic Journal: Microeconomics,2019-08-01,3,Coercive Trade Policy,11,,1945-7685,2019,TRUE,AEJMicro
AEJMicro-2017-0112,NA,10.1257/mic.20170112,AEJ:Micro,NA,American Economic Journal: Microeconomics,2019-08-01,3,An Experimental Comparison of Risky and Riskless Choice—Limitations of Prospect Theory and Expected Utility Theory,11,,1945-7685,2019,TRUE,AEJMicro
AEJMicro-2017-0115,NA,10.1257/mic.20170115,AEJ:Micro,NA,American Economic Journal: Microeconomics,2019-08-01,3,Two-Sided Matching with (Almost) One-Sided Preferences,11,,1945-7685,2019,TRUE,AEJMicro
AEJMicro-2017-0131,NA,10.1257/mic.20170131,AEJ:Micro,NA,American Economic Journal: Microeconomics,2019-08-01,3,Dominance and Competitive Bundling,11,,1945-7685,2019,TRUE,AEJMicro
AEJMicro-2017-0192,NA,10.1257/mic.20170192,AEJ:Micro,NA,American Economic Journal: Microeconomics,2019-08-01,3,Cadet-Branch Matching in a Kelso-Crawford Economy,11,,1945-7685,2019,TRUE,AEJMicro
AEJMicro-2017-0306,NA,10.1257/mic.20170306,AEJ:Micro,NA,American Economic Journal: Microeconomics,2019-08-01,3,Newspapers in Times of Low Advertising Revenues,11,,1945-7685,2019,TRUE,AEJMicro
AEJMicro-2017-0322,NA,10.1257/mic.20170322,AEJ:Micro,NA,American Economic Journal: Microeconomics,2019-08-01,3,"Multidimensional Reasoning in Games: Framework, Equilibrium, and Applications",11,,1945-7685,2019,TRUE,AEJMicro
AEJMicro-2018-0040,NA,10.1257/mic.20180040,AEJ:Micro,NA,American Economic Journal: Microeconomics,2019-11-01,4,When Demand Increases Cause Shakeouts,11,,1945-7685,2019,TRUE,AEJMicro
AEJMicro-2016-0217,NA,10.1257/mic.20160217,AEJ:Micro,NA,American Economic Journal: Microeconomics,2019-11-01,4,Teamwork as a Self-Disciplining Device,11,,1945-7685,2019,TRUE,AEJMicro
AEJMicro-2017-0025,NA,10.1257/mic.20170025,AEJ:Micro,NA,American Economic Journal: Microeconomics,2019-11-01,4,Dynamic Non-monetary Incentives,11,,1945-7685,2019,TRUE,AEJMicro
AEJMicro-2017-0193,NA,10.1257/mic.20170193,AEJ:Micro,NA,American Economic Journal: Microeconomics,2019-11-01,4,Disguising Lies—Image Concerns and Partial Lying in Cheating Games,11,,1945-7685,2019,TRUE,AEJMicro
AEJMicro-2017-0294,NA,10.1257/mic.20170294,AEJ:Micro,NA,American Economic Journal: Microeconomics,2019-11-01,4,Relational Contracts with Private Information on the Future Value of the Relationship: The Upside of Implicit Downsizing Costs,11,,1945-7685,2019,TRUE,AEJMicro
AEJMicro-2017-0351,NA,10.1257/mic.20170351,AEJ:Micro,NA,American Economic Journal: Microeconomics,2019-11-01,4,Information Design,11,,1945-7685,2019,TRUE,AEJMicro
AEJMicro-2017-0389,NA,10.1257/mic.20170389,AEJ:Micro,NA,American Economic Journal: Microeconomics,2019-11-01,4,Trust the Police? Self-Selection of Motivated Agents into the German Police Force,11,,1945-7685,2019,TRUE,AEJMicro
AEJMicro-2018-0317,NA,10.1257/mic.20180317,AEJ:Micro,NA,American Economic Journal: Microeconomics,2019-11-01,4,Learning Theory and Heterogeneous Play in a Signaling-Game Experiment,11,,1945-7685,2019,TRUE,AEJMicro
AEJMicro-2015-0216,NA,10.1257/mic.20150216,AEJ:Micro,NA,American Economic Journal: Microeconomics,2020-02-01,1,Mutually Consistent Revealed Preference Demand Predictions,12,,1945-7685,2020,TRUE,AEJMicro
AEJMicro-2017-0336,NA,10.1257/mic.20170336,AEJ:Micro,NA,American Economic Journal: Microeconomics,2020-02-01,1,Within-Industry Specialization and Global Market Power,12,,1945-7685,2020,TRUE,AEJMicro
AEJMicro-2017-0411,NA,10.1257/mic.20170411,AEJ:Micro,NA,American Economic Journal: Microeconomics,2020-02-01,1,Experimenting with Career Concerns,12,,1945-7685,2020,TRUE,AEJMicro
AEJMicro-2018-0155,NA,10.1257/mic.20180155,AEJ:Micro,NA,American Economic Journal: Microeconomics,2020-02-01,1,One Markup to Rule Them All: Taxation by Liquor Pricing Regulation,12,,1945-7685,2020,TRUE,AEJMicro
AEJMicro-2018-0231,NA,10.1257/mic.20180231,AEJ:Micro,NA,American Economic Journal: Microeconomics,2020-02-01,1,Credibility of Crime Allegations,12,,1945-7685,2020,TRUE,AEJMicro
AEJMicro-2018-0285,NA,10.1257/mic.20180285,AEJ:Micro,NA,American Economic Journal: Microeconomics,2020-02-01,1,Promotion Signaling and Human Capital Investments,12,,1945-7685,2020,TRUE,AEJMicro
AEJMicro-2018-0315,NA,10.1257/mic.20180315,AEJ:Micro,NA,American Economic Journal: Microeconomics,2020-02-01,1,Searching for Service,12,,1945-7685,2020,TRUE,AEJMicro
AEJMicro-2017-0183,NA,10.1257/mic.20170183,AEJ:Micro,NA,American Economic Journal: Microeconomics,2020-05-01,2,The Economics of Crowdfunding,12,,1945-7685,2020,TRUE,AEJMicro
AEJMicro-2017-0400,NA,10.1257/mic.20170400,AEJ:Micro,NA,American Economic Journal: Microeconomics,2020-05-01,2,Biased-Belief Equilibrium,12,,1945-7685,2020,TRUE,AEJMicro
AEJMicro-2018-0056,NA,10.1257/mic.20180056,AEJ:Micro,NA,American Economic Journal: Microeconomics,2020-05-01,2,Regulatory Competition and the Market for Corporate Law,12,,1945-7685,2020,TRUE,AEJMicro
AEJMicro-2018-0077,NA,10.1257/mic.20180077,AEJ:Micro,NA,American Economic Journal: Microeconomics,2020-05-01,2,Revealed Preference Implications of Backward Induction and Subgame Perfection,12,,1945-7685,2020,TRUE,AEJMicro
AEJMicro-2018-0182,NA,10.1257/mic.20180182,AEJ:Micro,NA,American Economic Journal: Microeconomics,2020-05-01,2,"Competition, Product Proliferation, and Welfare: A Study of the US Smartphone Market",12,,1945-7685,2020,TRUE,AEJMicro
AEJMicro-2018-0293,NA,10.1257/mic.20180293,AEJ:Micro,NA,American Economic Journal: Microeconomics,2020-05-01,2,Digitizing Disclosure: The Case of Restaurant Hygiene Scores,12,,1945-7685,2020,TRUE,AEJMicro
AEJMicro-2018-0302,NA,10.1257/mic.20180302,AEJ:Micro,NA,American Economic Journal: Microeconomics,2020-05-01,2,Incomplete Information Games with Ambiguity Averse Players,12,,1945-7685,2020,TRUE,AEJMicro
AEJMicro-2019-0132,NA,10.1257/mic.20190132,AEJ:Micro,NA,American Economic Journal: Microeconomics,2020-05-01,2,Job Insecurity,12,,1945-7685,2020,TRUE,AEJMicro
AEJMicro-2016-0250,NA,10.1257/mic.20160250,AEJ:Micro,NA,American Economic Journal: Microeconomics,2020-08-01,3,Imitation Perfection—A Simple Rule to Prevent Discrimination in Procurement,12,,1945-7685,2020,TRUE,AEJMicro
AEJMicro-2017-0102,NA,10.1257/mic.20170102,AEJ:Micro,NA,American Economic Journal: Microeconomics,2020-08-01,3,History-Bound Reelections,12,,1945-7685,2020,TRUE,AEJMicro
AEJMicro-2017-0226,NA,10.1257/mic.20170226,AEJ:Micro,NA,American Economic Journal: Microeconomics,2020-08-01,3,Pricing Network Effects: Competition,12,,1945-7685,2020,TRUE,AEJMicro
AEJMicro-2018-0052,NA,10.1257/mic.20180052,AEJ:Micro,NA,American Economic Journal: Microeconomics,2020-08-01,3,Image versus Information: Changing Societal Norms and Optimal Privacy,12,,1945-7685,2020,TRUE,AEJMicro
AEJMicro-2018-0299,NA,10.1257/mic.20180299,AEJ:Micro,NA,American Economic Journal: Microeconomics,2020-08-01,3,Voting and Contributing when the Group Is Watching,12,,1945-7685,2020,TRUE,AEJMicro
AEJMicro-2019-0204,NA,10.1257/mic.20190204,AEJ:Micro,NA,American Economic Journal: Microeconomics,2020-08-01,3,Matching in Networks with Bilateral Contracts: Corrigendum,12,,1945-7685,2020,TRUE,AEJMicro
AEJMicro-2018-0038,NA,10.1257/mic.20180038,AEJ:Micro,NA,American Economic Journal: Microeconomics,2020-11-01,4,The Importance of Commitment Power in Games with Imperfect Evidence,12,,1945-7685,2020,TRUE,AEJMicro
AEJMicro-2018-0107,NA,10.1257/mic.20180107,AEJ:Micro,NA,American Economic Journal: Microeconomics,2020-11-01,4,Hybrid All-Pay and Winner-Pay Contests,12,,1945-7685,2020,TRUE,AEJMicro
AEJMicro-2018-0129,NA,10.1257/mic.20180129,AEJ:Micro,NA,American Economic Journal: Microeconomics,2020-11-01,4,Informational Cycles in Search Markets,12,,1945-7685,2020,TRUE,AEJMicro
AEJMicro-2018-0220,NA,10.1257/mic.20180220,AEJ:Micro,NA,American Economic Journal: Microeconomics,2020-11-01,4,Codiffusion of Technologies in Social Networks,12,,1945-7685,2020,TRUE,AEJMicro
AEJMicro-2018-0225,NA,10.1257/mic.20180225,AEJ:Micro,NA,American Economic Journal: Microeconomics,2020-11-01,4,The Value of Incumbency When Platforms Face Heterogeneous Customers,12,,1945-7685,2020,TRUE,AEJMicro
AEJMicro-2018-0263,NA,10.1257/mic.20180263,AEJ:Micro,NA,American Economic Journal: Microeconomics,2020-11-01,4,Designing Dynamic Research Contests,12,,1945-7685,2020,TRUE,AEJMicro
AEJMicro-2017-0152,NA,10.1257/mic.20170152,AEJ:Micro,NA,American Economic Journal: Microeconomics,2021-02-01,1,A Generalized Model of Advertised Sales,13,,1945-7685,2021,TRUE,AEJMicro
AEJMicro-2017-0187,NA,10.1257/mic.20170187,AEJ:Micro,NA,American Economic Journal: Microeconomics,2021-02-01,1,Strategic Experimentation with Congestion,13,,1945-7685,2021,TRUE,AEJMicro
AEJMicro-2018-0065,NA,10.1257/mic.20180065,AEJ:Micro,NA,American Economic Journal: Microeconomics,2021-02-01,1,Sequential Preference Revelation in Incomplete Information Settings,13,,1945-7685,2021,TRUE,AEJMicro
AEJMicro-2018-0143,NA,10.1257/mic.20180143,AEJ:Micro,NA,American Economic Journal: Microeconomics,2021-02-01,1,Social Clubs and Social Networks,13,,1945-7685,2021,TRUE,AEJMicro
AEJMicro-2018-0184,NA,10.1257/mic.20180184,AEJ:Micro,NA,American Economic Journal: Microeconomics,2021-02-01,1,Full Implementation under Ambiguity,13,,1945-7685,2021,TRUE,AEJMicro
AEJMicro-2018-0234,NA,10.1257/mic.20180234,AEJ:Micro,NA,American Economic Journal: Microeconomics,2021-02-01,1,A Leverage Theory of Tying in Two-Sided Markets with Nonnegative Price Constraints,13,,1945-7685,2021,TRUE,AEJMicro
AEJMicro-2018-0240,NA,10.1257/mic.20180240,AEJ:Micro,NA,American Economic Journal: Microeconomics,2021-02-01,1,Prediction: The Long and the Short of It,13,,1945-7685,2021,TRUE,AEJMicro
AEJMicro-2018-0245,NA,10.1257/mic.20180245,AEJ:Micro,NA,American Economic Journal: Microeconomics,2021-02-01,1,Liability Insurance: Equilibrium Contracts under Monopoly and Competition,13,,1945-7685,2021,TRUE,AEJMicro
AEJMicro-2017-0234,NA,10.1257/mic.20170234,AEJ:Micro,NA,American Economic Journal: Microeconomics,2021-05-01,2,Fair Utilitarianism,13,,1945-7685,2021,TRUE,AEJMicro
AEJMicro-2017-0270,NA,10.1257/mic.20170270,AEJ:Micro,NA,American Economic Journal: Microeconomics,2021-05-01,2,Revealing Naïveté and Sophistication from Procrastination and Preproperation,13,,1945-7685,2021,TRUE,AEJMicro
AEJMicro-2018-0170,NA,10.1257/mic.20180170,AEJ:Micro,NA,American Economic Journal: Microeconomics,2021-05-01,2,"Fees, Reputation, and Information Production in the Credit Rating Industry",13,,1945-7685,2021,TRUE,AEJMicro
AEJMicro-2018-0272,NA,10.1257/mic.20180272,AEJ:Micro,NA,American Economic Journal: Microeconomics,2021-05-01,2,Coordinating Public Good Provision by Mediated Communication,13,,1945-7685,2021,TRUE,AEJMicro
AEJMicro-2018-0301,NA,10.1257/mic.20180301,AEJ:Micro,NA,American Economic Journal: Microeconomics,2021-05-01,2,Exponential Satisficing,13,,1945-7685,2021,TRUE,AEJMicro
AEJMicro-2018-0326,NA,10.1257/mic.20180326,AEJ:Micro,NA,American Economic Journal: Microeconomics,2021-08-01,3,Experimentation with Self-Serving Attribution Biases,13,,1945-7685,2021,TRUE,AEJMicro
AEJMicro-2018-0339,NA,10.1257/mic.20180339,AEJ:Micro,NA,American Economic Journal: Microeconomics,2021-08-01,3,Vertical Agreements and User Access,13,,1945-7685,2021,TRUE,AEJMicro
AEJMicro-2018-0344,NA,10.1257/mic.20180344,AEJ:Micro,NA,American Economic Journal: Microeconomics,2021-08-01,3,Utilitarian Aggregation with Heterogeneous Beliefs,13,,1945-7685,2021,TRUE,AEJMicro
AEJMicro-2018-0359,NA,10.1257/mic.20180359,AEJ:Micro,NA,American Economic Journal: Microeconomics,2021-08-01,3,"Communities, Co-ops, and Clubs: Social Capital and Incentives in Large Collective Organizations",13,,1945-7685,2021,TRUE,AEJMicro
AEJMicro-2019-0019,NA,10.1257/mic.20190019,AEJ:Micro,NA,American Economic Journal: Microeconomics,2021-08-01,3,A Bargaining-Based Model of Security Design,13,,1945-7685,2021,TRUE,AEJMicro
AEJMicro-2019-0025,NA,10.1257/mic.20190025,AEJ:Micro,NA,American Economic Journal: Microeconomics,2021-08-01,3,Managerial Style and Attention,13,,1945-7685,2021,TRUE,AEJMicro
AEJMicro-2019-0114,NA,10.1257/mic.20190114,AEJ:Micro,NA,American Economic Journal: Microeconomics,2021-11-01,4,Orchestrating Information Acquisition,13,,1945-7685,2021,TRUE,AEJMicro
AEJMicro-2019-0008,NA,10.1257/mic.20190008,AEJ:Micro,NA,American Economic Journal: Microeconomics,2021-11-01,4,A Delegation-Based Theory of Expertise,13,,1945-7685,2021,TRUE,AEJMicro
AEJMicro-2019-0091,NA,10.1257/mic.20190091,AEJ:Micro,NA,American Economic Journal: Microeconomics,2021-11-01,4,"Fair Social Ordering, Egalitarianism, and Animal Welfare",13,,1945-7685,2021,TRUE,AEJMicro
AEJMicro-2019-0111,NA,10.1257/mic.20190111,AEJ:Micro,NA,American Economic Journal: Microeconomics,2021-11-01,4,"Inequality, Bipolarization, and Tax Progressivity",13,,1945-7685,2021,TRUE,AEJMicro
AEJMicro-2020-0039,NA,10.1257/mic.20200039,AEJ:Micro,NA,American Economic Journal: Microeconomics,2021-11-01,4,"Prosecutor Quality, Witness Participation, Crime, and Reform",13,,1945-7685,2021,TRUE,AEJMicro
AEJMicro-2020-0050,NA,10.1257/mic.20200050,AEJ:Micro,NA,American Economic Journal: Microeconomics,2021-11-01,4,The Market for Online Influence,13,,1945-7685,2021,TRUE,AEJMicro
AEJMicro-2018-0313,NA,10.1257/mic.20180313,AEJ:Micro,NA,American Economic Journal: Microeconomics,2022-02-01,1,Trust Building in Credence Goods Markets,14,,1945-7685,2022,TRUE,AEJMicro
AEJMicro-2019-0089,NA,10.1257/mic.20190089,AEJ:Micro,NA,American Economic Journal: Microeconomics,2022-02-01,1,Negotiations with Limited Specifiability,14,,1945-7685,2022,TRUE,AEJMicro
AEJMicro-2019-0125,NA,10.1257/mic.20190125,AEJ:Micro,NA,American Economic Journal: Microeconomics,2022-02-01,1,Paths to the Frontier,14,,1945-7685,2022,TRUE,AEJMicro
AEJMicro-2019-0133,NA,10.1257/mic.20190133,AEJ:Micro,NA,American Economic Journal: Microeconomics,2022-02-01,1,Which Findings Should Be Published?,14,,1945-7685,2022,TRUE,AEJMicro
AEJMicro-2019-0187,NA,10.1257/mic.20190187,AEJ:Micro,NA,American Economic Journal: Microeconomics,2022-02-01,1,Regulating Product Communication,14,,1945-7685,2022,TRUE,AEJMicro
AEJMicro-2019-0203,NA,10.1257/mic.20190203,AEJ:Micro,NA,American Economic Journal: Microeconomics,2022-02-01,1,Learning in Relational Contracts,14,,1945-7685,2022,TRUE,AEJMicro
AEJMicro-2019-0234,NA,10.1257/mic.20190234,AEJ:Micro,NA,American Economic Journal: Microeconomics,2022-02-01,1,Showing Off or Laying Low? The Economics of Psych-outs,14,,1945-7685,2022,TRUE,AEJMicro
AEJMicro-2019-0295,NA,10.1257/mic.20190295,AEJ:Micro,NA,American Economic Journal: Microeconomics,2022-02-01,1,How Bayesian Persuasion Can Help Reduce Illegal Parking and Other Socially Undesirable Behavior,14,,1945-7685,2022,TRUE,AEJMicro
AEJMicro-2019-0218,NA,10.1257/mic.20190218,AEJ:Micro,NA,American Economic Journal: Microeconomics,2022-05-01,2,False Positives and Transparency,14,,1945-7685,2022,TRUE,AEJMicro
AEJMicro-2019-0262,NA,10.1257/mic.20190262,AEJ:Micro,NA,American Economic Journal: Microeconomics,2022-05-01,2,Preference Conditions for Invertible Demand Functions,14,,1945-7685,2022,TRUE,AEJMicro
AEJMicro-2019-0296,NA,10.1257/mic.20190296,AEJ:Micro,NA,American Economic Journal: Microeconomics,2022-05-01,2,Tractable Model of Dynamic Many-to-Many Matching,14,,1945-7685,2022,TRUE,AEJMicro
AEJMicro-2019-0337,NA,10.1257/mic.20190337,AEJ:Micro,NA,American Economic Journal: Microeconomics,2022-05-01,2,Optimal Nonlinear Pricing by a Dominant Firm under Competition,14,,1945-7685,2022,TRUE,AEJMicro
AEJMicro-2019-0338,NA,10.1257/mic.20190338,AEJ:Micro,NA,American Economic Journal: Microeconomics,2022-05-01,2,"Transforming Ordinal Riskless Utility into Cardinal Risky Utility: A Comment on Chung, Glimcher, and Tymula (2019)",14,,1945-7685,2022,TRUE,AEJMicro
AEJMicro-2019-0369,NA,10.1257/mic.20190369,AEJ:Micro,NA,American Economic Journal: Microeconomics,2022-05-01,2,Second-Degree Price Discrimination by a Two-Sided Monopoly Platform,14,,1945-7685,2022,TRUE,AEJMicro
AEJMicro-2019-0372,NA,10.1257/mic.20190372,AEJ:Micro,NA,American Economic Journal: Microeconomics,2022-05-01,2,Group Hug: Platform Competition with User Groups,14,,1945-7685,2022,TRUE,AEJMicro
AEJMicro-2019-0379,NA,10.1257/mic.20190379,AEJ:Micro,NA,American Economic Journal: Microeconomics,2022-05-01,2,Bad News Turned Good: Reversal under Censorship,14,,1945-7685,2022,TRUE,AEJMicro
AEJMicro-2020-0134,NA,10.1257/mic.20200134,AEJ:Micro,NA,American Economic Journal: Microeconomics,2022-08-01,3,Attention Oligopoly,14,,1945-7685,2022,TRUE,AEJMicro
AEJMicro-2017-0139,NA,10.1257/mic.20170139,AEJ:Micro,NA,American Economic Journal: Microeconomics,2022-08-01,3,Strategic Teaching and Learning in Games,14,,1945-7685,2022,TRUE,AEJMicro
AEJMicro-2019-0059,NA,10.1257/mic.20190059,AEJ:Micro,NA,American Economic Journal: Microeconomics,2022-08-01,3,"Acquisition, Aggregation, and Sharing of Information in Sequential-Move Aggregative Games",14,,1945-7685,2022,TRUE,AEJMicro
AEJMicro-2019-0339,NA,10.1257/mic.20190339,AEJ:Micro,NA,American Economic Journal: Microeconomics,2022-08-01,3,A Theory of Crime and Vigilance,14,,1945-7685,2022,TRUE,AEJMicro
AEJMicro-2020-0020,NA,10.1257/mic.20200020,AEJ:Micro,NA,American Economic Journal: Microeconomics,2022-08-01,3,Searching Forever After,14,,1945-7685,2022,TRUE,AEJMicro
AEJMicro-2020-0027,NA,10.1257/mic.20200027,AEJ:Micro,NA,American Economic Journal: Microeconomics,2022-08-01,3,Competitive Information Disclosure to an Auctioneer,14,,1945-7685,2022,TRUE,AEJMicro
AEJMicro-2020-0041,NA,10.1257/mic.20200041,AEJ:Micro,NA,American Economic Journal: Microeconomics,2022-08-01,3,Political Competition with Endogenous Party Formation and Citizen Activists,14,,1945-7685,2022,TRUE,AEJMicro
AEJMicro-2020-0059,NA,10.1257/mic.20200059,AEJ:Micro,NA,American Economic Journal: Microeconomics,2022-08-01,3,Class Actions and Private Antitrust Litigation,14,,1945-7685,2022,TRUE,AEJMicro
AEJMicro-2020-0070,NA,10.1257/mic.20200070,AEJ:Micro,NA,American Economic Journal: Microeconomics,2022-08-01,3,Experience Goods and Consumer Search,14,,1945-7685,2022,TRUE,AEJMicro
AEJMicro-2020-0106,NA,10.1257/mic.20200106,AEJ:Micro,NA,American Economic Journal: Microeconomics,2022-08-01,3,Learning in Games and the Interpretation of Natural Experiments,14,,1945-7685,2022,TRUE,AEJMicro
AEJMicro-2020-0111,NA,10.1257/mic.20200111,AEJ:Micro,NA,American Economic Journal: Microeconomics,2022-08-01,3,The Focal Luce Model,14,,1945-7685,2022,TRUE,AEJMicro
AEJMicro-2020-0115,NA,10.1257/mic.20200115,AEJ:Micro,NA,American Economic Journal: Microeconomics,2022-08-01,3,Investment and Information Acquisition,14,,1945-7685,2022,TRUE,AEJMicro
AEJMicro-2020-0121,NA,10.1257/mic.20200121,AEJ:Micro,NA,American Economic Journal: Microeconomics,2022-08-01,3,Substitution Effects in Intertemporal Problems,14,,1945-7685,2022,TRUE,AEJMicro
AEJMicro-2020-0138,NA,10.1257/mic.20200138,AEJ:Micro,NA,American Economic Journal: Microeconomics,2022-11-01,4,A Theory of One-Size-Fits-All Recommendations,14,,1945-7685,2022,TRUE,AEJMicro
AEJMicro-2020-0230,NA,10.1257/mic.20200230,AEJ:Micro,NA,American Economic Journal: Microeconomics,2022-11-01,4,Disclosure and Favoritism in Sequential Elimination Contests,14,,1945-7685,2022,TRUE,AEJMicro
AEJMicro-2020-0148,NA,10.1257/mic.20200148,AEJ:Micro,NA,American Economic Journal: Microeconomics,2022-11-01,4,Robust Minimal Instability of the Top Trading Cycles Mechanism,14,,1945-7685,2022,TRUE,AEJMicro
AEJMicro-2020-0171,NA,10.1257/mic.20200171,AEJ:Micro,NA,American Economic Journal: Microeconomics,2022-11-01,4,Sequential Screening with Type-Enhancing Investment,14,,1945-7685,2022,TRUE,AEJMicro
AEJMicro-2020-0174,NA,10.1257/mic.20200174,AEJ:Micro,NA,American Economic Journal: Microeconomics,2022-11-01,4,On the Foundations of Ex Post Incentive-Compatible Mechanisms,14,,1945-7685,2022,TRUE,AEJMicro
AEJMicro-2020-0186,NA,10.1257/mic.20200186,AEJ:Micro,NA,American Economic Journal: Microeconomics,2022-11-01,4,Accountability and Grand Corruption,14,,1945-7685,2022,TRUE,AEJMicro
AEJMicro-2020-0200,NA,10.1257/mic.20200200,AEJ:Micro,NA,American Economic Journal: Microeconomics,2022-11-01,4,Too Much Data: Prices and Inefficiencies in Data Markets,14,,1945-7685,2022,TRUE,AEJMicro
AEJMicro-2020-0206,NA,10.1257/mic.20200206,AEJ:Micro,NA,American Economic Journal: Microeconomics,2022-11-01,4,Deposit Requirements in Auctions,14,,1945-7685,2022,TRUE,AEJMicro
AEJMicro-2020-0215,NA,10.1257/mic.20200215,AEJ:Micro,NA,American Economic Journal: Microeconomics,2022-11-01,4,What Should a Firm Know? Protecting Consumers’ Privacy Rents,14,,1945-7685,2022,TRUE,AEJMicro
AEJMicro-2020-0218,NA,10.1257/mic.20200218,AEJ:Micro,NA,American Economic Journal: Microeconomics,2022-11-01,4,Reporting Sexual Misconduct in the #MeToo Era,14,,1945-7685,2022,TRUE,AEJMicro
AEJMicro-2020-0227,NA,10.1257/mic.20200227,AEJ:Micro,NA,American Economic Journal: Microeconomics,2022-11-01,4,Transition Dynamics in Equilibrium Search,14,,1945-7685,2022,TRUE,AEJMicro
AEJMicro-2020-0284,NA,10.1257/mic.20200284,AEJ:Micro,NA,American Economic Journal: Microeconomics,2022-11-01,4,Screening Dominance: A Comparison of Noisy Signals,14,,1945-7685,2022,TRUE,AEJMicro
AEJMicro-2020-0296,NA,10.1257/mic.20200296,AEJ:Micro,NA,American Economic Journal: Microeconomics,2022-11-01,4,Communication and Cooperation in Markets,14,,1945-7685,2022,TRUE,AEJMicro
AEJMicro-2020-0311,NA,10.1257/mic.20200311,AEJ:Micro,NA,American Economic Journal: Microeconomics,2022-11-01,4,Making Elections Work: Accountability with Selection and Control,14,,1945-7685,2022,TRUE,AEJMicro
AEJMicro-2020-0314,NA,10.1257/mic.20200314,AEJ:Micro,NA,American Economic Journal: Microeconomics,2022-11-01,4,Crime Chains,14,,1945-7685,2022,TRUE,AEJMicro
AEJMicro-2020-0379,NA,10.1257/mic.20200379,AEJ:Micro,NA,American Economic Journal: Microeconomics,2022-11-01,4,"Crime, Broken Families, and Punishment",14,,1945-7685,2022,TRUE,AEJMicro
AEJMicro-2020-0391,NA,10.1257/mic.20200391,AEJ:Micro,NA,American Economic Journal: Microeconomics,2022-11-01,4,Games Played by Teams of Players,14,,1945-7685,2022,TRUE,AEJMicro
AEJMicro-2020-0399,NA,10.1257/mic.20200399,AEJ:Micro,NA,American Economic Journal: Microeconomics,2022-11-01,4,Reaping the Informational Surplus in Bayesian Persuasion,14,,1945-7685,2022,TRUE,AEJMicro
AEJMicro-2020-0427,NA,10.1257/mic.20200427,AEJ:Micro,NA,American Economic Journal: Microeconomics,2023-02-01,1,Implications of Unequal Discounting in Dynamic Contracting,15,,1945-7685,2023,TRUE,AEJMicro
AEJMicro-2020-0071,NA,10.1257/mic.20200071,AEJ:Micro,NA,American Economic Journal: Microeconomics,2023-02-01,1,Two-Stage Contests with Private Information,15,,1945-7685,2023,TRUE,AEJMicro
AEJMicro-2020-0204,NA,10.1257/mic.20200204,AEJ:Micro,NA,American Economic Journal: Microeconomics,2023-02-01,1,When Is a Contrarian Adviser Optimal?,15,,1945-7685,2023,TRUE,AEJMicro
AEJMicro-2020-0266,NA,10.1257/mic.20200266,AEJ:Micro,NA,American Economic Journal: Microeconomics,2023-02-01,1,Censorship and Reputation,15,,1945-7685,2023,TRUE,AEJMicro
AEJMicro-2020-0300,NA,10.1257/mic.20200300,AEJ:Micro,NA,American Economic Journal: Microeconomics,2023-02-01,1,Product Quality and Consumer Search,15,,1945-7685,2023,TRUE,AEJMicro
AEJMicro-2020-0309,NA,10.1257/mic.20200309,AEJ:Micro,NA,American Economic Journal: Microeconomics,2023-02-01,1,"Compatibility Choices, Switching Costs, and Data Portability",15,,1945-7685,2023,TRUE,AEJMicro
AEJMicro-2020-0352,NA,10.1257/mic.20200352,AEJ:Micro,NA,American Economic Journal: Microeconomics,2023-02-01,1,Sequential Learning,15,,1945-7685,2023,TRUE,AEJMicro
AEJMicro-2020-0356,NA,10.1257/mic.20200356,AEJ:Micro,NA,American Economic Journal: Microeconomics,2023-02-01,1,Dynamic Information Design under Constrained Communication Rules,15,,1945-7685,2023,TRUE,AEJMicro
AEJMicro-2020-0378,NA,10.1257/mic.20200378,AEJ:Micro,NA,American Economic Journal: Microeconomics,2023-02-01,1,Moral Hazard and Efficiency in a Frictional Market,15,,1945-7685,2023,TRUE,AEJMicro
AEJMicro-2020-0400,NA,10.1257/mic.20200400,AEJ:Micro,NA,American Economic Journal: Microeconomics,2023-02-01,1,An Information Theory of Efficient Differential Treatment,15,,1945-7685,2023,TRUE,AEJMicro
AEJMicro-2020-0403,NA,10.1257/mic.20200403,AEJ:Micro,NA,American Economic Journal: Microeconomics,2023-02-01,1,Debunking Rumors in Networks,15,,1945-7685,2023,TRUE,AEJMicro
AEJMicro-2020-0411,NA,10.1257/mic.20200411,AEJ:Micro,NA,American Economic Journal: Microeconomics,2023-02-01,1,A Theory of Stability in Matching with Incomplete Information,15,,1945-7685,2023,TRUE,AEJMicro
AEJMicro-2020-0422,NA,10.1257/mic.20200422,AEJ:Micro,NA,American Economic Journal: Microeconomics,2023-02-01,1,Contest Design with Stochastic Performance,15,,1945-7685,2023,TRUE,AEJMicro
AEJMicro-2020-0447,NA,10.1257/mic.20200447,AEJ:Micro,NA,American Economic Journal: Microeconomics,2023-02-01,1,Misbehavior in Common Value Auctions: Bidding Rings and Shills,15,,1945-7685,2023,TRUE,AEJMicro
AEJMicro-2021-0114,NA,10.1257/mic.20210114,AEJ:Micro,NA,American Economic Journal: Microeconomics,2023-05-01,2,"The Good, the Bad, and the Complex: Product Design with Imperfect Information",15,,1945-7685,2023,TRUE,AEJMicro
AEJMicro-2017-0407,NA,10.1257/mic.20170407,AEJ:Micro,NA,American Economic Journal: Microeconomics,2023-05-01,2,"At the Helm, Kirk or Spock? The Pros and Cons of Charismatic Leadership",15,,1945-7685,2023,TRUE,AEJMicro
AEJMicro-2020-0192,NA,10.1257/mic.20200192,AEJ:Micro,NA,American Economic Journal: Microeconomics,2023-05-01,2,Learning by Choosing: Career Concerns with Observable Actions,15,,1945-7685,2023,TRUE,AEJMicro
AEJMicro-2020-0325,NA,10.1257/mic.20200325,AEJ:Micro,NA,American Economic Journal: Microeconomics,2023-05-01,2,"Relative Wealth Concerns, Executive Compensation, and Managerial Risk-Taking",15,,1945-7685,2023,TRUE,AEJMicro
AEJMicro-2020-0472,NA,10.1257/mic.20200472,AEJ:Micro,NA,American Economic Journal: Microeconomics,2023-05-01,2,Too Good to Be True? Retention Rules for Noisy Agents,15,,1945-7685,2023,TRUE,AEJMicro
AEJMicro-2021-0007,NA,10.1257/mic.20210007,AEJ:Micro,NA,American Economic Journal: Microeconomics,2023-05-01,2,Biased Beliefs in Search Markets,15,,1945-7685,2023,TRUE,AEJMicro
AEJMicro-2021-0100,NA,10.1257/mic.20210100,AEJ:Micro,NA,American Economic Journal: Microeconomics,2023-05-01,2,Dynamic Privacy Choices,15,,1945-7685,2023,TRUE,AEJMicro
AEJMicro-2021-0109,NA,10.1257/mic.20210109,AEJ:Micro,NA,American Economic Journal: Microeconomics,2023-05-01,2,Stable and Efficient Resource Allocation with Contracts,15,,1945-7685,2023,TRUE,AEJMicro
AEJMicro-2021-0112,NA,10.1257/mic.20210112,AEJ:Micro,NA,American Economic Journal: Microeconomics,2023-05-01,2,Markets with Within-Type Adverse Selection,15,,1945-7685,2023,TRUE,AEJMicro
AEJMicro-2021-0126,NA,10.1257/mic.20210126,AEJ:Micro,NA,American Economic Journal: Microeconomics,2023-05-01,2,Optimal Task Scheduling under Adverse Selection and Hidden Actions,15,,1945-7685,2023,TRUE,AEJMicro
AEJMicro-2021-0139,NA,10.1257/mic.20210139,AEJ:Micro,NA,American Economic Journal: Microeconomics,2023-05-01,2,"Ad Clutter, Time Use, and Media Diversity",15,,1945-7685,2023,TRUE,AEJMicro
AEJMicro-2021-0190,NA,10.1257/mic.20210190,AEJ:Micro,NA,American Economic Journal: Microeconomics,2023-05-01,2,Optimal Nonlinear Pricing with Data-Sensitive Consumers,15,,1945-7685,2023,TRUE,AEJMicro
AEJMicro-2021-0191,NA,10.1257/mic.20210191,AEJ:Micro,NA,American Economic Journal: Microeconomics,2023-08-01,3,A Buyer Power Theory of Exclusive Dealing and Exclusionary Bundling,15,,1945-7685,2023,TRUE,AEJMicro
AEJMicro-2022-0046,NA,10.1257/mic.20220046,AEJ:Micro,NA,American Economic Journal: Microeconomics,2023-08-01,3,Bid Caps in Noisy Contests,15,,1945-7685,2023,TRUE,AEJMicro
AEJMicro-2022-0088,NA,10.1257/mic.20220088,AEJ:Micro,NA,American Economic Journal: Microeconomics,2023-08-01,3,Keeping Up with “The Joneses”: Reference-Dependent Choice with Social Comparisons,15,,1945-7685,2023,TRUE,AEJMicro
AEJMicro-2019-0287,NA,10.1257/mic.20190287,AEJ:Micro,NA,American Economic Journal: Microeconomics,2023-08-01,3,Information Spillover in Multi-Good Adverse Selection,15,,1945-7685,2023,TRUE,AEJMicro
AEJMicro-2021-0204,NA,10.1257/mic.20210204,AEJ:Micro,NA,American Economic Journal: Microeconomics,2023-08-01,3,Self-Reported Signaling,15,,1945-7685,2023,TRUE,AEJMicro
AEJMicro-2021-0214,NA,10.1257/mic.20210214,AEJ:Micro,NA,American Economic Journal: Microeconomics,2023-08-01,3,Disclosure in Markets for Ratings,15,,1945-7685,2023,TRUE,AEJMicro
AEJMicro-2021-0259,NA,10.1257/mic.20210259,AEJ:Micro,NA,American Economic Journal: Microeconomics,2023-08-01,3,Competition for Attention and News Quality,15,,1945-7685,2023,TRUE,AEJMicro
AEJMicro-2021-0299,NA,10.1257/mic.20210299,AEJ:Micro,NA,American Economic Journal: Microeconomics,2023-08-01,3,Working for References,15,,1945-7685,2023,TRUE,AEJMicro
AEJMicro-2021-0361,NA,10.1257/mic.20210361,AEJ:Micro,NA,American Economic Journal: Microeconomics,2023-08-01,3,Decreasing Impatience,15,,1945-7685,2023,TRUE,AEJMicro
AEJMicro-2021-0387,NA,10.1257/mic.20210387,AEJ:Micro,NA,American Economic Journal: Microeconomics,2023-08-01,3,Influence Campaigns,15,,1945-7685,2023,TRUE,AEJMicro
AEJMicro-2021-0391,NA,10.1257/mic.20210391,AEJ:Micro,NA,American Economic Journal: Microeconomics,2023-08-01,3,Equilibrium Screening and Categorical Inequality,15,,1945-7685,2023,TRUE,AEJMicro
AEJMicro-2021-0392,NA,10.1257/mic.20210392,AEJ:Micro,NA,American Economic Journal: Microeconomics,2023-08-01,3,Bargaining over Treatment Choice under Disagreement,15,,1945-7685,2023,TRUE,AEJMicro
AEJMicro-2022-0049,NA,10.1257/mic.20220049,AEJ:Micro,NA,American Economic Journal: Microeconomics,2023-08-01,3,Similarity Nash Equilibria in Statistical Games,15,,1945-7685,2023,TRUE,AEJMicro
AEJMicro-2022-0100,NA,10.1257/mic.20220100,AEJ:Micro,NA,American Economic Journal: Microeconomics,2023-08-01,3,Judicial Mechanism Design,15,,1945-7685,2023,TRUE,AEJMicro
AEJMicro-2021-0324,NA,10.1257/mic.20210324,AEJ:Micro,NA,American Economic Journal: Microeconomics,2023-11-01,4,Multihoming and Oligopolistic Platform Competition,15,,1945-7685,2023,TRUE,AEJMicro
AEJMicro-2021-0099,NA,10.1257/mic.20210099,AEJ:Micro,NA,American Economic Journal: Microeconomics,2023-11-01,4,Monopolistic Competition and Efficiency under Firm Heterogeneity and Nonadditive Preferences,15,,1945-7685,2023,TRUE,AEJMicro
AEJMicro-2022-0107,NA,10.1257/mic.20220107,AEJ:Micro,NA,American Economic Journal: Microeconomics,2023-11-01,4,A Model of Sequential Crisis Management,15,,1945-7685,2023,TRUE,AEJMicro
AEJMicro-2022-0056,NA,10.1257/mic.20220056,AEJ:Micro,NA,American Economic Journal: Microeconomics,2024-02-01,1,Social Connectedness and Information Markets,16,,1945-7685,2024,TRUE,AEJMicro
AEJMicro-2022-0089,NA,10.1257/mic.20220089,AEJ:Micro,NA,American Economic Journal: Microeconomics,2024-02-01,1,A Random Reference Model,16,,1945-7685,2024,TRUE,AEJMicro
AEJMicro-2022-0114,NA,10.1257/mic.20220114,AEJ:Micro,NA,American Economic Journal: Microeconomics,2024-02-01,1,Constructive versus Toxic Argumentation in Debates,16,,1945-7685,2024,TRUE,AEJMicro
AEJMicro-2022-0138,NA,10.1257/mic.20220138,AEJ:Micro,NA,American Economic Journal: Microeconomics,2024-02-01,1,Innovation in Decentralized Markets: Technology versus Synthetic Products,16,,1945-7685,2024,TRUE,AEJMicro
AEJMicro-2022-0194,NA,10.1257/mic.20220194,AEJ:Micro,NA,American Economic Journal: Microeconomics,2024-02-01,1,Coordination in the Fight against Collusion,16,,1945-7685,2024,TRUE,AEJMicro
AEJMicro-2022-0350,NA,10.1257/mic.20220350,AEJ:Micro,NA,American Economic Journal: Microeconomics,2024-02-01,1,Weighted Utility and Optimism/Pessimism: A Decision-Theoretic Foundation of Various Stochastic Dominance Orders,16,,1945-7685,2024,TRUE,AEJMicro
AEJMicro-2023-0051,NA,10.1257/mic.20230051,AEJ:Micro,NA,American Economic Journal: Microeconomics,2024-02-01,1,Anticompetitive Bundling When Buyers Compete,16,,1945-7685,2024,TRUE,AEJMicro
AEJMicro-2021-0372,NA,10.1257/mic.20210372,AEJ:Micro,NA,American Economic Journal: Microeconomics,2024-05-01,2,Strategic Incentives and the Optimal Sale of Information,16,,1945-7685,2024,TRUE,AEJMicro
AEJMicro-2022-0016,NA,10.1257/mic.20220016,AEJ:Micro,NA,American Economic Journal: Microeconomics,2024-05-01,2,Technology Transfer in Global Value Chains,16,,1945-7685,2024,TRUE,AEJMicro
AEJMicro-2022-0242,NA,10.1257/mic.20220242,AEJ:Micro,NA,American Economic Journal: Microeconomics,2024-05-01,2,(Reverse) Price Discrimination with Information Design,16,,1945-7685,2024,TRUE,AEJMicro
AEJMicro-2023-0040,NA,10.1257/mic.20230040,AEJ:Micro,NA,American Economic Journal: Microeconomics,2024-05-01,2,Consumer Search and Product Returns in E-Commerce,16,,1945-7685,2024,TRUE,AEJMicro
AEJMicro-2022-0260,NA,10.1257/mic.20220260,AEJ:Micro,NA,American Economic Journal: Microeconomics,2024-08-01,3,Monitoring Teams,16,,1945-7685,2024,TRUE,AEJMicro
AEJMicro-2020-0285,NA,10.1257/mic.20200285,AEJ:Micro,NA,American Economic Journal: Microeconomics,2024-08-01,3,Selling Dreams: Endogenous Optimism in Lending Markets,16,,1945-7685,2024,TRUE,AEJMicro
AEJMicro-2022-0166,NA,10.1257/mic.20220166,AEJ:Micro,NA,American Economic Journal: Microeconomics,2024-08-01,3,Communicating about Confidence: Cheap Talk with an Ambiguity-Averse Receiver,16,,1945-7685,2024,TRUE,AEJMicro
AEJMicro-2022-0344,NA,10.1257/mic.20220344,AEJ:Micro,NA,American Economic Journal: Microeconomics,2024-11-01,4,Dual Moral Hazard and the Tyranny of Success,16,,1945-7685,2024,TRUE,AEJMicro
AEJMicro-2023-0169,NA,10.1257/mic.20230169,AEJ:Micro,NA,American Economic Journal: Microeconomics,2024-11-01,4,On Optimal Scheduling,16,,1945-7685,2024,TRUE,AEJMicro
AEJMicro-2023-0115,NA,10.1257/mic.20230115,AEJ:Micro,NA,American Economic Journal: Microeconomics,2025-02-01,1,"One Man, One Vote",17,,1945-7685,2025,TRUE,AEJMicro
AEJMicro-2023-0208,NA,10.1257/mic.20230208,AEJ:Micro,NA,American Economic Journal: Microeconomics,2025-02-01,1,Commitment and Conflict in Unanimity Bargaining,17,,1945-7685,2025,TRUE,AEJMicro
AEJMicro-2023-0255,NA,10.1257/mic.20230255,AEJ:Micro,NA,American Economic Journal: Microeconomics,2025-02-01,1,A Random Dictator Is All You Need,17,,1945-7685,2025,TRUE,AEJMicro
AEJMicro-2023-0275,NA,10.1257/mic.20230275,AEJ:Micro,NA,American Economic Journal: Microeconomics,2025-02-01,1,Scoring Strategic Agents,17,,1945-7685,2025,TRUE,AEJMicro
AEJMicro-2022-0191,NA,10.1257/mic.20220191,AEJ:Micro,NA,American Economic Journal: Microeconomics,2025-05-01,2,Persistent Protests,17,,1945-7685,2025,TRUE,AEJMicro
AEJMicro-2022-0267,NA,10.1257/mic.20220267,AEJ:Micro,NA,American Economic Journal: Microeconomics,2025-05-01,2,Severance Pay in an Optimal Contract,17,,1945-7685,2025,TRUE,AEJMicro
AEJMicro-2023-0095,NA,10.1257/mic.20230095,AEJ:Micro,NA,American Economic Journal: Microeconomics,2025-05-01,2,Price and Choose,17,,1945-7685,2025,TRUE,AEJMicro
AEJMicro-2022-0362,NA,10.1257/mic.20220362,AEJ:Micro,NA,American Economic Journal: Microeconomics,2025-08-01,3,Asymmetric Players in a Meritocracy: A Case for Affirmative Action,17,,1945-7685,2025,TRUE,AEJMicro
AEJMicro-2022-0374,NA,10.1257/mic.20220374,AEJ:Micro,NA,American Economic Journal: Microeconomics,2025-08-01,3,Reputation and Efficiency: Information Design,17,,1945-7685,2025,TRUE,AEJMicro
AEJMicro-2023-0142,NA,10.1257/mic.20230142,AEJ:Micro,NA,American Economic Journal: Microeconomics,2025-08-01,3,Asymptotic Learning with Ambiguous Information,17,,1945-7685,2025,TRUE,AEJMicro
AEJMicro-2023-0179,NA,10.1257/mic.20230179,AEJ:Micro,NA,American Economic Journal: Microeconomics,2025-08-01,3,Free Riding and Unequal Pay in Symmetric Teams,17,,1945-7685,2025,TRUE,AEJMicro
AEJMicro-2023-0233,NA,10.1257/mic.20230233,AEJ:Micro,NA,American Economic Journal: Microeconomics,2025-08-01,3,Unraveling and Inefficient Matching,17,,1945-7685,2025,TRUE,AEJMicro
AEJMicro-2024-0034,NA,10.1257/mic.20240034,AEJ:Micro,NA,American Economic Journal: Microeconomics,2025-08-01,3,Bargaining and Information Acquisition,17,,1945-7685,2025,TRUE,AEJMicro
AEJMicro-2024-0240,NA,10.1257/mic.20240240,AEJ:Micro,NA,American Economic Journal: Microeconomics,2025-08-01,3,Monitoring Team Members: Information Waste and the Transparency Trap,17,,1945-7685,2025,TRUE,AEJMicro
AEJMicro-2022-0133,NA,10.1257/mic.20220133,AEJ:Micro,NA,American Economic Journal: Microeconomics,2025-11-01,4,Optimal Voting Mechanisms on Generalized Single-Peaked Domains,17,,1945-7685,2025,TRUE,AEJMicro
AEJMicro-2023-0019,NA,10.1257/mic.20230019,AEJ:Micro,NA,American Economic Journal: Microeconomics,2025-11-01,4,Optimal Trade Mechanisms with Adverse Selection and Inferential Naïvety,17,,1945-7685,2025,TRUE,AEJMicro
AEJMicro-2023-0049,NA,10.1257/mic.20230049,AEJ:Micro,NA,American Economic Journal: Microeconomics,2025-11-01,4,Dynamic Screening and the Dual Roles of Monitoring,17,,1945-7685,2025,TRUE,AEJMicro
AEJMicro-2023-0116,NA,10.1257/mic.20230116,AEJ:Micro,NA,American Economic Journal: Microeconomics,2025-11-01,4,Simple Manipulations in School Choice Mechanisms,17,,1945-7685,2025,TRUE,AEJMicro
AEJMicro-2023-0282,NA,10.1257/mic.20230282,AEJ:Micro,NA,American Economic Journal: Microeconomics,2025-11-01,4,Holding Platforms Liable,17,,1945-7685,2025,TRUE,AEJMicro
AEJMicro-2023-0326,NA,10.1257/mic.20230326,AEJ:Micro,NA,American Economic Journal: Microeconomics,2025-11-01,4,Social Learning and Strategic Pricing with Rating Systems,17,,1945-7685,2025,TRUE,AEJMicro
AEJMicro-2024-0078,NA,10.1257/mic.20240078,AEJ:Micro,NA,American Economic Journal: Microeconomics,2025-11-01,4,Market Segmentation and Product Steering,17,,1945-7685,2025,TRUE,AEJMicro
AEJMicro-2024-0109,NA,10.1257/mic.20240109,AEJ:Micro,NA,American Economic Journal: Microeconomics,2025-11-01,4,Heterogeneous Noise and Stable Miscoordination,17,,1945-7685,2025,TRUE,AEJMicro
AEJMicro-2024-0190,NA,10.1257/mic.20240190,AEJ:Micro,NA,American Economic Journal: Microeconomics,2025-11-01,4,(Pro-)Social Learning and Strategic Disclosure,17,,1945-7685,2025,TRUE,AEJMicro
AEJMicro-2024-0197,NA,10.1257/mic.20240197,AEJ:Micro,NA,American Economic Journal: Microeconomics,2025-11-01,4,On the Alignment of Consumer Surplus and Total Surplus under Competitive Price Discrimination,17,,1945-7685,2025,TRUE,AEJMicro
AEJMicro-2022-0124,NA,10.1257/mic.20220124,AEJ:Micro,NA,American Economic Journal: Microeconomics,2026-02-01,1,On Dynamic Pricing,18,,1945-7685,2026,TRUE,AEJMicro
AEJMicro-2023-0263,NA,10.1257/mic.20230263,AEJ:Micro,NA,American Economic Journal: Microeconomics,2026-02-01,1,How to Allocate Money?,18,,1945-7685,2026,TRUE,AEJMicro
AEJMicro-2024-0068,NA,10.1257/mic.20240068,AEJ:Micro,NA,American Economic Journal: Microeconomics,2026-02-01,1,Cardinality and Utilitarianism through Social Interactions,18,,1945-7685,2026,TRUE,AEJMicro
AEJMicro-2024-0310,NA,10.1257/mic.20240310,AEJ:Micro,NA,American Economic Journal: Microeconomics,2026-02-01,1,The Limits of Limited Commitment,18,,1945-7685,2026,TRUE,AEJMicro
AEJMicro-2024-0361,NA,10.1257/mic.20240361,AEJ:Micro,NA,American Economic Journal: Microeconomics,2026-02-01,1,Backward Induction Reasoning beyond Backward Induction,18,,1945-7685,2026,TRUE,AEJMicro
AEJMicro-2024-0429,NA,10.1257/mic.20240429,AEJ:Micro,NA,American Economic Journal: Microeconomics,2026-02-01,1,Attitudes toward Success and Failure,18,,1945-7685,2026,TRUE,AEJMicro
AEJMicro-2024-0437,NA,10.1257/mic.20240437,AEJ:Micro,NA,American Economic Journal: Microeconomics,2026-02-01,1,Asymmetric Models of Sales,18,,1945-7685,2026,TRUE,AEJMicro
AEJMicro-2023-0120,NA,10.1257/mic.20230120,AEJ:Micro,NA,American Economic Journal: Microeconomics,2026-05-01,2,Dynamic Preference “Reversals” and Time Inconsistency,18,,1945-7685,2026,TRUE,AEJMicro
AEJMicro-2023-0285,NA,10.1257/mic.20230285,AEJ:Micro,NA,American Economic Journal: Microeconomics,2026-05-01,2,Strategic Evidence Disclosure in Networks and Equilibrium Discrimination,18,,1945-7685,2026,TRUE,AEJMicro
AEJMicro-2024-0045,NA,10.1257/mic.20240045,AEJ:Micro,NA,American Economic Journal: Microeconomics,2026-05-01,2,Quality and Imperfect Competition,18,,1945-7685,2026,TRUE,AEJMicro
AEJMicro-2024-0062,NA,10.1257/mic.20240062,AEJ:Micro,NA,American Economic Journal: Microeconomics,2026-05-01,2,The Effect of Mergers on Innovation,18,,1945-7685,2026,TRUE,AEJMicro
AEJMicro-2024-0188,NA,10.1257/mic.20240188,AEJ:Micro,NA,American Economic Journal: Microeconomics,2026-05-01,2,Sharing Model Uncertainty,18,,1945-7685,2026,TRUE,AEJMicro
AEJMicro-2024-0239,NA,10.1257/mic.20240239,AEJ:Micro,NA,American Economic Journal: Microeconomics,2026-05-01,2,A Measure of Behavioral Heterogeneity,18,,1945-7685,2026,TRUE,AEJMicro
AEJMicro-2024-0245,NA,10.1257/mic.20240245,AEJ:Micro,NA,American Economic Journal: Microeconomics,2026-05-01,2,Opportunity Hunters: A Model of Competitive Sequential Inspections,18,,1945-7685,2026,TRUE,AEJMicro
AEJMicro-2024-0280,NA,10.1257/mic.20240280,AEJ:Micro,NA,American Economic Journal: Microeconomics,2026-05-01,2,Self-Enforced Job Matching,18,,1945-7685,2026,TRUE,AEJMicro
AEJMicro-2024-0340,NA,10.1257/mic.20240340,AEJ:Micro,NA,American Economic Journal: Microeconomics,2026-05-01,2,Voter Information and Distributive Politics,18,,1945-7685,2026,TRUE,AEJMicro
AEJMicro-2023-0234,NA,10.1257/mic.20230234,AEJ:Micro,NA,American Economic Journal: Microeconomics,2026-08-01,3,Welfare of Competitive Price Discrimination with Captive Consumers,18,,1945-7685,2026,TRUE,AEJMicro
AEJMicro-2024-0208,NA,10.1257/mic.20240208,AEJ:Micro,NA,American Economic Journal: Microeconomics,2026-08-01,3,The Combinatorial Multi-Round Ascending Auction,18,,1945-7685,2026,TRUE,AEJMicro
AEJMicro-2024-0219,NA,10.1257/mic.20240219,AEJ:Micro,NA,American Economic Journal: Microeconomics,2026-08-01,3,Exploiting Rivals' Strengths,18,,1945-7685,2026,TRUE,AEJMicro
AEJMicro-2024-0324,NA,10.1257/mic.20240324,AEJ:Micro,NA,American Economic Journal: Microeconomics,2026-08-01,3,Optimal Design of Market Access,18,,1945-7685,2026,TRUE,AEJMicro
AEJMicro-2024-0346,NA,10.1257/mic.20240346,AEJ:Micro,NA,American Economic Journal: Microeconomics,2026-08-01,3,Higher-Order Beliefs and (Mis)learning from Prices,18,,1945-7685,2026,TRUE,AEJMicro
AEJMicro-2025-0190,NA,10.1257/mic.20250190,AEJ:Micro,NA,American Economic Journal: Microeconomics,2026-08-01,3,Data Linkages and Privacy Regulation,18,,1945-7685,2026,TRUE,AEJMicro
AEJMicro-2025-0251,NA,10.1257/mic.20250251,AEJ:Micro,NA,American Economic Journal: Microeconomics,2026-08-01,3,Rational Misspecification: Framework and Applications,18,,1945-7685,2026,TRUE,AEJMicro
AER-4.6.-1515,NA,10.1257/aer.114.6.1515,AER,NA,American Economic Review,2024-06-01,6,Nobel Lecture: An Evolving Economic Force,114,,1944-7981,2024,TRUE,AER
AER-2021-0410,NA,10.1257/aer.20210410,AER,NA,American Economic Review,2024-06-01,6,Welfare Comparisons for Biased Learning,114,,1944-7981,2024,TRUE,AER
AER-2022-1297,NA,10.1257/aer.20221297,AER,NA,American Economic Review,2024-07-01,7,Information Choice in Auctions,114,,1944-7981,2024,TRUE,AER
AER-2022-1524,NA,10.1257/aer.20221524,AER,NA,American Economic Review,2024-07-01,7,Personalized Pricing and Competition,114,,1944-7981,2024,TRUE,AER
AER-2023-0478,NA,10.1257/aer.20230478,AER,NA,American Economic Review,2024-08-01,8,"Data, Competition, and Digital Platforms",114,,1944-7981,2024,TRUE,AER
AER-2023-0114,NA,10.1257/aer.20230114,AER,NA,American Economic Review,2024-08-01,8,Repeated Trading: Transparency and Market Structure,114,,1944-7981,2024,TRUE,AER
AER-2023-0914,NA,10.1257/aer.20230914,AER,NA,American Economic Review,2024-08-01,8,Buying from a Group,114,,1944-7981,2024,TRUE,AER
AER-2023-0430,NA,10.1257/aer.20230430,AER,NA,American Economic Review,2024-09-01,9,Comparisons of Signals,114,,1944-7981,2024,TRUE,AER
AER-2023-0233,NA,10.1257/aer.20230233,AER,NA,American Economic Review,2024-09-01,9,Experimentation in Networks,114,,1944-7981,2024,TRUE,AER
AER-2023-0015,NA,10.1257/aer.20230015,AER,NA,American Economic Review,2024-10-01,10,Dynamic Outside Options and Optimal Negotiation Strategies,114,,1944-7981,2024,TRUE,AER
AER-2021-1025,NA,10.1257/aer.20211025,AER,NA,American Economic Review,2024-11-01,11,Generalized Social Marginal Welfare Weights Imply Inconsistent Comparisons of Tax Policies,114,,1944-7981,2024,TRUE,AER
AER-2023-0814,NA,10.1257/aer.20230814,AER,NA,American Economic Review,2024-11-01,11,Quality Is in the Eye of the Beholder: Taste Projection in Markets with Observational Learning,114,,1944-7981,2024,TRUE,AER
AER-2021-1137,NA,10.1257/aer.20211137,AER,NA,American Economic Review,2025-02-01,2,Hedging When Applying: Simultaneous Search with Correlation,115,,1944-7981,2025,TRUE,AER
AER-2019-1950,NA,10.1257/aer.20191950,AER,NA,American Economic Review,2025-02-01,2,Robust Monopoly Regulation,115,,1944-7981,2025,TRUE,AER
AER-5.4.-1059,NA,10.1257/aer.115.4.1059,AER,NA,American Economic Review,2025-04-01,4,Presidential Address: The Economist as Designer in the Innovation Process for Socially Impactful Digital Products,115,,1944-7981,2025,TRUE,AER
AER-5.5.-1369,NA,10.1257/aer.115.5.1369,AER,NA,American Economic Review,2025-05-01,5,Presidential Address: Investing in Children to Address the Child Mental Health Crisis,115,,1944-7981,2025,TRUE,AER
AER-2023-1529,NA,10.1257/aer.20231529,AER,NA,American Economic Review,2025-05-01,5,Risk Aversion and Insurance Propensity,115,,1944-7981,2025,TRUE,AER
AER-5.6.-1709,NA,10.1257/aer.115.6.1709,AER,NA,American Economic Review,2025-06-01,6,"Nobel Lecture: Institutions, Technology, and Prosperity",115,,1944-7981,2025,TRUE,AER
AER-5.6.-1787,NA,10.1257/aer.115.6.1787,AER,NA,American Economic Review,2025-06-01,6,Nobel Lecture: Paths to the Periphery,115,,1944-7981,2025,TRUE,AER
AER-5.6.-1749,NA,10.1257/aer.115.6.1749,AER,NA,American Economic Review,2025-06-01,6,Nobel Lecture: The Institutional Origins of Shared Prosperity,115,,1944-7981,2025,TRUE,AER
AER-5.6.-2093,NA,10.1257/aer.115.6.2093,AER,NA,American Economic Review,2025-06-01,6,Report of Independent Auditor,115,,1944-7981,2025,TRUE,AER
AER-2023-1597,NA,10.1257/aer.20231597,AER,NA,American Economic Review,2025-06-01,6,Optimal Security Design for Risk-Averse Investors,115,,1944-7981,2025,TRUE,AER
AER-2023-0983,NA,10.1257/aer.20230983,AER,NA,American Economic Review,2025-08-01,8,Monetary Policy and Rational Asset Price Bubbles: Comment,115,,1944-7981,2025,TRUE,AER
AER-2023-0455,NA,10.1257/aer.20230455,AER,NA,American Economic Review,2025-09-01,9,Nested Bundling,115,,1944-7981,2025,TRUE,AER
AER-2023-1407,NA,10.1257/aer.20231407,AER,NA,American Economic Review,2025-09-01,9,Test-Optional Admissions,115,,1944-7981,2025,TRUE,AER
AER-2024-0010,NA,10.1257/aer.20240010,AER,NA,American Economic Review,2025-09-01,9,A Model of Populism as a Conspiracy Theory,115,,1944-7981,2025,TRUE,AER
AER-2022-0665,NA,10.1257/aer.20220665,AER,NA,American Economic Review,2025-12-01,12,Strategic Voting in Two-Party Legislative Elections,115,,1944-7981,2025,TRUE,AER
AER-2024-0339,NA,10.1257/aer.20240339,AER,NA,American Economic Review,2025-12-01,12,Allocation Mechanisms with Mixture-Averse Preferences,115,,1944-7981,2025,TRUE,AER
AER-2023-1394,NA,10.1257/aer.20231394,AER,NA,American Economic Review,2026-01-01,1,Sequential Learning under Informational Ambiguity,116,,1944-7981,2026,TRUE,AER
AER-2023-0309,NA,10.1257/aer.20230309,AER,NA,American Economic Review,2026-03-01,3,Sequential Cursed Equilibrium,116,,1944-7981,2026,TRUE,AER
AER-2025-0053,NA,10.1257/aer.20250053,AER,NA,American Economic Review,2026-03-01,3,What You Don’t Know May Be Good for You,116,,1944-7981,2026,TRUE,AER
AER-2024-0246,NA,10.1257/aer.20240246,AER,NA,American Economic Review,2026-04-01,4,Robust Misspecified Models,116,,1944-7981,2026,TRUE,AER
AER-2024-0763,NA,10.1257/aer.20240763,AER,NA,American Economic Review,2026-04-01,4,Games on Multiplex Networks,116,,1944-7981,2026,TRUE,AER
AER-2024-1056,NA,10.1257/aer.20241056,AER,NA,American Economic Review,2026-04-01,4,Similarity of Information and Collective Action,116,,1944-7981,2026,TRUE,AER
AER-6.6.-2282,NA,10.1257/aer.116.6.2282,AER,NA,American Economic Review,2026-06-01,6,Report of Independent Auditor,116,,1944-7981,2026,TRUE,AER
AER-6.7.-2299,NA,10.1257/aer.116.7.2299,AER,NA,American Economic Review,2026-07-01,7,Nobel Lecture: The Past and Future of Innovation: Can Progress Be Sustained?,116,,1944-7981,2026,TRUE,AER
AER-6.7.-2324,NA,10.1257/aer.116.7.2324,AER,NA,American Economic Review,2026-07-01,7,Nobel Lecture: The Economics of Creative Destruction,116,,1944-7981,2026,TRUE,AER
AER-6.7.-2357,NA,10.1257/aer.116.7.2357,AER,NA,American Economic Review,2026-07-01,7,Nobel Lecture: Creative Destruction and Economic Growth,116,,1944-7981,2026,TRUE,AER
AER-6.9.-3197,NA,10.1257/aer.116.9.3197,AER,NA,American Economic Review,2026-09-01,9,Presidential Address: Neighborhood Effects and Missing Markets for Opportunity,116,,1944-7981,2026,TRUE,AER
AER-2024-0579,NA,10.1257/aer.20240579,AER,NA,American Economic Review,2026-09-01,9,Contextually Private Mechanisms,116,,1944-7981,2026,TRUE,AER
AER-2025-0206,NA,10.1257/aer.20250206,AER,NA,American Economic Review,2026-10-01,10,Screening and Segmenting: A Consumer Surplus Perspective,116,,1944-7981,2026,TRUE,AER
AER-2025-1879,NA,10.1257/aer.20251879,AER,NA,American Economic Review,2026-10-01,10,Truth Elicitation in a Nonstrategic Environment,116,,1944-7981,2026,TRUE,AER
AER-2015-0796,NA,10.1257/aer.20150796,AER,NA,American Economic Review,2018-01-01,1,"Trade, Quality Upgrading, and Input Linkages: Theory and Evidence from Colombia",108,,0002-8282,2018,TRUE,AER
AER-2016-0675,NA,10.1257/aer.20160675,AER,NA,American Economic Review,2018-01-01,1,Bid Shading and Bidder Surplus in the US Treasury Auction System,108,,0002-8282,2018,TRUE,AER
AER-2016-1079,NA,10.1257/aer.20161079,AER,NA,American Economic Review,2018-01-01,1,The Design and Price of Information,108,,0002-8282,2018,TRUE,AER
AER-2014-0989,NA,10.1257/aer.20140989,AER,NA,American Economic Review,2018-01-01,1,Unemployment Insurance as a Housing Market Stabilizer,108,,0002-8282,2018,TRUE,AER
AER-2015-1720,NA,10.1257/aer.20151720,AER,NA,American Economic Review,2018-01-01,1,How Do Hours Worked Vary with Income? Cross-Country Evidence and Implications,108,,0002-8282,2018,TRUE,AER
AER-2016-0091,NA,10.1257/aer.20160091,AER,NA,American Economic Review,2018-01-01,1,The Micro Origins of International Business-Cycle Comovement,108,,0002-8282,2018,TRUE,AER
AER-2014-0647,NA,10.1257/aer.20140647,AER,NA,American Economic Review,2018-02-01,2,Export Destinations and Input Prices,108,,0002-8282,2018,TRUE,AER
AER-2014-1751,NA,10.1257/aer.20141751,AER,NA,American Economic Review,2018-02-01,2,"Implications of US Tax Policy for House Prices, Rents, and Homeownership",108,,0002-8282,2018,TRUE,AER
AER-2015-1606,NA,10.1257/aer.20151606,AER,NA,American Economic Review,2018-02-01,2,Option-Based Credit Spreads,108,,0002-8282,2018,TRUE,AER
AER-2016-1038,NA,10.1257/aer.20161038,AER,NA,American Economic Review,2018-02-01,2,The Economic Consequences of Hospital Admissions,108,,0002-8282,2018,TRUE,AER
AER-2016-1503,NA,10.1257/aer.20161503,AER,NA,American Economic Review,2018-02-01,2,"The Effects of Pre-Trial Detention on Conviction, Future Crime, and Employment: Evidence from Randomly Assigned Judges",108,,0002-8282,2018,TRUE,AER
AER-2016-1553,NA,10.1257/aer.20161553,AER,NA,American Economic Review,2018-02-01,2,Lying Aversion and the Size of the Lie,108,,0002-8282,2018,TRUE,AER
AER-2013-0570,NA,10.1257/aer.20130570,AER,NA,American Economic Review,2018-02-01,2,Do Higher Corporate Taxes Reduce Wages? Micro Evidence from Germany,108,,0002-8282,2018,TRUE,AER
AER-2015-1703,NA,10.1257/aer.20151703,AER,NA,American Economic Review,2018-02-01,2,The Welfare Cost of Perceived Policy Uncertainty: Evidence from Social Security,108,,0002-8282,2018,TRUE,AER
AER-2016-0970,NA,10.1257/aer.20160970,AER,NA,American Economic Review,2018-02-01,2,An Efficient Ascending-Bid Auction for Multiple Objects: Comment,108,,0002-8282,2018,TRUE,AER
AER-2016-1492,NA,10.1257/aer.20161492,AER,NA,American Economic Review,2018-02-01,2,Certified Random: A New Order for Coauthorship,108,,0002-8282,2018,TRUE,AER
AER-2016-2015,NA,10.1257/aer.20162015,AER,NA,American Economic Review,2018-02-01,2,Intergenerational Mobility and Preferences for Redistribution,108,,0002-8282,2018,TRUE,AER
AER-2017-1408,NA,10.1257/aer.20171408,AER,NA,American Economic Review,2018-02-01,2,An Efficient Ascending-Bid Auction for Multiple Objects: Reply,108,,0002-8282,2018,TRUE,AER
AER-2016-0042,NA,10.1257/aer.20160042,AER,NA,American Economic Review,2018-03-01,3,Monetary Policy According to HANK,108,,0002-8282,2018,TRUE,AER
AER-2016-0177,NA,10.1257/aer.20160177,AER,NA,American Economic Review,2018-03-01,3,Just Starting Out: Learning and Equilibrium in a New Market,108,,0002-8282,2018,TRUE,AER
AER-2016-1534,NA,10.1257/aer.20161534,AER,NA,American Economic Review,2018-03-01,3,Disentangling the Effects of a Banking Crisis: Evidence from German Firms and Counties,108,,0002-8282,2018,TRUE,AER
AER-2015-0681,NA,10.1257/aer.20150681,AER,NA,American Economic Review,2018-03-01,3,Real Effects of Information Frictions: When the States and the Kingdom Became United,108,,0002-8282,2018,TRUE,AER
AER-2015-1485,NA,10.1257/aer.20151485,AER,NA,American Economic Review,2018-03-01,3,Advertising and Risk Selection in Health Insurance Markets,108,,0002-8282,2018,TRUE,AER
AER-2016-0133,NA,10.1257/aer.20160133,AER,NA,American Economic Review,2018-03-01,3,How Does Household Income Affect Child Personality Traits and Behaviors?,108,,0002-8282,2018,TRUE,AER
AER-2016-0522,NA,10.1257/aer.20160522,AER,NA,American Economic Review,2018-03-01,3,A Model of Trading in the Art Market,108,,0002-8282,2018,TRUE,AER
AER-2016-1495,NA,10.1257/aer.20161495,AER,NA,American Economic Review,2018-03-01,3,The “Pupil” Factory: Specialization and the Production of Human Capital in Schools,108,,0002-8282,2018,TRUE,AER
AER-2010-1199,NA,10.1257/aer.20101199,AER,NA,American Economic Review,2018-04-01,4-5,Railroads of the Raj: Estimating the Impact of Transportation Infrastructure,108,,0002-8282,2018,TRUE,AER
AER-2014-0412,NA,10.1257/aer.20140412,AER,NA,American Economic Review,2018-04-01,4-5,International Recessions,108,,0002-8282,2018,TRUE,AER
AER-2014-1406,NA,10.1257/aer.20141406,AER,NA,American Economic Review,2018-04-01,4-5,"Family Ruptures, Stress, and the Mental Health of the Next Generation",108,,0002-8282,2018,TRUE,AER
AER-2015-1184,NA,10.1257/aer.20151184,AER,NA,American Economic Review,2018-04-01,4-5,Team-Specific Capital and Innovation,108,,0002-8282,2018,TRUE,AER
AER-2015-1260,NA,10.1257/aer.20151260,AER,NA,American Economic Review,2018-04-01,4-5,Resurrecting the Role of the Product Market Wedge in Recessions,108,,0002-8282,2018,TRUE,AER
AER-2016-0816,NA,10.1257/aer.20160816,AER,NA,American Economic Review,2018-04-01,4-5,The Optimal Timing of Unemployment Benefits: Theory and Evidence from Sweden,108,,0002-8282,2018,TRUE,AER
AER-2016-1048,NA,10.1257/aer.20161048,AER,NA,American Economic Review,2018-04-01,4-5,Corporate Finance and Monetary Policy,108,,0002-8282,2018,TRUE,AER
AER-2014-1388,NA,10.1257/aer.20141388,AER,NA,American Economic Review,2018-04-01,4-5,The Limits to Partial Banking Unions: A Political Economy Approach,108,,0002-8282,2018,TRUE,AER
AER-2016-0144,NA,10.1257/aer.20160144,AER,NA,American Economic Review,2018-04-01,4-5,The Economic Effects of the Abolition of Serfdom: Evidence from the Russian Empire,108,,0002-8282,2018,TRUE,AER
AER-2016-1124,NA,10.1257/aer.20161124,AER,NA,American Economic Review,2018-04-01,4-5,"Family Ruptures, Stress, and the Mental Health of the Next Generation: Comment",108,,0002-8282,2018,TRUE,AER
AER-2016-1605,NA,10.1257/aer.20161605,AER,NA,American Economic Review,2018-04-01,4-5,"Family Ruptures, Stress, and the Mental Health of the Next Generation: Reply",108,,0002-8282,2018,TRUE,AER
AER-8.6.-1265,NA,10.1257/aer.108.6.1265,AER,NA,American Economic Review,2018-06-01,6,From Cashews to Nudges: The Evolution of Behavioral Economics,108,,0002-8282,2018,TRUE,AER
AER-2015-1047,NA,10.1257/aer.20151047,AER,NA,American Economic Review,2018-06-01,6,Legal Origins and Female HIV,108,,0002-8282,2018,TRUE,AER
AER-2016-0524,NA,10.1257/aer.20160524,AER,NA,American Economic Review,2018-06-01,6,Will a Five-Minute Discussion Change Your Mind? A Countrywide Experiment on Voter Choice in France,108,,0002-8282,2018,TRUE,AER
AER-2016-0696,NA,10.1257/aer.20160696,AER,NA,American Economic Review,2018-06-01,6,"The Race between Man and Machine: Implications of Technology for Growth, Factor Shares, and Employment",108,,0002-8282,2018,TRUE,AER
AER-8.6.-1598,NA,10.1257/aer.108.6.1598,AER,NA,American Economic Review,2018-06-01,6,Independent Auditor’s Report,108,,0002-8282,2018,TRUE,AER
AER-2015-1045,NA,10.1257/aer.20151045,AER,NA,American Economic Review,2018-06-01,6,Real Exchange Rates and Sectoral Productivity in the Eurozone,108,,0002-8282,2018,TRUE,AER
AER-2016-0863,NA,10.1257/aer.20160863,AER,NA,American Economic Review,2018-06-01,6,Trucks without Bailouts: Equilibrium Product Characteristics for Commercial Vehicles,108,,0002-8282,2018,TRUE,AER
AER-2016-1696,NA,10.1257/aer.20161696,AER,NA,American Economic Review,2018-06-01,6,Investment Strategy and Selection Bias: An Equilibrium Perspective on Overoptimism,108,,0002-8282,2018,TRUE,AER
AER-2017-0404,NA,10.1257/aer.20170404,AER,NA,American Economic Review,2018-06-01,6,Enfranchising Your Own? Experimental Evidence on Bureaucrat Diversity and Election Bias in India,108,,0002-8282,2018,TRUE,AER
AER-2017-0748,NA,10.1257/aer.20170748,AER,NA,American Economic Review,2018-06-01,6,Escaping Malthus: Economic Growth and Fertility Change in the Developing World,108,,0002-8282,2018,TRUE,AER
AER-2017-0765,NA,10.1257/aer.20170765,AER,NA,American Economic Review,2018-06-01,6,Immigration Restrictions as Active Labor Market Policy: Evidence from the Mexican Bracero Exclusion,108,,0002-8282,2018,TRUE,AER
AER-8.7.-1609,NA,10.1257/aer.108.7.1609,AER,NA,American Economic Review,2018-07-01,7,"Marketplaces, Markets, and Market Design",108,,0002-8282,2018,TRUE,AER
AER-2014-1096,NA,10.1257/aer.20141096,AER,NA,American Economic Review,2018-07-01,7,Export Markets and Labor Allocation in a Low-Income Country,108,,0002-8282,2018,TRUE,AER
AER-2014-1558,NA,10.1257/aer.20141558,AER,NA,American Economic Review,2018-07-01,7,The Twin Ds: Optimal Default and Devaluation,108,,0002-8282,2018,TRUE,AER
AER-2016-0575,NA,10.1257/aer.20160575,AER,NA,American Economic Review,2018-07-01,7,The Persistence of Local Joblessness,108,,0002-8282,2018,TRUE,AER
AER-2016-1570,NA,10.1257/aer.20161570,AER,NA,American Economic Review,2018-07-01,7,Do Recessions Accelerate Routine-Biased Technological Change? Evidence from Vacancy Postings,108,,0002-8282,2018,TRUE,AER
AER-2015-0487,NA,10.1257/aer.20150487,AER,NA,American Economic Review,2018-07-01,7,Asymmetric Information and Imperfect Competition in Lending Markets,108,,0002-8282,2018,TRUE,AER
AER-2015-0993,NA,10.1257/aer.20150993,AER,NA,American Economic Review,2018-07-01,7,Backward Induction in the Wild? Evidence from Sequential Voting in the US Senate,108,,0002-8282,2018,TRUE,AER
AER-2016-0284,NA,10.1257/aer.20160284,AER,NA,American Economic Review,2018-07-01,7,University Innovation and the Professor's Privilege,108,,0002-8282,2018,TRUE,AER
AER-2017-0792,NA,10.1257/aer.20170792,AER,NA,American Economic Review,2018-07-01,7,News or Noise? The Missing Link,108,,0002-8282,2018,TRUE,AER
AER-2017-1218,NA,10.1257/aer.20171218,AER,NA,American Economic Review,2018-07-01,7,Consumer Price Search and Platform Design in Internet Commerce,108,,0002-8282,2018,TRUE,AER
AER-2016-0945,NA,10.1257/aer.20160945,AER,NA,American Economic Review,2018-08-01,8,Inference in Regression Discontinuity Designs with a Discrete Running Variable,108,,0002-8282,2018,TRUE,AER
AER-2016-1151,NA,10.1257/aer.20161151,AER,NA,American Economic Review,2018-08-01,8,From Final Goods to Inputs: The Protectionist Effect of Rules of Origin,108,,0002-8282,2018,TRUE,AER
AER-2016-1749,NA,10.1257/aer.20161749,AER,NA,American Economic Review,2018-08-01,8,Marking to Market versus Taking to Market,108,,0002-8282,2018,TRUE,AER
AER-2013-0025,NA,10.1257/aer.20130025,AER,NA,American Economic Review,2018-08-01,8,Endogenous Disasters,108,,0002-8282,2018,TRUE,AER
AER-2014-1743,NA,10.1257/aer.20141743,AER,NA,American Economic Review,2018-08-01,8,Innovation and Production in the Global Economy,108,,0002-8282,2018,TRUE,AER
AER-2014-1745,NA,10.1257/aer.20141745,AER,NA,American Economic Review,2018-08-01,8,"Firms, Informality, and Development: Theory and Evidence from Brazil",108,,0002-8282,2018,TRUE,AER
AER-2015-1180,NA,10.1257/aer.20151180,AER,NA,American Economic Review,2018-08-01,8,Fiscal Rules and Discretion in a World Economy,108,,0002-8282,2018,TRUE,AER
AER-2015-1362,NA,10.1257/aer.20151362,AER,NA,American Economic Review,2018-08-01,8,Do Larger Health Insurance Subsidies Benefit Patients or Producers? Evidence from Medicare Advantage,108,,0002-8282,2018,TRUE,AER
AER-2016-0789,NA,10.1257/aer.20160789,AER,NA,American Economic Review,2018-08-01,8,Violence and Risk Preference: Experimental Evidence from Afghanistan: Comment,108,,0002-8282,2018,TRUE,AER
AER-2016-0921,NA,10.1257/aer.20160921,AER,NA,American Economic Review,2018-08-01,8,Government Old-Age Support and Labor Supply: Evidence from the Old Age Assistance Program,108,,0002-8282,2018,TRUE,AER
AER-2016-1420,NA,10.1257/aer.20161420,AER,NA,American Economic Review,2018-08-01,8,Aggregate Recruiting Intensity,108,,0002-8282,2018,TRUE,AER
AER-2014-0443,NA,10.1257/aer.20140443,AER,NA,American Economic Review,2018-09-01,9,International Reserves and Rollover Risk,108,,0002-8282,2018,TRUE,AER
AER-2014-1651,NA,10.1257/aer.20141651,AER,NA,American Economic Review,2018-09-01,9,Incidental Bequests and the Choice to Self-Insure Late-Life Risks,108,,0002-8282,2018,TRUE,AER
AER-2015-1299,NA,10.1257/aer.20151299,AER,NA,American Economic Review,2018-09-01,9,How Do Firms Form Their Expectations? New Survey Evidence,108,,0002-8282,2018,TRUE,AER
AER-2016-0613,NA,10.1257/aer.20160613,AER,NA,American Economic Review,2018-09-01,9,Equal but Inequitable: Who Benefits from Gender-Neutral Tenure Clock Stopping Policies?,108,,0002-8282,2018,TRUE,AER
AER-2016-0782,NA,10.1257/aer.20160782,AER,NA,American Economic Review,2018-09-01,9,Asset Bubbles and Credit Constraints,108,,0002-8282,2018,TRUE,AER
AER-2016-1996,NA,10.1257/aer.20161996,AER,NA,American Economic Review,2018-09-01,9,Forward Guidance without Common Knowledge,108,,0002-8282,2018,TRUE,AER
AER-2013-1461,NA,10.1257/aer.20131461,AER,NA,American Economic Review,2018-09-01,9,Fiscal Foundations of Inflation: Imperfect Knowledge,108,,0002-8282,2018,TRUE,AER
AER-2014-1374,NA,10.1257/aer.20141374,AER,NA,American Economic Review,2018-09-01,9,In Search of Labor Demand,108,,0002-8282,2018,TRUE,AER
AER-2016-0131,NA,10.1257/aer.20160131,AER,NA,American Economic Review,2018-09-01,9,The Market for Used Capital: Endogenous Irreversibility and Reallocation over the Business Cycle,108,,0002-8282,2018,TRUE,AER
AER-2017-0947,NA,10.1257/aer.20170947,AER,NA,American Economic Review,2018-09-01,9,Media Bias in China,108,,0002-8282,2018,TRUE,AER
AER-2017-2018,NA,10.1257/aer.20172018,AER,NA,American Economic Review,2018-09-01,9,A Price Theory of Multi-Sided Platforms: Comment,108,,0002-8282,2018,TRUE,AER
AER-2018-0478,NA,10.1257/aer.20180478,AER,NA,American Economic Review,2018-09-01,9,A Price Theory of Multi-Sided Platforms: Reply,108,,0002-8282,2018,TRUE,AER
AER-2014-1708,NA,10.1257/aer.20141708,AER,NA,American Economic Review,2018-10-01,10,Estimating Group Effects Using Averages of Observables to Control for Sorting on Unobservables: School and Neighborhood Effects,108,,0002-8282,2018,TRUE,AER
AER-2017-0299,NA,10.1257/aer.20170299,AER,NA,American Economic Review,2018-10-01,10,Evaluating Strategic Forecasters,108,,0002-8282,2018,TRUE,AER
AER-2015-0912,NA,10.1257/aer.20150912,AER,NA,American Economic Review,2018-10-01,10,Medical Care Spending and Labor Market Outcomes: Evidence from Workers’ Compensation Reforms,108,,0002-8282,2018,TRUE,AER
AER-2015-1604,NA,10.1257/aer.20151604,AER,NA,American Economic Review,2018-10-01,10,"Housing Booms and Busts, Labor Market Opportunities, and College Attendance",108,,0002-8282,2018,TRUE,AER
AER-2016-1352,NA,10.1257/aer.20161352,AER,NA,American Economic Review,2018-10-01,10,Moved to Opportunity: The Long-Run Effects of Public Housing Demolition on Children,108,,0002-8282,2018,TRUE,AER
AER-2016-1413,NA,10.1257/aer.20161413,AER,NA,American Economic Review,2018-10-01,10,Why Did the Democrats Lose the South? Bringing New Data to an Old Debate,108,,0002-8282,2018,TRUE,AER
AER-2016-1852,NA,10.1257/aer.20161852,AER,NA,American Economic Review,2018-10-01,10,Narrative Sign Restrictions for SVARs,108,,0002-8282,2018,TRUE,AER
AER-2017-0413,NA,10.1257/aer.20170413,AER,NA,American Economic Review,2018-10-01,10,Testing Efficient Risk Sharing with Heterogeneous Risk Preferences: Comment,108,,0002-8282,2018,TRUE,AER
AER-2017-0914,NA,10.1257/aer.20170914,AER,NA,American Economic Review,2018-10-01,10,Learning from Others' Outcomes,108,,0002-8282,2018,TRUE,AER
AER-2017-1676,NA,10.1257/aer.20171676,AER,NA,American Economic Review,2018-10-01,10,Why Do Defaults Affect Behavior? Experimental Evidence from Afghanistan,108,,0002-8282,2018,TRUE,AER
AER-2018-0041,NA,10.1257/aer.20180041,AER,NA,American Economic Review,2018-10-01,10,Testing Efficient Risk Sharing with Heterogeneous Risk Preferences: Reply,108,,0002-8282,2018,TRUE,AER
AER-2013-0470,NA,10.1257/aer.20130470,AER,NA,American Economic Review,2018-11-01,11,"Innovation, Reallocation, and Growth",108,,0002-8282,2018,TRUE,AER
AER-2015-0361,NA,10.1257/aer.20150361,AER,NA,American Economic Review,2018-11-01,11,Firm Sorting and Agglomeration,108,,0002-8282,2018,TRUE,AER
AER-2015-1730,NA,10.1257/aer.20151730,AER,NA,American Economic Review,2018-11-01,11,Temporary Protection and Technology Adoption: Evidence from the Napoleonic Blockade,108,,0002-8282,2018,TRUE,AER
AER-2016-0763,NA,10.1257/aer.20160763,AER,NA,American Economic Review,2018-11-01,11,The Long-Run Effects of Disruptive Peers,108,,0002-8282,2018,TRUE,AER
AER-2016-0848,NA,10.1257/aer.20160848,AER,NA,American Economic Review,2018-11-01,11,"Mismatch of Talent: Evidence on Match Quality, Entry Wages, and Job Mobility",108,,0002-8282,2018,TRUE,AER
AER-2017-0092,NA,10.1257/aer.20170092,AER,NA,American Economic Review,2018-11-01,11,Strategic Patient Discharge: The Case of Long-Term Care Hospitals,108,,0002-8282,2018,TRUE,AER
AER-2017-1330,NA,10.1257/aer.20171330,AER,NA,American Economic Review,2018-11-01,11,Measuring and Bounding Experimenter Demand,108,,0002-8282,2018,TRUE,AER
AER-2014-1123,NA,10.1257/aer.20141123,AER,NA,American Economic Review,2018-11-01,11,BKK the EZ Way: International Long-Run Growth News and Capital Flows,108,,0002-8282,2018,TRUE,AER
AER-2014-1188,NA,10.1257/aer.20141188,AER,NA,American Economic Review,2018-11-01,11,Near-Feasible Stable Matchings with Couples,108,,0002-8282,2018,TRUE,AER
AER-2017-0416,NA,10.1257/aer.20170416,AER,NA,American Economic Review,2018-11-01,11,The Logic of Insurgent Electoral Violence,108,,0002-8282,2018,TRUE,AER
AER-2017-1339,NA,10.1257/aer.20171339,AER,NA,American Economic Review,2018-11-01,11,The Costs of Patronage: Evidence from the British Empire,108,,0002-8282,2018,TRUE,AER
AER-2015-0742,NA,10.1257/aer.20150742,AER,NA,American Economic Review,2018-12-01,12,"Speed, Accuracy, and the Optimal Timing of Choices",108,,0002-8282,2018,TRUE,AER
AER-2015-1272,NA,10.1257/aer.20151272,AER,NA,American Economic Review,2018-12-01,12,"Why Is Pollution from US Manufacturing Declining? The Roles of Environmental Regulation, Productivity, and Trade",108,,0002-8282,2018,TRUE,AER
AER-2015-1507,NA,10.1257/aer.20151507,AER,NA,American Economic Review,2018-12-01,12,"Commuting, Migration, and Local Employment Elasticities",108,,0002-8282,2018,TRUE,AER
AER-2017-0866,NA,10.1257/aer.20170866,AER,NA,American Economic Review,2018-12-01,12,How Are SNAP Benefits Spent? Evidence from a Retail Panel,108,,0002-8282,2018,TRUE,AER
AER-2017-1526,NA,10.1257/aer.20171526,AER,NA,American Economic Review,2018-12-01,12,Time versus State in Insurance: Experimental Evidence from Contract Farming in Kenya,108,,0002-8282,2018,TRUE,AER
AER-2014-0202,NA,10.1257/aer.20140202,AER,NA,American Economic Review,2018-12-01,12,Identifying Industry Margins with Price Constraints: Structural Estimation on Pharmaceuticals,108,,0002-8282,2018,TRUE,AER
AER-2015-1510,NA,10.1257/aer.20151510,AER,NA,American Economic Review,2018-12-01,12,Bad Investments and Missed Opportunities? Postwar Capital Flows to Asia and Latin America,108,,0002-8282,2018,TRUE,AER
AER-2016-1014,NA,10.1257/aer.20161014,AER,NA,American Economic Review,2018-12-01,12,"Health Care Access, Costs, and Treatment Dynamics: Evidence from <i>In Vitro</i> Fertilization",108,,0002-8282,2018,TRUE,AER
AER-2016-1863,NA,10.1257/aer.20161863,AER,NA,American Economic Review,2018-12-01,12,Taking a Financial Position in Your Opponent in Litigation,108,,0002-8282,2018,TRUE,AER
AER-2016-1965,NA,10.1257/aer.20161965,AER,NA,American Economic Review,2018-12-01,12,"Market Integration, Demand, and the Growth of Firms: Evidence From a Natural Experiment in India",108,,0002-8282,2018,TRUE,AER
AER-2017-0133,NA,10.1257/aer.20170133,AER,NA,American Economic Review,2018-12-01,12,The Nexus of Monetary Policy and Shadow Banking in China,108,,0002-8282,2018,TRUE,AER
AER-2013-0249,NA,10.1257/aer.20130249,AER,NA,American Economic Review,2019-01-01,1,A Spatial Knowledge Economy,109,,0002-8282,2019,TRUE,AER
AER-2015-1398,NA,10.1257/aer.20151398,AER,NA,American Economic Review,2019-01-01,1,How Do Patents Affect Follow-On Innovation? Evidence from the Human Genome,109,,0002-8282,2019,TRUE,AER
AER-2016-0034,NA,10.1257/aer.20160034,AER,NA,American Economic Review,2019-01-01,1,Some Causal Effects of an Industrial Policy,109,,0002-8282,2019,TRUE,AER
AER-2017-0619,NA,10.1257/aer.20170619,AER,NA,American Economic Review,2019-01-01,1,The Long-Term Effects of Management and Technology Transfers,109,,0002-8282,2019,TRUE,AER
AER-2017-0627,NA,10.1257/aer.20170627,AER,NA,American Economic Review,2019-01-01,1,An Economic Analysis of Privacy Protection and Statistical Accuracy as Social Choices,109,,0002-8282,2019,TRUE,AER
AER-2017-1019,NA,10.1257/aer.20171019,AER,NA,American Economic Review,2019-01-01,1,Elite Colleges and Upward Mobility to Top Jobs and Top Incomes,109,,0002-8282,2019,TRUE,AER
AER-2018-0277,NA,10.1257/aer.20180277,AER,NA,American Economic Review,2019-01-01,1,Making Moves Matter: Experimental Evidence on Incentivizing Bureaucrats through Performance-Based Postings,109,,0002-8282,2019,TRUE,AER
AER-2016-1488,NA,10.1257/aer.20161488,AER,NA,American Economic Review,2019-01-01,1,Optimal Regulation of Financial Intermediaries,109,,0002-8282,2019,TRUE,AER
AER-2017-0110,NA,10.1257/aer.20170110,AER,NA,American Economic Review,2019-01-01,1,Are Low Interest Rates Deflationary? A Paradox of Perfect-Foresight Analysis,109,,0002-8282,2019,TRUE,AER
AER-2017-1338,NA,10.1257/aer.20171338,AER,NA,American Economic Review,2019-01-01,1,"The Cyclicality of Sales, Regular and Effective Prices: Business Cycle and Policy Implications: Reply",109,,0002-8282,2019,TRUE,AER
AER-2017-0116,NA,10.1257/aer.20170116,AER,NA,American Economic Review,2019-02-01,2,Learning to Coordinate: A Study in Retail Gasoline,109,,0002-8282,2019,TRUE,AER
AER-2018-0281,NA,10.1257/aer.20180281,AER,NA,American Economic Review,2019-02-01,2,Demand and Supply of Infrequent Payments as a Commitment Device: Evidence from Kenya,109,,0002-8282,2019,TRUE,AER
AER-2016-0232,NA,10.1257/aer.20160232,AER,NA,American Economic Review,2019-02-01,2,Fairness and Frictions: The Impact of Unequal Raises on Quit Behavior,109,,0002-8282,2019,TRUE,AER
AER-2016-0346,NA,10.1257/aer.20160346,AER,NA,American Economic Review,2019-02-01,2,"Drilling Like There’s No Tomorrow: Bankruptcy, Insurance, and Environmental Risk",109,,0002-8282,2019,TRUE,AER
AER-2016-0600,NA,10.1257/aer.20160600,AER,NA,American Economic Review,2019-02-01,2,The Taxing Deed of Globalization,109,,0002-8282,2019,TRUE,AER
AER-2017-0237,NA,10.1257/aer.20170237,AER,NA,American Economic Review,2019-02-01,2,Recovery from the Great Depression: The Farm Channel in Spring 1933,109,,0002-8282,2019,TRUE,AER
AER-2017-0995,NA,10.1257/aer.20170995,AER,NA,American Economic Review,2019-02-01,2,Financing Durable Assets,109,,0002-8282,2019,TRUE,AER
AER-2017-1066,NA,10.1257/aer.20171066,AER,NA,American Economic Review,2019-02-01,2,Optimal Trend Inflation,109,,0002-8282,2019,TRUE,AER
AER-2017-1288,NA,10.1257/aer.20171288,AER,NA,American Economic Review,2019-02-01,2,Equilibrium Provider Networks: Bargaining and Exclusion in Health Care Markets,109,,0002-8282,2019,TRUE,AER
AER-2017-1735,NA,10.1257/aer.20171735,AER,NA,American Economic Review,2019-02-01,2,The Social Value of Financial Expertise,109,,0002-8282,2019,TRUE,AER
AER-2017-2020,NA,10.1257/aer.20172020,AER,NA,American Economic Review,2019-02-01,2,When Britain Turned Inward: The Impact of Interwar British Protection,109,,0002-8282,2019,TRUE,AER
AER-2016-1385,NA,10.1257/aer.20161385,AER,NA,American Economic Review,2019-03-01,3,The Arrival of Fast Internet and Employment in Africa,109,,0002-8282,2019,TRUE,AER
AER-2017-0882,NA,10.1257/aer.20170882,AER,NA,American Economic Review,2019-03-01,3,Auctions with Limited Commitment,109,,0002-8282,2019,TRUE,AER
AER-2018-0044,NA,10.1257/aer.20180044,AER,NA,American Economic Review,2019-03-01,3,"Familiarity Does Not Breed Contempt: Generosity, Discrimination, and Diversity in Delhi Schools",109,,0002-8282,2019,TRUE,AER
AER-2015-1182,NA,10.1257/aer.20151182,AER,NA,American Economic Review,2019-03-01,3,Quality Overprovision in Cable Television Markets,109,,0002-8282,2019,TRUE,AER
AER-2016-1076,NA,10.1257/aer.20161076,AER,NA,American Economic Review,2019-03-01,3,Does Household Finance Matter? Small Financial Errors with Large Social Costs,109,,0002-8282,2019,TRUE,AER
AER-2016-1226,NA,10.1257/aer.20161226,AER,NA,American Economic Review,2019-03-01,3,Does Helping John Help Sue? Evidence of Spillovers in Education,109,,0002-8282,2019,TRUE,AER
AER-2016-1441,NA,10.1257/aer.20161441,AER,NA,American Economic Review,2019-03-01,3,Persuasion: The Art of Changing Worldviews,109,,0002-8282,2019,TRUE,AER
AER-2017-0007,NA,10.1257/aer.20170007,AER,NA,American Economic Review,2019-03-01,3,Beliefs about Gender,109,,0002-8282,2019,TRUE,AER
AER-2017-1787,NA,10.1257/aer.20171787,AER,NA,American Economic Review,2019-03-01,3,The Human Capital Stock: A Generalized Approach: Comment,109,,0002-8282,2019,TRUE,AER
AER-2017-1919,NA,10.1257/aer.20171919,AER,NA,American Economic Review,2019-03-01,3,Research and the Approval Process: The Organization of Persuasion,109,,0002-8282,2019,TRUE,AER
AER-2018-0019,NA,10.1257/aer.20180019,AER,NA,American Economic Review,2019-03-01,3,The Quanto Theory of Exchange Rates,109,,0002-8282,2019,TRUE,AER
AER-2018-0288,NA,10.1257/aer.20180288,AER,NA,American Economic Review,2019-03-01,3,How Do Individuals Repay Their Debt? The Balance-Matching Heuristic,109,,0002-8282,2019,TRUE,AER
AER-2018-1678,NA,10.1257/aer.20181678,AER,NA,American Economic Review,2019-03-01,3,The Human Capital Stock: A Generalized Approach: Reply,109,,0002-8282,2019,TRUE,AER
AER-9.4.-1197,NA,10.1257/aer.109.4.1197,AER,NA,American Economic Review,2019-04-01,4,Public Debt and Low Interest Rates,109,,0002-8282,2019,TRUE,AER
AER-2016-1923,NA,10.1257/aer.20161923,AER,NA,American Economic Review,2019-04-01,4,Vulnerable Growth,109,,0002-8282,2019,TRUE,AER
AER-2017-0458,NA,10.1257/aer.20170458,AER,NA,American Economic Review,2019-04-01,4,Alcohol and Self-Control: A Field Experiment in India,109,,0002-8282,2019,TRUE,AER
AER-2017-1112,NA,10.1257/aer.20171112,AER,NA,American Economic Review,2019-04-01,4,Disrupting Education? Experimental Evidence on Technology-Aided Instruction in India,109,,0002-8282,2019,TRUE,AER
AER-2017-1438,NA,10.1257/aer.20171438,AER,NA,American Economic Review,2019-04-01,4,"(Mis)Allocation, Market Power, and Global Oil Extraction",109,,0002-8282,2019,TRUE,AER
AER-9.4.-1616,NA,10.1257/aer.109.4.1616,AER,NA,American Economic Review,2019-04-01,4,WTO Accession and Performance of Chinese Manufacturing Firms: Corrigendum,109,,0002-8282,2019,TRUE,AER
AER-2015-1317,NA,10.1257/aer.20151317,AER,NA,American Economic Review,2019-04-01,4,Large Firm Dynamics and the Business Cycle,109,,0002-8282,2019,TRUE,AER
AER-2015-1422,NA,10.1257/aer.20151422,AER,NA,American Economic Review,2019-04-01,4,Beyond Truth-Telling: Preference Estimation with Centralized School Choice and College Admissions,109,,0002-8282,2019,TRUE,AER
AER-2016-0216,NA,10.1257/aer.20160216,AER,NA,American Economic Review,2019-04-01,4,A Model of Safe Asset Determination,109,,0002-8282,2019,TRUE,AER
AER-2016-1109,NA,10.1257/aer.20161109,AER,NA,American Economic Review,2019-04-01,4,"Delegated Expertise, Authority, and Communication",109,,0002-8282,2019,TRUE,AER
AER-2017-0334,NA,10.1257/aer.20170334,AER,NA,American Economic Review,2019-04-01,4,Selling to Advised Buyers,109,,0002-8282,2019,TRUE,AER
AER-2017-1455,NA,10.1257/aer.20171455,AER,NA,American Economic Review,2019-04-01,4,Subsidizing Health Insurance for Low-Income Adults: Evidence from Massachusetts,109,,0002-8282,2019,TRUE,AER
AER-2018-0325,NA,10.1257/aer.20180325,AER,NA,American Economic Review,2019-04-01,4,Targeting with In-Kind Transfers: Evidence from Medicaid Home Care,109,,0002-8282,2019,TRUE,AER
AER-2015-0811,NA,10.1257/aer.20150811,AER,NA,American Economic Review,2019-05-01,5,"Trade, Migration, and Productivity: A Quantitative Analysis of China",109,,0002-8282,2019,TRUE,AER
AER-2015-1057,NA,10.1257/aer.20151057,AER,NA,American Economic Review,2019-05-01,5,Incentivizing Better Quality of Care: The Role of Medicaid and Competition in the Nursing Home Industry,109,,0002-8282,2019,TRUE,AER
AER-2015-1569,NA,10.1257/aer.20151569,AER,NA,American Economic Review,2019-05-01,5,Structural Interpretation of Vector Autoregressions with Incomplete Identification: Revisiting the Role of Oil Supply and Demand Shocks,109,,0002-8282,2019,TRUE,AER
AER-2016-0404,NA,10.1257/aer.20160404,AER,NA,American Economic Review,2019-05-01,5,Differentiated Durable Goods Monopoly: A Robust Coase Conjecture,109,,0002-8282,2019,TRUE,AER
AER-2017-0279,NA,10.1257/aer.20170279,AER,NA,American Economic Review,2019-05-01,5,"Religion, Division of Labor, and Conflict: Anti-Semitism in Germany over 600 Years",109,,0002-8282,2019,TRUE,AER
AER-2017-0491,NA,10.1257/aer.20170491,AER,NA,American Economic Review,2019-05-01,5,What Drives Differences in Management Practices?,109,,0002-8282,2019,TRUE,AER
AER-2015-1684,NA,10.1257/aer.20151684,AER,NA,American Economic Review,2019-05-01,5,Wealth Distribution and Social Mobility in the US: A Quantitative Approach,109,,0002-8282,2019,TRUE,AER
AER-2016-0576,NA,10.1257/aer.20160576,AER,NA,American Economic Review,2019-05-01,5,Walk on the Wild Side: Temporarily Unstable Paths and Multiplicative Sunspots,109,,0002-8282,2019,TRUE,AER
AER-2017-1937,NA,10.1257/aer.20171937,AER,NA,American Economic Review,2019-05-01,5,"Payroll Taxes, Firm Behavior, and Rent Sharing: Evidence from a Young Workers' Tax Cut in Sweden",109,,0002-8282,2019,TRUE,AER
AER-2018-0145,NA,10.1257/aer.20180145,AER,NA,American Economic Review,2019-05-01,5,Monetary Policy and Rational Asset Price Bubbles: Comment,109,,0002-8282,2019,TRUE,AER
AER-2018-0773,NA,10.1257/aer.20180773,AER,NA,American Economic Review,2019-05-01,5,Revenue Guarantee Equivalence,109,,0002-8282,2019,TRUE,AER
AER-9.6.-1991,NA,10.1257/aer.109.6.1991,AER,NA,American Economic Review,2019-06-01,6,Climate Change: The Ultimate Challenge for Economics,109,,0002-8282,2019,TRUE,AER
AER-9.6.-2015,NA,10.1257/aer.109.6.2015,AER,NA,American Economic Review,2019-06-01,6,Can We Control Carbon Dioxide? (from 1975),109,,0002-8282,2019,TRUE,AER
AER-2016-1434,NA,10.1257/aer.20161434,AER,NA,American Economic Review,2019-06-01,6,Tourism and Economic Development: Evidence from Mexico’s Coastline,109,,0002-8282,2019,TRUE,AER
AER-2017-1722,NA,10.1257/aer.20171722,AER,NA,American Economic Review,2019-06-01,6,Test Design and Minimum Standards,109,,0002-8282,2019,TRUE,AER
AER-2017-1765,NA,10.1257/aer.20171765,AER,NA,American Economic Review,2019-06-01,6,The Impact of Media Censorship: 1984 or Brave New World?,109,,0002-8282,2019,TRUE,AER
AER-2017-2043,NA,10.1257/aer.20172043,AER,NA,American Economic Review,2019-06-01,6,Tax Evasion and Inequality,109,,0002-8282,2019,TRUE,AER
AER-9.6.-2368,NA,10.1257/aer.109.6.2368,AER,NA,American Economic Review,2019-06-01,6,Report of Independent Auditor,109,,0002-8282,2019,TRUE,AER
AER-2014-0193,NA,10.1257/aer.20140193,AER,NA,American Economic Review,2019-06-01,6,A Macroeconomic Model of Price Swings in the Housing Market,109,,0002-8282,2019,TRUE,AER
AER-2016-0409,NA,10.1257/aer.20160409,AER,NA,American Economic Review,2019-06-01,6,Does Incomplete Spanning in International Financial Markets Help to Explain Exchange Rates?,109,,0002-8282,2019,TRUE,AER
AER-2016-1343,NA,10.1257/aer.20161343,AER,NA,American Economic Review,2019-06-01,6,Subsidies and Time Discounting in New Technology Adoption: Evidence from Solar Photovoltaic Systems,109,,0002-8282,2019,TRUE,AER
AER-2018-0086,NA,10.1257/aer.20180086,AER,NA,American Economic Review,2019-06-01,6,The Effect of House Prices on Household Borrowing: A New Approach,109,,0002-8282,2019,TRUE,AER
AER-2017-0973,NA,10.1257/aer.20170973,AER,NA,American Economic Review,2019-07-01,7,"Capital Accumulation, Private Property, and Rising Inequality in China, 1978–2015",109,,0002-8282,2019,TRUE,AER
AER-2018-0688,NA,10.1257/aer.20180688,AER,NA,American Economic Review,2019-07-01,7,Deliberately Stochastic,109,,0002-8282,2019,TRUE,AER
AER-2015-0958,NA,10.1257/aer.20150958,AER,NA,American Economic Review,2019-07-01,7,The Political Legacy of Entertainment TV,109,,0002-8282,2019,TRUE,AER
AER-2015-1231,NA,10.1257/aer.20151231,AER,NA,American Economic Review,2019-07-01,7,"Disability Benefits, Consumption Insurance, and Household Labor Supply",109,,0002-8282,2019,TRUE,AER
AER-2016-2011,NA,10.1257/aer.20162011,AER,NA,American Economic Review,2019-07-01,7,The Dynamic Effects of Personal and Corporate Income Tax Changes in the United States: Comment,109,,0002-8282,2019,TRUE,AER
AER-2017-0537,NA,10.1257/aer.20170537,AER,NA,American Economic Review,2019-07-01,7,Consumer Spending during Unemployment: Positive and Normative Implications,109,,0002-8282,2019,TRUE,AER
AER-2017-1484,NA,10.1257/aer.20171484,AER,NA,American Economic Review,2019-07-01,7,Incentives and the Supply of Effective Charter Schools,109,,0002-8282,2019,TRUE,AER
AER-2018-0336,NA,10.1257/aer.20180336,AER,NA,American Economic Review,2019-07-01,7,The Sources of Capital Misallocation,109,,0002-8282,2019,TRUE,AER
AER-2018-0707,NA,10.1257/aer.20180707,AER,NA,American Economic Review,2019-07-01,7,The Dynamic Effects of Personal and Corporate Income Tax Changes in the United States: Reply,109,,0002-8282,2019,TRUE,AER
AER-2016-1574,NA,10.1257/aer.20161574,AER,NA,American Economic Review,2019-08-01,8,Does Science Advance One Funeral at a Time?,109,,0002-8282,2019,TRUE,AER
AER-2016-1720,NA,10.1257/aer.20161720,AER,NA,American Economic Review,2019-08-01,8,"Frictions in a Competitive, Regulated Market: Evidence from Taxis",109,,0002-8282,2019,TRUE,AER
AER-2017-1000,NA,10.1257/aer.20171000,AER,NA,American Economic Review,2019-08-01,8,Optimal Dynamic Allocation of Attention,109,,0002-8282,2019,TRUE,AER
AER-2018-0568,NA,10.1257/aer.20180568,AER,NA,American Economic Review,2019-08-01,8,Paying for Kidneys? A Randomized Survey and Choice Experiment,109,,0002-8282,2019,TRUE,AER
AER-2017-0159,NA,10.1257/aer.20170159,AER,NA,American Economic Review,2019-08-01,8,Crises: Equilibrium Shifts and Large Shocks,109,,0002-8282,2019,TRUE,AER
AER-2017-1172,NA,10.1257/aer.20171172,AER,NA,American Economic Review,2019-08-01,8,Parents’ Beliefs about Their Children’s Academic Ability: Implications for Educational Investments,109,,0002-8282,2019,TRUE,AER
AER-2017-1445,NA,10.1257/aer.20171445,AER,NA,American Economic Review,2019-08-01,8,Who Pays for the Minimum Wage?,109,,0002-8282,2019,TRUE,AER
AER-2017-1745,NA,10.1257/aer.20171745,AER,NA,American Economic Review,2019-08-01,8,Missing Growth from Creative Destruction,109,,0002-8282,2019,TRUE,AER
AER-2018-0310,NA,10.1257/aer.20180310,AER,NA,American Economic Review,2019-08-01,8,Identification of and Correction for Publication Bias,109,,0002-8282,2019,TRUE,AER
AER-2014-1766,NA,10.1257/aer.20141766,AER,NA,American Economic Review,2019-09-01,9,Slow Moving Debt Crises,109,,0002-8282,2019,TRUE,AER
AER-2016-0328,NA,10.1257/aer.20160328,AER,NA,American Economic Review,2019-09-01,9,"Bargaining over Babies: Theory, Evidence, and Policy Implications",109,,0002-8282,2019,TRUE,AER
AER-2016-0658,NA,10.1257/aer.20160658,AER,NA,American Economic Review,2019-09-01,9,Consumers as Tax Auditors,109,,0002-8282,2019,TRUE,AER
AER-2018-0609,NA,10.1257/aer.20180609,AER,NA,American Economic Review,2019-09-01,9,Pre-Event Trends in the Panel Event-Study Design,109,,0002-8282,2019,TRUE,AER
AER-2018-1289,NA,10.1257/aer.20181289,AER,NA,American Economic Review,2019-09-01,9,"The Effects of Rent Control Expansion on Tenants, Landlords, and Inequality: Evidence from San Francisco",109,,0002-8282,2019,TRUE,AER
AER-2016-1345,NA,10.1257/aer.20161345,AER,NA,American Economic Review,2019-09-01,9,Brands in Motion: How Frictions Shape Multinational Production,109,,0002-8282,2019,TRUE,AER
AER-2016-1661,NA,10.1257/aer.20161661,AER,NA,American Economic Review,2019-09-01,9,Bank Networks and Systemic Risk: Evidence from the National Banking Acts,109,,0002-8282,2019,TRUE,AER
AER-2017-1534,NA,10.1257/aer.20171534,AER,NA,American Economic Review,2019-09-01,9,Bayesian Identification: A Theory for State-Dependent Utilities,109,,0002-8282,2019,TRUE,AER
AER-2018-0131,NA,10.1257/aer.20180131,AER,NA,American Economic Review,2019-09-01,9,How Efficient Is Dynamic Competition? The Case of Price as Investment,109,,0002-8282,2019,TRUE,AER
AER-2017-0346,NA,10.1257/aer.20170346,AER,NA,American Economic Review,2019-10-01,10,Firms’ Internal Networks and Local Economic Shocks,109,,0002-8282,2019,TRUE,AER
AER-2017-1764,NA,10.1257/aer.20171764,AER,NA,American Economic Review,2019-10-01,10,Failures in Contingent Reasoning: The Role of Uncertainty,109,,0002-8282,2019,TRUE,AER
AER-2017-1829,NA,10.1257/aer.20171829,AER,NA,American Economic Review,2019-10-01,10,The Dynamics of Discrimination: Theory and Evidence,109,,0002-8282,2019,TRUE,AER
AER-2014-0773,NA,10.1257/aer.20140773,AER,NA,American Economic Review,2019-10-01,10,Competition and Strategic Incentives in the Market for Credit Ratings: Empirics of the Financial Crisis of 2007,109,,0002-8282,2019,TRUE,AER
AER-2017-0721,NA,10.1257/aer.20170721,AER,NA,American Economic Review,2019-10-01,10,Is Inflation Default? The Role of Information in Debt Crises,109,,0002-8282,2019,TRUE,AER
AER-2017-1840,NA,10.1257/aer.20171840,AER,NA,American Economic Review,2019-10-01,10,Equilibrium Effects of Firm Subsidies,109,,0002-8282,2019,TRUE,AER
AER-2018-0412,NA,10.1257/aer.20180412,AER,NA,American Economic Review,2019-10-01,10,Does Regulatory Jurisdiction Affect the Quality of Investment-Adviser Regulation?,109,,0002-8282,2019,TRUE,AER
AER-2018-1897,NA,10.1257/aer.20181897,AER,NA,American Economic Review,2019-10-01,10,Quantifying Information and Uncertainty,109,,0002-8282,2019,TRUE,AER
AER-2016-1218,NA,10.1257/aer.20161218,AER,NA,American Economic Review,2019-11-01,11,Expecting the Unexpected: Emissions Uncertainty and Environmental Market Design,109,,0002-8282,2019,TRUE,AER
AER-2017-1400,NA,10.1257/aer.20171400,AER,NA,American Economic Review,2019-11-01,11,"Monetary Policy, Bounded Rationality, and Incomplete Markets",109,,0002-8282,2019,TRUE,AER
AER-2017-1939,NA,10.1257/aer.20171939,AER,NA,American Economic Review,2019-11-01,11,Training and Effort Dynamics in Apprenticeship,109,,0002-8282,2019,TRUE,AER
AER-2018-0771,NA,10.1257/aer.20180771,AER,NA,American Economic Review,2019-11-01,11,Market Failure in Kidney Exchange,109,,0002-8282,2019,TRUE,AER
AER-2018-0998,NA,10.1257/aer.20180998,AER,NA,American Economic Review,2019-11-01,11,Liquidity Sentiments,109,,0002-8282,2019,TRUE,AER
AER-2018-0174,NA,10.1257/aer.20180174,AER,NA,American Economic Review,2019-11-01,11,Unity in Diversity? How Intergroup Contact Can Foster Nation Building,109,,0002-8282,2019,TRUE,AER
AER-2018-0608,NA,10.1257/aer.20180608,AER,NA,American Economic Review,2019-11-01,11,The Paradox of Global Thrift,109,,0002-8282,2019,TRUE,AER
AER-2018-1164,NA,10.1257/aer.20181164,AER,NA,American Economic Review,2019-11-01,11,Did Austerity Cause Brexit?,109,,0002-8282,2019,TRUE,AER
AER-2018-1480,NA,10.1257/aer.20181480,AER,NA,American Economic Review,2019-11-01,11,Strategy Choice in the Infinitely Repeated Prisoner’s Dilemma,109,,0002-8282,2019,TRUE,AER
AER-2018-1714,NA,10.1257/aer.20181714,AER,NA,American Economic Review,2019-11-01,11,Incentivized Resume Rating: Eliciting Employer Preferences without Deception,109,,0002-8282,2019,TRUE,AER
AER-2016-1471,NA,10.1257/aer.20161471,AER,NA,American Economic Review,2019-12-01,12,Self-Fulfilling Debt Crises: A Quantitative Analysis,109,,0002-8282,2019,TRUE,AER
AER-2016-1925,NA,10.1257/aer.20161925,AER,NA,American Economic Review,2019-12-01,12,Occupations and Import Competition: Evidence from Denmark,109,,0002-8282,2019,TRUE,AER
AER-2017-0263,NA,10.1257/aer.20170263,AER,NA,American Economic Review,2019-12-01,12,"The Violent Legacy of Conflict: Evidence on Asylum Seekers, Crime, and Public Policy in Switzerland",109,,0002-8282,2019,TRUE,AER
AER-2018-0098,NA,10.1257/aer.20180098,AER,NA,American Economic Review,2019-12-01,12,The Term Structure of Currency Carry Trade Risk Premia,109,,0002-8282,2019,TRUE,AER
AER-2018-0279,NA,10.1257/aer.20180279,AER,NA,American Economic Review,2019-12-01,12,The Mortality and Medical Costs of Air Pollution: Evidence from Changes in Wind Direction,109,,0002-8282,2019,TRUE,AER
AER-2018-0654,NA,10.1257/aer.20180654,AER,NA,American Economic Review,2019-12-01,12,Predicting and Understanding Initial Play,109,,0002-8282,2019,TRUE,AER
AER-2018-1446,NA,10.1257/aer.20181446,AER,NA,American Economic Review,2019-12-01,12,Does Diversity Matter for Health? Experimental Evidence from Oakland,109,,0002-8282,2019,TRUE,AER
AER-2016-1457,NA,10.1257/aer.20161457,AER,NA,American Economic Review,2019-12-01,12,Sovereign Debt and Structural Reforms,109,,0002-8282,2019,TRUE,AER
AER-2017-2015,NA,10.1257/aer.20172015,AER,NA,American Economic Review,2019-12-01,12,Does Strategic Ability Affect Efficiency? Evidence from Electricity Markets,109,,0002-8282,2019,TRUE,AER
AER-2015-0183,NA,10.1257/aer.20150183,AER,NA,American Economic Review,2020-01-01,1,Estimating the Production Function for Human Capital: Results from a Randomized Controlled Trial in Colombia,110,,0002-8282,2020,TRUE,AER
AER-2015-1079,NA,10.1257/aer.20151079,AER,NA,American Economic Review,2020-01-01,1,Optimal Taxation with Behavioral Agents,110,,0002-8282,2020,TRUE,AER
AER-2017-0581,NA,10.1257/aer.20170581,AER,NA,American Economic Review,2020-01-01,1,Efficient Child Care Subsidies,110,,0002-8282,2020,TRUE,AER
AER-2017-1034,NA,10.1257/aer.20171034,AER,NA,American Economic Review,2020-01-01,1,Diffusing Coordination Risk,110,,0002-8282,2020,TRUE,AER
AER-2015-0210,NA,10.1257/aer.20150210,AER,NA,American Economic Review,2020-01-01,1,Positive Long-Run Capital Taxation: Chamley-Judd Revisited,110,,0002-8282,2020,TRUE,AER
AER-2018-0601,NA,10.1257/aer.20180601,AER,NA,American Economic Review,2020-01-01,1,Diffusion Games,110,,0002-8282,2020,TRUE,AER
AER-2018-0946,NA,10.1257/aer.20180946,AER,NA,American Economic Review,2020-01-01,1,"Regulating Innovation with Uncertain Quality: Information, Risk, and Access in Medical Devices",110,,0002-8282,2020,TRUE,AER
AER-2018-0976,NA,10.1257/aer.20180976,AER,NA,American Economic Review,2020-01-01,1,Way Down in the Hole: Adaptation to Long-Term Water Loss in Rural India,110,,0002-8282,2020,TRUE,AER
AER-2019-0789,NA,10.1257/aer.20190789,AER,NA,American Economic Review,2020-01-01,1,Putting the Cycle Back into Business Cycle Analysis,110,,0002-8282,2020,TRUE,AER
AER-2017-1553,NA,10.1257/aer.20171553,AER,NA,American Economic Review,2020-02-01,2,Strategyproof Choice of Social Acts,110,,0002-8282,2020,TRUE,AER
AER-2018-0728,NA,10.1257/aer.20180728,AER,NA,American Economic Review,2020-02-01,2,The Dynamics of Motivated Beliefs,110,,0002-8282,2020,TRUE,AER
AER-2018-1052,NA,10.1257/aer.20181052,AER,NA,American Economic Review,2020-02-01,2,Online Privacy and Information Disclosure by Consumers,110,,0002-8282,2020,TRUE,AER
AER-2018-1316,NA,10.1257/aer.20181316,AER,NA,American Economic Review,2020-02-01,2,Bargaining and News,110,,0002-8282,2020,TRUE,AER
AER-2014-1772,NA,10.1257/aer.20141772,AER,NA,American Economic Review,2020-03-01,3,Segmented Housing Search,110,,0002-8282,2020,TRUE,AER
AER-2016-1491,NA,10.1257/aer.20161491,AER,NA,American Economic Review,2020-03-01,3,Endogenous Monitoring in a Partnership Game,110,,0002-8282,2020,TRUE,AER
AER-2018-1606,NA,10.1257/aer.20181606,AER,NA,American Economic Review,2020-03-01,3,The Race to the Base,110,,0002-8282,2020,TRUE,AER
AER-2019-0234,NA,10.1257/aer.20190234,AER,NA,American Economic Review,2020-03-01,3,Raising Capital from Heterogeneous Investors,110,,0002-8282,2020,TRUE,AER
AER-10.4-.943,NA,10.1257/aer.110.4.943,AER,NA,American Economic Review,2020-04-01,4,The New Tools of Monetary Policy,110,,0002-8282,2020,TRUE,AER
AER-2019-1814,NA,10.1257/aer.20191814,AER,NA,American Economic Review,2020-04-01,4,Steering the Climate System: Using Inertia to Lower the Cost of Policy: Reply,110,,0002-8282,2020,TRUE,AER
AER-2019-0080,NA,10.1257/aer.20190080,AER,NA,American Economic Review,2020-05-01,5,Learning under Diverse World Views: Model-Based Inference,110,,0002-8282,2020,TRUE,AER
AER-2019-0283,NA,10.1257/aer.20190283,AER,NA,American Economic Review,2020-05-01,5,A Model of Complex Contracts,110,,0002-8282,2020,TRUE,AER
AER-2017-0045,NA,10.1257/aer.20170045,AER,NA,American Economic Review,2020-06-01,6,Turnover Liquidity and the Transmission of Monetary Policy,110,,0002-8282,2020,TRUE,AER
AER-0.6.-1921,NA,10.1257/aer.110.6.1921,AER,NA,American Economic Review,2020-06-01,6,REPORT OF INDEPENDENT AUDITOR,110,,0002-8282,2020,TRUE,AER
AER-2017-0156,NA,10.1257/aer.20170156,AER,NA,American Economic Review,2020-06-01,6,The Elephant in the Room: The Impact of Labor Obligations on Credit Markets,110,,0002-8282,2020,TRUE,AER
AER-2018-0888,NA,10.1257/aer.20180888,AER,NA,American Economic Review,2020-06-01,6,Geographic Dispersion of Economic Shocks: Evidence from the Fracking Revolution: Comment,110,,0002-8282,2020,TRUE,AER
AER-2018-1396,NA,10.1257/aer.20181396,AER,NA,American Economic Review,2020-06-01,6,Expert-Captured Democracies,110,,0002-8282,2020,TRUE,AER
AER-0.7.-1937,NA,10.1257/aer.110.7.1937,AER,NA,American Economic Review,2020-07-01,7,Field Experiments and the Practice of Economics,110,,0002-8282,2020,TRUE,AER
AER-0.7.-1952,NA,10.1257/aer.110.7.1952,AER,NA,American Economic Review,2020-07-01,7,Field Experiments and the Practice of Policy,110,,0002-8282,2020,TRUE,AER
AER-0.7.-1974,NA,10.1257/aer.110.7.1974,AER,NA,American Economic Review,2020-07-01,7,"Experimentation, Innovation, and Economics",110,,0002-8282,2020,TRUE,AER
AER-2018-0427,NA,10.1257/aer.20180427,AER,NA,American Economic Review,2020-07-01,7,"Relational Contracting, Negotiation, and External Enforcement",110,,0002-8282,2020,TRUE,AER
AER-2018-1798,NA,10.1257/aer.20181798,AER,NA,American Economic Review,2020-07-01,7,Acquiring Information through Peers,110,,0002-8282,2020,TRUE,AER
AER-2018-1186,NA,10.1257/aer.20181186,AER,NA,American Economic Review,2020-08-01,8,Stability and Bayesian Consistency in Two-Sided Markets,110,,0002-8282,2020,TRUE,AER
AER-2017-0620,NA,10.1257/aer.20170620,AER,NA,American Economic Review,2020-09-01,9,Ultimatum Bargaining with Rational Inattention,110,,0002-8282,2020,TRUE,AER
AER-2019-0780,NA,10.1257/aer.20190780,AER,NA,American Economic Review,2020-09-01,9,Job Matching under Constraints,110,,0002-8282,2020,TRUE,AER
AER-2017-0476,NA,10.1257/aer.20170476,AER,NA,American Economic Review,2020-10-01,10,Voter Turnout with Peer Punishment,110,,0002-8282,2020,TRUE,AER
AER-2019-1099,NA,10.1257/aer.20191099,AER,NA,American Economic Review,2020-12-01,12,A Model of Competing Narratives,110,,0002-8282,2020,TRUE,AER
AER-2020-0068,NA,10.1257/aer.20200068,AER,NA,American Economic Review,2020-12-01,12,A Few Bad Apples Spoil the Barrel: An Anti-Folk Theorem for Anonymous Repeated Games with Incomplete Information,110,,0002-8282,2020,TRUE,AER
AER-2015-1147,NA,10.1257/aer.20151147,AER,NA,American Economic Review,2021-01-01,1,The Distributional Consequences of Public School Choice,111,,0002-8282,2021,TRUE,AER
AER-11.2-.755,NA,10.1257/aer.111.2.755,AER,NA,American Economic Review,2021-02-01,2,What Makes a Rule Complex? Erratum,111,,0002-8282,2021,TRUE,AER
AER-2019-0390,NA,10.1257/aer.20190390,AER,NA,American Economic Review,2021-02-01,2,A Theory of Chosen Preferences,111,,0002-8282,2021,TRUE,AER
AER-2020-0555,NA,10.1257/aer.20200555,AER,NA,American Economic Review,2021-03-01,3,Rank Uncertainty in Organizations,111,,0002-8282,2021,TRUE,AER
AER-1.5.-1383,NA,10.1257/aer.111.5.1383,AER,NA,American Economic Review,2021-05-01,5,Auction Research Evolving: Theorems and Market Designs,111,,0002-8282,2021,TRUE,AER
AER-1.6.-2049,NA,10.1257/aer.111.6.2049,AER,NA,American Economic Review,2021-06-01,6,REPORT OF INDEPENDENT AUDITOR,111,,0002-8282,2021,TRUE,AER
AER-2020-1214,NA,10.1257/aer.20201214,AER,NA,American Economic Review,2021-06-01,6,Digital Dystopia,111,,0002-8282,2021,TRUE,AER
AER-2020-0829,NA,10.1257/aer.20200829,AER,NA,American Economic Review,2021-07-01,7,Market Fragmentation,111,,0002-8282,2021,TRUE,AER
AER-2019-0189,NA,10.1257/aer.20190189,AER,NA,American Economic Review,2021-08-01,8,Entry-Proofness and Discriminatory Pricing under Adverse Selection,111,,0002-8282,2021,TRUE,AER
AER-2019-1321,NA,10.1257/aer.20191321,AER,NA,American Economic Review,2021-08-01,8,Mediation in Reputational Bargaining,111,,0002-8282,2021,TRUE,AER
AER-2018-0517,NA,10.1257/aer.20180517,AER,NA,American Economic Review,2021-09-01,9,The Risk-Adjusted Carbon Price,111,,0002-8282,2021,TRUE,AER
AER-2019-0197,NA,10.1257/aer.20190197,AER,NA,American Economic Review,2021-09-01,9,Implementation by Vote-Buying Mechanisms,111,,0002-8282,2021,TRUE,AER
AER-2020-1692,NA,10.1257/aer.20201692,AER,NA,American Economic Review,2021-09-01,9,Justified Communication Equilibrium,111,,0002-8282,2021,TRUE,AER
AER-2020-0988,NA,10.1257/aer.20200988,AER,NA,American Economic Review,2021-10-01,10,Projection of Private Values in Auctions,111,,0002-8282,2021,TRUE,AER
AER-2015-0004,NA,10.1257/aer.20150004,AER,NA,American Economic Review,2021-11-01,11,Bargaining under the Illusion of Transparency,111,,0002-8282,2021,TRUE,AER
AER-2020-1769,NA,10.1257/aer.20201769,AER,NA,American Economic Review,2021-11-01,11,Constrained Pseudo-Market Equilibrium,111,,0002-8282,2021,TRUE,AER
AER-2020-1817,NA,10.1257/aer.20201817,AER,NA,American Economic Review,2021-12-01,12,Delegation in Veto Bargaining,111,,0002-8282,2021,TRUE,AER
AER-2021-0496,NA,10.1257/aer.20210496,AER,NA,American Economic Review,2022-01-01,1,Counterfactuals with Latent Information,112,,0002-8282,2022,TRUE,AER
AER-2021-0083,NA,10.1257/aer.20210083,AER,NA,American Economic Review,2022-02-01,2,Consumer Information and the Limits to Competition,112,,0002-8282,2022,TRUE,AER
AER-2020-1092,NA,10.1257/aer.20201092,AER,NA,American Economic Review,2022-02-01,2,"Incomplete Information Bargaining with Applications to Mergers, Investment, and Vertical Integration",112,,0002-8282,2022,TRUE,AER
AER-2020-0212,NA,10.1257/aer.20200212,AER,NA,American Economic Review,2022-03-01,3,Designing Deadlines,112,,0002-8282,2022,TRUE,AER
AER-2.4.-1075,NA,10.1257/aer.112.4.1075,AER,NA,American Economic Review,2022-04-01,4,Who Set Your Wage?,112,,0002-8282,2022,TRUE,AER
AER-2021-0616,NA,10.1257/aer.20210616,AER,NA,American Economic Review,2022-04-01,4,Selling Consumer Data for Profit: Optimal ­Market-Segmentation Design and Its Consequences,112,,0002-8282,2022,TRUE,AER
AER-2020-1063,NA,10.1257/aer.20201063,AER,NA,American Economic Review,2022-05-01,5,Macroeconomic Implications of COVID-19: Can Negative Supply Shocks Cause Demand Shortages?,112,,0002-8282,2022,TRUE,AER
AER-2.5.-1395,NA,10.1257/aer.112.5.1395,AER,NA,American Economic Review,2022-05-01,5,A Special Introduction,112,,0002-8282,2022,TRUE,AER
AER-2020-1026,NA,10.1257/aer.20201026,AER,NA,American Economic Review,2022-05-01,5,Bargaining over Contingent Contracts under Incomplete Information,112,,0002-8282,2022,TRUE,AER
AER-2020-1529,NA,10.1257/aer.20201529,AER,NA,American Economic Review,2022-05-01,5,Effective Demand Failures and the Limits of Monetary Stabilization Policy,112,,0002-8282,2022,TRUE,AER
AER-2020-1718,NA,10.1257/aer.20201718,AER,NA,American Economic Review,2022-05-01,5,Bargaining over a Divisible Good in the Market for Lemons,112,,0002-8282,2022,TRUE,AER
AER-2020-1098,NA,10.1257/aer.20201098,AER,NA,American Economic Review,2022-06-01,6,Screening Inattentive Buyers,112,,0002-8282,2022,TRUE,AER
AER-2021-0240,NA,10.1257/aer.20210240,AER,NA,American Economic Review,2022-06-01,6,Efficient Matching in the School Choice Problem,112,,0002-8282,2022,TRUE,AER
AER-2.6.-1773,NA,10.1257/aer.112.6.1773,AER,NA,American Economic Review,2022-06-01,6,Design-Based Research in Empirical Microeconomics,112,,0002-8282,2022,TRUE,AER
AER-2.6.-2083,NA,10.1257/aer.112.6.2083,AER,NA,American Economic Review,2022-06-01,6,REPORT OF INDEPENDENT AUDITOR,112,,0002-8282,2022,TRUE,AER
AER-2021-0626,NA,10.1257/aer.20210626,AER,NA,American Economic Review,2022-06-01,6,Bargaining with Mechanisms,112,,0002-8282,2022,TRUE,AER
AER-2020-0505,NA,10.1257/aer.20200505,AER,NA,American Economic Review,2022-08-01,8,Sentiment and Speculation in a Market with Heterogeneous Beliefs,112,,0002-8282,2022,TRUE,AER
AER-2021-0220,NA,10.1257/aer.20210220,AER,NA,American Economic Review,2022-08-01,8,Supply Network Formation and Fragility,112,,0002-8282,2022,TRUE,AER
AER-2021-0879,NA,10.1257/aer.20210879,AER,NA,American Economic Review,2022-09-01,9,Experimental Cost of Information,112,,0002-8282,2022,TRUE,AER
AER-2019-0486,NA,10.1257/aer.20190486,AER,NA,American Economic Review,2022-09-01,9,Dispersed Behavior and Perceptions in Assortative Societies,112,,0002-8282,2022,TRUE,AER
AER-2021-1069,NA,10.1257/aer.20211069,AER,NA,American Economic Review,2022-09-01,9,Separating Ownership and Information,112,,0002-8282,2022,TRUE,AER
AER-2021-1125,NA,10.1257/aer.20211125,AER,NA,American Economic Review,2022-10-01,10,Demagogues and the Economic Fragility of Democracies,112,,0002-8282,2022,TRUE,AER
AER-2021-1158,NA,10.1257/aer.20211158,AER,NA,American Economic Review,2022-12-01,12,Learning from Manipulable Signals,112,,0002-8282,2022,TRUE,AER
AER-2021-1428,NA,10.1257/aer.20211428,AER,NA,American Economic Review,2022-12-01,12,Dynamic Amnesty Programs,112,,0002-8282,2022,TRUE,AER
AER-2021-1524,NA,10.1257/aer.20211524,AER,NA,American Economic Review,2023-01-01,1,Unobserved-Offers Bargaining,113,,0002-8282,2023,TRUE,AER
AER-2022-0199,NA,10.1257/aer.20220199,AER,NA,American Economic Review,2023-03-01,3,Nonlinear Pricing with Underutilization: A Theory of Multi-part Tariffs,113,,0002-8282,2023,TRUE,AER
AER-2021-0476,NA,10.1257/aer.20210476,AER,NA,American Economic Review,2023-04-01,4,Is There Too Much Benchmarking in Asset Management?,113,,0002-8282,2023,TRUE,AER
AER-3.5.-1143,NA,10.1257/aer.113.5.1143,AER,NA,American Economic Review,2023-05-01,5,"Nobel Lecture: Banking, Credit, and Economic Fluctuations",113,,0002-8282,2023,TRUE,AER
AER-2022-0357,NA,10.1257/aer.20220357,AER,NA,American Economic Review,2023-05-01,5,Smart Contracts and the Coase Conjecture,113,,0002-8282,2023,TRUE,AER
AER-2019-0185,NA,10.1257/aer.20190185,AER,NA,American Economic Review,2023-05-01,5,The Cost of Information: The Case of Constant Marginal Costs,113,,0002-8282,2023,TRUE,AER
AER-3.6.-1395,NA,10.1257/aer.113.6.1395,AER,NA,American Economic Review,2023-06-01,6,Presidential Address: Does Monetary Policy Matter? The Narrative Approach after 35 Years,113,,0002-8282,2023,TRUE,AER
AER-3.6.-1686,NA,10.1257/aer.113.6.1686,AER,NA,American Economic Review,2023-06-01,6,Report of Independent Auditor,113,,0002-8282,2023,TRUE,AER
AER-3.7.-2053,NA,10.1257/aer.113.7.2053,AER,NA,American Economic Review,2023-07-01,7,Retraction of “Dividend Taxes and the Allocation of Capital”,113,,0002-8282,2023,TRUE,AER
AER-2020-0780,NA,10.1257/aer.20200780,AER,NA,American Economic Review,2023-08-01,8,The Political Economy of International Regulatory Cooperation,113,,0002-8282,2023,TRUE,AER
AER-2022-0699,NA,10.1257/aer.20220699,AER,NA,American Economic Review,2023-09-01,9,Choice-Screen Auctions,113,,0002-8282,2023,TRUE,AER
AER-2021-0710,NA,10.1257/aer.20210710,AER,NA,American Economic Review,2023-10-01,10,Regulation Design in Insurance Markets,113,,0002-8282,2023,TRUE,AER
AER-2022-1247,NA,10.1257/aer.20221247,AER,NA,American Economic Review,2023-10-01,10,"Optimal Insurance: Dual Utility, Random Losses, and Adverse Selection",113,,0002-8282,2023,TRUE,AER
AER-2022-1578,NA,10.1257/aer.20221578,AER,NA,American Economic Review,2023-11-01,11,Who Controls the Agenda Controls the Legislature,113,,0002-8282,2023,TRUE,AER
AER-2022-1605,NA,10.1257/aer.20221605,AER,NA,American Economic Review,2024-01-01,1,Competing to Commit: Markets with Rational Inattention,114,,0002-8282,2024,TRUE,AER
AER-2022-1149,NA,10.1257/aer.20221149,AER,NA,American Economic Review,2024-02-01,2,Prolonged Learning and Hasty Stopping: The Wald Problem with Ambiguity,114,,0002-8282,2024,TRUE,AER
JEL-2022-1569,NA,10.1257/jel.20221569,JEL,NA,Journal of Economic Literature,2024-06-01,2,"Racial Disparities in the Criminal Legal System:
                    <i>Shadows of Doubt</i>
                    and Beyond",62,,2328-8175,2024,TRUE,JEL
JEL-2022-1580,NA,10.1257/jel.20221580,JEL,NA,Journal of Economic Literature,2024-06-01,2,Data and the Aggregate Economy,62,,2328-8175,2024,TRUE,JEL
JEL-2022-1679,NA,10.1257/jel.20221679,JEL,NA,Journal of Economic Literature,2024-06-01,2,Combinatorial Auctions in Practice,62,,2328-8175,2024,TRUE,JEL
JEL-2022-1494,NA,10.1257/jel.20221494,JEL,NA,Journal of Economic Literature,2024-06-01,2,The Political Economics of Non-democracy,62,,2328-8175,2024,TRUE,JEL
JEL-2022-1534,NA,10.1257/jel.20221534,JEL,NA,Journal of Economic Literature,2024-06-01,2,Nonparametric Approaches to Empirical Welfare Analysis,62,,2328-8175,2024,TRUE,JEL
JEL-2022-1647,NA,10.1257/jel.20221647,JEL,NA,Journal of Economic Literature,2024-06-01,2,Optimal Income Taxation,62,,2328-8175,2024,TRUE,JEL
JEL-62.2-.807,NA,10.1257/jel.62.2.807,JEL,NA,Journal of Economic Literature,2024-06-01,2,Book Reviews,62,,2328-8175,2024,TRUE,JEL
JEL-2.80-7.r1,NA,10.1257/jel.62.2.807.r1,JEL,NA,Journal of Economic Literature,2024-06-01,2,Schooled and Sorted: How Educational Categories Create Inequality,62,,2328-8175,2024,TRUE,JEL
JEL-2.80-7.r2,NA,10.1257/jel.62.2.807.r2,JEL,NA,Journal of Economic Literature,2024-06-01,2,Plagues upon the Earth: Disease and the Course of Human History,62,,2328-8175,2024,TRUE,JEL
JEL-2.80-7.r3,NA,10.1257/jel.62.2.807.r3,JEL,NA,Journal of Economic Literature,2024-06-01,2,The Capitalist Manifesto: Why the Global Free Market Will Save the World,62,,2328-8175,2024,TRUE,JEL
JEL-2.80-7.r4,NA,10.1257/jel.62.2.807.r4,JEL,NA,Journal of Economic Literature,2024-06-01,2,Monetary Policy and Its Unintended Consequences,62,,2328-8175,2024,TRUE,JEL
JEL-2.80-7.r5,NA,10.1257/jel.62.2.807.r5,JEL,NA,Journal of Economic Literature,2024-06-01,2,The Golden Passport: Global Mobility for Millionaires,62,,2328-8175,2024,TRUE,JEL
JEL-2.80-7.r6,NA,10.1257/jel.62.2.807.r6,JEL,NA,Journal of Economic Literature,2024-06-01,2,Hope and Healing: Black Colleges and the Future of American Democracy,62,,2328-8175,2024,TRUE,JEL
JEL-2.80-7.r7,NA,10.1257/jel.62.2.807.r7,JEL,NA,Journal of Economic Literature,2024-06-01,2,The Crisis of Democratic Capitalism,62,,2328-8175,2024,TRUE,JEL
JEL-62.2-.821,NA,10.1257/jel.62.2.821,JEL,NA,Journal of Economic Literature,2024-06-01,2,<i>Annotated Listing of New Books</i>,62,,2328-8175,2024,TRUE,JEL
JEL-62.2-.870,NA,10.1257/jel.62.2.870,JEL,NA,Journal of Economic Literature,2024-06-01,2,<i>JEL Classification System</i>,62,,2328-8175,2024,TRUE,JEL
JEL-2023-1666,NA,10.1257/jel.20231666,JEL,NA,Journal of Economic Literature,2024-09-01,3,Religion and Growth,62,,2328-8175,2024,TRUE,JEL
JEL-2024-1472,NA,10.1257/jel.20241472,JEL,NA,Journal of Economic Literature,2024-09-01,3,Information Cascades and Social Learning,62,,2328-8175,2024,TRUE,JEL
JEL-2022-1651,NA,10.1257/jel.20221651,JEL,NA,Journal of Economic Literature,2024-09-01,3,France after 1789: Essay on Elster’s <i>France before 1789</i>,62,,2328-8175,2024,TRUE,JEL
JEL-2022-1713,NA,10.1257/jel.20221713,JEL,NA,Journal of Economic Literature,2024-09-01,3,Can Marshall plus Malthus Explain the Evolution of Ancient Societies? A Review of<i>Economic Prehistory</i>by Dow and Reed,62,,2328-8175,2024,TRUE,JEL
JEL-2023-1592,NA,10.1257/jel.20231592,JEL,NA,Journal of Economic Literature,2024-09-01,3,Bounded Rationality in Choice Theory: A Survey,62,,2328-8175,2024,TRUE,JEL
JEL-2023-1700,NA,10.1257/jel.20231700,JEL,NA,Journal of Economic Literature,2024-09-01,3,A Journey into Harold Hotelling’s Economics,62,,2328-8175,2024,TRUE,JEL
JEL-2.3.-1256,NA,10.1257/jel.62.3.1256,JEL,NA,Journal of Economic Literature,2024-09-01,3,Book Reviews,62,,2328-8175,2024,TRUE,JEL
JEL-.125-6.r1,NA,10.1257/jel.62.3.1256.r1,JEL,NA,Journal of Economic Literature,2024-09-01,3,"The World of Sugar: How the Sweet Stuff Transformed Our Politics, Health, and Environment over 2,000 Years",62,,2328-8175,2024,TRUE,JEL
JEL-.125-6.r2,NA,10.1257/jel.62.3.1256.r2,JEL,NA,Journal of Economic Literature,2024-09-01,3,The Resilient Society,62,,2328-8175,2024,TRUE,JEL
JEL-.125-6.r3,NA,10.1257/jel.62.3.1256.r3,JEL,NA,Journal of Economic Literature,2024-09-01,3,Career and Family: Women's Century-Long Journey toward Equity,62,,2328-8175,2024,TRUE,JEL
JEL-.125-6.r4,NA,10.1257/jel.62.3.1256.r4,JEL,NA,Journal of Economic Literature,2024-09-01,3,The Wealth of a Nation: Institutional Foundations of English Capitalism,62,,2328-8175,2024,TRUE,JEL
JEL-.125-6.r5,NA,10.1257/jel.62.3.1256.r5,JEL,NA,Journal of Economic Literature,2024-09-01,3,Precarious Ties: Business and the State in Authoritarian Asia,62,,2328-8175,2024,TRUE,JEL
JEL-.125-6.r6,NA,10.1257/jel.62.3.1256.r6,JEL,NA,Journal of Economic Literature,2024-09-01,3,Liquid Asset: How Business and Government Can Partner to Solve the Freshwater Crisis,62,,2328-8175,2024,TRUE,JEL
JEL-.125-6.r7,NA,10.1257/jel.62.3.1256.r7,JEL,NA,Journal of Economic Literature,2024-09-01,3,Against the World: Anti-Globalism and Mass Politics between the World Wars,62,,2328-8175,2024,TRUE,JEL
JEL-2.3.-1269,NA,10.1257/jel.62.3.1269,JEL,NA,Journal of Economic Literature,2024-09-01,3,Annotated Listing of New Books,62,,2328-8175,2024,TRUE,JEL
JEL-2.3.-1329,NA,10.1257/jel.62.3.1329,JEL,NA,Journal of Economic Literature,2024-09-01,3,JEL Classification System,62,,2328-8175,2024,TRUE,JEL
JEL-2024-1678,NA,10.1257/jel.20241678,JEL,NA,Journal of Economic Literature,2024-12-01,4,Should They Compete or Should They Cooperate? The View of Agency Theory,62,,2328-8175,2024,TRUE,JEL
JEL-2024-1699,NA,10.1257/jel.20241699,JEL,NA,Journal of Economic Literature,2024-12-01,4,Soviet Mathematics and Economic Theory in the Past Century: A Historical Reappraisal,62,,2328-8175,2024,TRUE,JEL
JEL-2024-1761,NA,10.1257/jel.20241761,JEL,NA,Journal of Economic Literature,2024-12-01,4,Can Massive Technological Progress Hurt Workers? A Review of <i>Power and Progress</i> by Daron Acemoglu and Simon Johnson,62,,2328-8175,2024,TRUE,JEL
JEL-2.4.-1682,NA,10.1257/jel.62.4.1682,JEL,NA,Journal of Economic Literature,2024-12-01,4,Book Reviews,62,,2328-8175,2024,TRUE,JEL
JEL-.168-2.r1,NA,10.1257/jel.62.4.1682.r1,JEL,NA,Journal of Economic Literature,2024-12-01,4,How Sanctions Work: Iran and the Impact of Economic Warfare,62,,2328-8175,2024,TRUE,JEL
JEL-.168-2.r2,NA,10.1257/jel.62.4.1682.r2,JEL,NA,Journal of Economic Literature,2024-12-01,4,The Promise and Peril of Entrepreneurship: Job Creation and Survival among US Startups,62,,2328-8175,2024,TRUE,JEL
JEL-.168-2.r3,NA,10.1257/jel.62.4.1682.r3,JEL,NA,Journal of Economic Literature,2024-12-01,4,Border Economies: Cities Bridging the U.S.—Mexico Divide,62,,2328-8175,2024,TRUE,JEL
JEL-.168-2.r4,NA,10.1257/jel.62.4.1682.r4,JEL,NA,Journal of Economic Literature,2024-12-01,4,"Taming the Street: The Old Guard, the New Deal, and FDR's Fight to Regulate American Capitalism",62,,2328-8175,2024,TRUE,JEL
JEL-.168-2.r5,NA,10.1257/jel.62.4.1682.r5,JEL,NA,Journal of Economic Literature,2024-12-01,4,When Nations Can't Default: A History of War Reparations and Sovereign Debt,62,,2328-8175,2024,TRUE,JEL
JEL-.168-2.r6,NA,10.1257/jel.62.4.1682.r6,JEL,NA,Journal of Economic Literature,2024-12-01,4,"The Divine Economy: How Religions Compete for Wealth, Power, and People",62,,2328-8175,2024,TRUE,JEL
JEL-.168-2.r7,NA,10.1257/jel.62.4.1682.r7,JEL,NA,Journal of Economic Literature,2024-12-01,4,Modeling Social Behavior: Mathematical and Agent-Based Models of Social Dynamics and Cultural Evolution,62,,2328-8175,2024,TRUE,JEL
JEL-2.4.-1696,NA,10.1257/jel.62.4.1696,JEL,NA,Journal of Economic Literature,2024-12-01,4,Annotated Listing of New Books,62,,2328-8175,2024,TRUE,JEL
JEL-2.4.-1751,NA,10.1257/jel.62.4.1751,JEL,NA,Journal of Economic Literature,2024-12-01,4,JEL Classification System,62,,2328-8175,2024,TRUE,JEL
JEL-2.4.-1767,NA,10.1257/jel.62.4.1767,JEL,NA,Journal of Economic Literature,2024-12-01,4,Doctoral Dissertations in Economics One-Hundred-Twenty-First Annual List,62,,2328-8175,2024,TRUE,JEL
JEL-2023-1724,NA,10.1257/jel.20231724,JEL,NA,Journal of Economic Literature,2025-03-01,1,<i>How the World Became Rich</i> by Mark Koyama and Jared Rubin and <i>Slouching Towards Utopia</i> by J. Bradford DeLong: A Review Essay,63,,2328-8175,2025,TRUE,JEL
JEL-2024-1351,NA,10.1257/jel.20241351,JEL,NA,Journal of Economic Literature,2025-03-01,1,Data Engineering for Cognitive Economics,63,,2328-8175,2025,TRUE,JEL
JEL-63.1-.306,NA,10.1257/jel.63.1.306,JEL,NA,Journal of Economic Literature,2025-03-01,1,Book Reviews,63,,2328-8175,2025,TRUE,JEL
JEL-1.30-6.r1,NA,10.1257/jel.63.1.306.r1,JEL,NA,Journal of Economic Literature,2025-03-01,1,"Armstrong, Mary A. and Susan L. Averett. Disparate Measures: The Intersectional Economics of Women in STEM Work",63,,2328-8175,2025,TRUE,JEL
JEL-1.30-6.r2,NA,10.1257/jel.63.1.306.r2,JEL,NA,Journal of Economic Literature,2025-03-01,1,"Banzhaf, H. Spencer. Pricing the Priceless: A History of Environmental Economics",63,,2328-8175,2025,TRUE,JEL
JEL-1.30-6.r3,NA,10.1257/jel.63.1.306.r3,JEL,NA,Journal of Economic Literature,2025-03-01,1,"Caldwell, Bruce and Hansjoerg Klausinger. Hayek: A Life 1899–1950; Yadav, Vikash. Liberalism's Last Man: Hayek in the Age of Political Capitalism",63,,2328-8175,2025,TRUE,JEL
JEL-1.30-6.r4,NA,10.1257/jel.63.1.306.r4,JEL,NA,Journal of Economic Literature,2025-03-01,1,"Cochrane, John H. The Fiscal Theory of the Price Level",63,,2328-8175,2025,TRUE,JEL
JEL-1.30-6.r5,NA,10.1257/jel.63.1.306.r5,JEL,NA,Journal of Economic Literature,2025-03-01,1,"Drott, Eric. Streaming Music, Streaming Capital",63,,2328-8175,2025,TRUE,JEL
JEL-1.30-6.r6,NA,10.1257/jel.63.1.306.r6,JEL,NA,Journal of Economic Literature,2025-03-01,1,"Ghilarducci, Teresa. Work, Retire, Repeat: The Uncertainty of Retirement in the New Economy",63,,2328-8175,2025,TRUE,JEL
JEL-1.30-6.r7,NA,10.1257/jel.63.1.306.r7,JEL,NA,Journal of Economic Literature,2025-03-01,1,"Kaczynski, Steve and Scott Duke Kominers. The Everything Token: How NFTs and Web3 Will Transform the Way We Buy, Sell, and Create",63,,2328-8175,2025,TRUE,JEL
JEL-1.30-6.r8,NA,10.1257/jel.63.1.306.r8,JEL,NA,Journal of Economic Literature,2025-03-01,1,"Kreps, David M. Arguing about Tastes: Modeling How Context and Experience Change Economic Preferences",63,,2328-8175,2025,TRUE,JEL
JEL-63.1-.323,NA,10.1257/jel.63.1.323,JEL,NA,Journal of Economic Literature,2025-03-01,1,Annotated Listing of New Books,63,,2328-8175,2025,TRUE,JEL
JEL-63.1-.381,NA,10.1257/jel.63.1.381,JEL,NA,Journal of Economic Literature,2025-03-01,1,JEL Classification System,63,,2328-8175,2025,TRUE,JEL
JEL-2024-1391,NA,10.1257/jel.20241391,JEL,NA,Journal of Economic Literature,2025-06-01,2,Social Preferences: Fundamental Characteristics and Economic Consequences,63,,2328-8175,2025,TRUE,JEL
JEL-2024-1674,NA,10.1257/jel.20241674,JEL,NA,Journal of Economic Literature,2025-06-01,2,Aggregate Shocks and the Formation of Preferences and Beliefs,63,,2328-8175,2025,TRUE,JEL
JEL-2024-1680,NA,10.1257/jel.20241680,JEL,NA,Journal of Economic Literature,2025-06-01,2,"Culture, Institutions, and Social Equilibria: A Framework",63,,2328-8175,2025,TRUE,JEL
JEL-2024-1734,NA,10.1257/jel.20241734,JEL,NA,Journal of Economic Literature,2025-06-01,2,"Of Markets and Marriages: A Multidisciplinary, Multi-book Review Essay of Recent Work on the Causes of US Poverty",63,,2328-8175,2025,TRUE,JEL
JEL-2024-1737,NA,10.1257/jel.20241737,JEL,NA,Journal of Economic Literature,2025-06-01,2,Consumer Credit Reporting Data,63,,2328-8175,2025,TRUE,JEL
JEL-63.2-.693,NA,10.1257/jel.63.2.693,JEL,NA,Journal of Economic Literature,2025-06-01,2,Book Reviews,63,,2328-8175,2025,TRUE,JEL
JEL-2.69-3.r1,NA,10.1257/jel.63.2.693.r1,JEL,NA,Journal of Economic Literature,2025-06-01,2,"Bauer, Jean-Martin. The New Breadline: Hunger and Hope in the Twenty-First Century",63,,2328-8175,2025,TRUE,JEL
JEL-2.69-3.r2,NA,10.1257/jel.63.2.693.r2,JEL,NA,Journal of Economic Literature,2025-06-01,2,"Bessy, Christian. Expropriation by Law: Intellectual Property, Value and Labor",63,,2328-8175,2025,TRUE,JEL
JEL-2.69-3.r3,NA,10.1257/jel.63.2.693.r3,JEL,NA,Journal of Economic Literature,2025-06-01,2,"Jacoby, Melissa B. Unjust Debts: How Our Bankruptcy System Makes America More Unequal",63,,2328-8175,2025,TRUE,JEL
JEL-2.69-3.r4,NA,10.1257/jel.63.2.693.r4,JEL,NA,Journal of Economic Literature,2025-06-01,2,"Kahrl, Andrew W. The Black Tax: 150 Years of Theft, Exploitation, and Dispossession in America",63,,2328-8175,2025,TRUE,JEL
JEL-2.69-3.r5,NA,10.1257/jel.63.2.693.r5,JEL,NA,Journal of Economic Literature,2025-06-01,2,"Muralidharan, Karthik. Accelerating India’s Development: A State-Led Roadmap for Effective Governance",63,,2328-8175,2025,TRUE,JEL
JEL-2.69-3.r6,NA,10.1257/jel.63.2.693.r6,JEL,NA,Journal of Economic Literature,2025-06-01,2,"Neal, Larry. The Forgotten Financiers of the Louisiana Purchase: European Bankers, the US, and the Rise of International Finance",63,,2328-8175,2025,TRUE,JEL
JEL-2.69-3.r7,NA,10.1257/jel.63.2.693.r7,JEL,NA,Journal of Economic Literature,2025-06-01,2,"Palen, Marc-William. Pax Economica: Left-Wing Visions of a Free Trade World",63,,2328-8175,2025,TRUE,JEL
JEL-63.2-.708,NA,10.1257/jel.63.2.708,JEL,NA,Journal of Economic Literature,2025-06-01,2,Annotated Listing of New Books,63,,2328-8175,2025,TRUE,JEL
JEL-63.2-.771,NA,10.1257/jel.63.2.771,JEL,NA,Journal of Economic Literature,2025-06-01,2,JEL Classification System,63,,2328-8175,2025,TRUE,JEL
JEL-2024-1665,NA,10.1257/jel.20241665,JEL,NA,Journal of Economic Literature,2025-09-01,3,The Economics of Attention,63,,2328-8175,2025,TRUE,JEL
JEL-2024-1770,NA,10.1257/jel.20241770,JEL,NA,Journal of Economic Literature,2025-09-01,3,A Review Essay of <i>The Economics of Structural Racism</i> by Patrick Mason,63,,2328-8175,2025,TRUE,JEL
JEL-2025-1659,NA,10.1257/jel.20251659,JEL,NA,Journal of Economic Literature,2025-09-01,3,Housing and Inequality,63,,2328-8175,2025,TRUE,JEL
JEL-3.3.-1090,NA,10.1257/jel.63.3.1090,JEL,NA,Journal of Economic Literature,2025-09-01,3,Book Reviews,63,,2328-8175,2025,TRUE,JEL
JEL-.109-0.r1,NA,10.1257/jel.63.3.1090.r1,JEL,NA,Journal of Economic Literature,2025-09-01,3,"Downey, Leah. Our Money: Monetary Policy as if Democracy Matters",63,,2328-8175,2025,TRUE,JEL
JEL-.109-0.r2,NA,10.1257/jel.63.3.1090.r2,JEL,NA,Journal of Economic Literature,2025-09-01,3,"Edmans, Alex. May Contain Lies: How Stories, Statistics, and Studies Exploit Our Biases—And What We Can Do about It",63,,2328-8175,2025,TRUE,JEL
JEL-.109-0.r3,NA,10.1257/jel.63.3.1090.r3,JEL,NA,Journal of Economic Literature,2025-09-01,3,"Epstein, Gerald. Busting the Bankers’ Club: Finance for the Rest of Us",63,,2328-8175,2025,TRUE,JEL
JEL-.109-0.r4,NA,10.1257/jel.63.3.1090.r4,JEL,NA,Journal of Economic Literature,2025-09-01,3,"Geisst, Charles R. Just Price in the Markets: A History",63,,2328-8175,2025,TRUE,JEL
JEL-.109-0.r5,NA,10.1257/jel.63.3.1090.r5,JEL,NA,Journal of Economic Literature,2025-09-01,3,"Hill Edwards, Justene. Savings and Trust: The Rise and Betrayal of the Freedman’s Bank",63,,2328-8175,2025,TRUE,JEL
JEL-.109-0.r6,NA,10.1257/jel.63.3.1090.r6,JEL,NA,Journal of Economic Literature,2025-09-01,3,"Kaplow, Louis. Rethinking Merger Analysis",63,,2328-8175,2025,TRUE,JEL
JEL-.109-0.r7,NA,10.1257/jel.63.3.1090.r7,JEL,NA,Journal of Economic Literature,2025-09-01,3,"Merrill, Thomas W. The <i>Chevron</i> Doctrine: Its Rise and Fall, and the Future of the Administrative State",63,,2328-8175,2025,TRUE,JEL
JEL-.109-0.r8,NA,10.1257/jel.63.3.1090.r8,JEL,NA,Journal of Economic Literature,2025-09-01,3,"Mshomba, Richard E. Africa and Preferential Trade: An Unpredictable Path for Development",63,,2328-8175,2025,TRUE,JEL
JEL-.109-0.r9,NA,10.1257/jel.63.3.1090.r9,JEL,NA,Journal of Economic Literature,2025-09-01,3,"Vaheesan, Sandeep. Democracy in Power: A History of Electrification in the United States",63,,2328-8175,2025,TRUE,JEL
JEL-3.3.-1111,NA,10.1257/jel.63.3.1111,JEL,NA,Journal of Economic Literature,2025-09-01,3,Annotated Listing of New Books,63,,2328-8175,2025,TRUE,JEL
JEL-3.3.-1171,NA,10.1257/jel.63.3.1171,JEL,NA,Journal of Economic Literature,2025-09-01,3,JEL Classification System,63,,2328-8175,2025,TRUE,JEL
JEL-2024-1340,NA,10.1257/jel.20241340,JEL,NA,Journal of Economic Literature,2025-12-01,4,Imperfect Competition in Financial Markets: Recent Developments,63,,2328-8175,2025,TRUE,JEL
JEL-2024-1616,NA,10.1257/jel.20241616,JEL,NA,Journal of Economic Literature,2025-12-01,4,The Beautiful Dataset,63,,2328-8175,2025,TRUE,JEL
JEL-2024-1649,NA,10.1257/jel.20241649,JEL,NA,Journal of Economic Literature,2025-12-01,4,The Economics of Infectious Diseases,63,,2328-8175,2025,TRUE,JEL
JEL-2025-1631,NA,10.1257/jel.20251631,JEL,NA,Journal of Economic Literature,2025-12-01,4,China’s Macroeconomic Development: The Role of Gradualist Reforms,63,,2328-8175,2025,TRUE,JEL
JEL-2025-1780,NA,10.1257/jel.20251780,JEL,NA,Journal of Economic Literature,2025-12-01,4,Understanding Economic Behavior Using Open-Ended Survey Data,63,,2328-8175,2025,TRUE,JEL
JEL-3.4.-1552,NA,10.1257/jel.63.4.1552,JEL,NA,Journal of Economic Literature,2025-12-01,4,Book Reviews,63,,2328-8175,2025,TRUE,JEL
JEL-.155-2.r1,NA,10.1257/jel.63.4.1552.r1,JEL,NA,Journal of Economic Literature,2025-12-01,4,"Coyle, Diane. The Measure of Progress: Counting What Really Matters",63,,2328-8175,2025,TRUE,JEL
JEL-.155-2.r2,NA,10.1257/jel.63.4.1552.r2,JEL,NA,Journal of Economic Literature,2025-12-01,4,"Elliott, Robert. The Economics of the UK Health and Social Care Labour Market: How Labour Economics Can Inform Policy toward the Frontline Care Workforce",63,,2328-8175,2025,TRUE,JEL
JEL-.155-2.r3,NA,10.1257/jel.63.4.1552.r3,JEL,NA,Journal of Economic Literature,2025-12-01,4,"James, Harold. Seven Crashes: The Economic Crises that Shaped Globalization",63,,2328-8175,2025,TRUE,JEL
JEL-.155-2.r4,NA,10.1257/jel.63.4.1552.r4,JEL,NA,Journal of Economic Literature,2025-12-01,4,"Kardas-Nelson, Mara. We Are Not Able to Live in the Sky: The Seductive Promise of Microfinance",63,,2328-8175,2025,TRUE,JEL
JEL-.155-2.r5,NA,10.1257/jel.63.4.1552.r5,JEL,NA,Journal of Economic Literature,2025-12-01,4,"King, Michael R. Fintech Explained: How Technology Is Transforming Financial Services",63,,2328-8175,2025,TRUE,JEL
JEL-.155-2.r6,NA,10.1257/jel.63.4.1552.r6,JEL,NA,Journal of Economic Literature,2025-12-01,4,"Moschella, Manuela. Unexpected Revolutionaries: How Central Banks Made and Unmade Economic Orthodoxy",63,,2328-8175,2025,TRUE,JEL
JEL-.155-2.r7,NA,10.1257/jel.63.4.1552.r7,JEL,NA,Journal of Economic Literature,2025-12-01,4,"Sunstein, Cass R. Decisions about Decisions: Practical Reason in Ordinary Life",63,,2328-8175,2025,TRUE,JEL
JEL-.155-2.r8,NA,10.1257/jel.63.4.1552.r8,JEL,NA,Journal of Economic Literature,2025-12-01,4,"Whittaker, D. Hugh. Building a New Economy: Japan’s Digital and Green Transformation",63,,2328-8175,2025,TRUE,JEL
JEL-3.4.-1569,NA,10.1257/jel.63.4.1569,JEL,NA,Journal of Economic Literature,2025-12-01,4,Annotated Listing of New Books,63,,2328-8175,2025,TRUE,JEL
JEL-3.4.-1632,NA,10.1257/jel.63.4.1632,JEL,NA,Journal of Economic Literature,2025-12-01,4,JEL Classification System,63,,2328-8175,2025,TRUE,JEL
JEL-3.4.-1648,NA,10.1257/jel.63.4.1648,JEL,NA,Journal of Economic Literature,2025-12-01,4,Doctoral Dissertations in Economics One-Hundred-Twenty-Second Annual List,63,,2328-8175,2025,TRUE,JEL
JEL-2025-1429,NA,10.1257/jel.20251429,JEL,NA,Journal of Economic Literature,2026-03-01,1,How Do Central Banks Control Inflation? A Guide for the Perplexed,64,,2328-8175,2026,TRUE,JEL
JEL-2025-1484,NA,10.1257/jel.20251484,JEL,NA,Journal of Economic Literature,2026-03-01,1,Innovation-Driven Entrepreneurship,64,,2328-8175,2026,TRUE,JEL
JEL-2025-1762,NA,10.1257/jel.20251762,JEL,NA,Journal of Economic Literature,2026-03-01,1,Doctor Decision-Making and Patient Outcomes,64,,2328-8175,2026,TRUE,JEL
JEL-2025-1789,NA,10.1257/jel.20251789,JEL,NA,Journal of Economic Literature,2026-03-01,1,W. E. B. Du Bois and Economics: A Reappraisal,64,,2328-8175,2026,TRUE,JEL
JEL-2025-1799,NA,10.1257/jel.20251799,JEL,NA,Journal of Economic Literature,2026-03-01,1,"The Economic Impacts of Artificial Intelligence: A Multidisciplinary, Multi-book Review",64,,2328-8175,2026,TRUE,JEL
JEL-64.1-.301,NA,10.1257/jel.64.1.301,JEL,NA,Journal of Economic Literature,2026-03-01,1,Book Reviews,64,,2328-8175,2026,TRUE,JEL
JEL-1.30-1.r1,NA,10.1257/jel.64.1.301.r1,JEL,NA,Journal of Economic Literature,2026-03-01,1,"Alderman, Brianna L. and Roger D. Blair. Monopsony in Labor Markets: Theory, Evidence, and Public Policy",64,,2328-8175,2026,TRUE,JEL
JEL-1.30-1.r2,NA,10.1257/jel.64.1.301.r2,JEL,NA,Journal of Economic Literature,2026-03-01,1,"Allensworth, Rebecca Haw. The Licensing Racket: How We Decide Who Is Allowed to Work, and Why It Goes Wrong",64,,2328-8175,2026,TRUE,JEL
JEL-1.30-1.r3,NA,10.1257/jel.64.1.301.r3,JEL,NA,Journal of Economic Literature,2026-03-01,1,"Bach, Maria. Relocating Development Economics: The First Generation of Modern Indian Economists",64,,2328-8175,2026,TRUE,JEL
JEL-1.30-1.r4,NA,10.1257/jel.64.1.301.r4,JEL,NA,Journal of Economic Literature,2026-03-01,1,"Chew, Donald H., Jr. The Making of Modern Corporate Finance: A History of the Ideas and How They Help Build the Wealth of Nations",64,,2328-8175,2026,TRUE,JEL
JEL-1.30-1.r5,NA,10.1257/jel.64.1.301.r5,JEL,NA,Journal of Economic Literature,2026-03-01,1,"Goldstein, Jorge. Patenting Life: Tales from the Front Lines of Intellectual Property and the New Biology",64,,2328-8175,2026,TRUE,JEL
JEL-1.30-1.r6,NA,10.1257/jel.64.1.301.r6,JEL,NA,Journal of Economic Literature,2026-03-01,1,"Ogilvie, Sheilagh. Controlling Contagion: Epidemics and Institutions from the Black Death to Covid",64,,2328-8175,2026,TRUE,JEL
JEL-1.30-1.r7,NA,10.1257/jel.64.1.301.r7,JEL,NA,Journal of Economic Literature,2026-03-01,1,"Palladino, Lenore. Good Company: Economic Policy after Shareholder Primacy",64,,2328-8175,2026,TRUE,JEL
JEL-1.30-1.r8,NA,10.1257/jel.64.1.301.r8,JEL,NA,Journal of Economic Literature,2026-03-01,1,"Volckart, Oliver. The Silver Empire: How Germany Created Its First Common Currency",64,,2328-8175,2026,TRUE,JEL
JEL-64.1-.319,NA,10.1257/jel.64.1.319,JEL,NA,Journal of Economic Literature,2026-03-01,1,Annotated Listing of New Books,64,,2328-8175,2026,TRUE,JEL
JEL-64.1-.383,NA,10.1257/jel.64.1.383,JEL,NA,Journal of Economic Literature,2026-03-01,1,JEL Classification System,64,,2328-8175,2026,TRUE,JEL
JEL-2025-1757,NA,10.1257/jel.20251757,JEL,NA,Journal of Economic Literature,2026-06-01,2,The Theory of Financial Stability Meets Reality: A Unifying Framework for Bank Regulation and Accounting Discretion,64,,2328-8175,2026,TRUE,JEL
JEL-2025-1769,NA,10.1257/jel.20251769,JEL,NA,Journal of Economic Literature,2026-06-01,2,Intimate Partner Violence in Low- and Middle-Income Countries: Insights from Economic Research,64,,2328-8175,2026,TRUE,JEL
JEL-2025-1771,NA,10.1257/jel.20251771,JEL,NA,Journal of Economic Literature,2026-06-01,2,Workforce Development in the United States: Recent Trends and Evidence,64,,2328-8175,2026,TRUE,JEL
JEL-2025-1778,NA,10.1257/jel.20251778,JEL,NA,Journal of Economic Literature,2026-06-01,2,"When Democracy Falters: A Multidisciplinary, Multi-book Review Essay on Polarization, Populism, and Authoritarianism",64,,2328-8175,2026,TRUE,JEL
JEL-64.2-.698,NA,10.1257/jel.64.2.698,JEL,NA,Journal of Economic Literature,2026-06-01,2,Book Reviews,64,,2328-8175,2026,TRUE,JEL
JEL-2.69-8.r1,NA,10.1257/jel.64.2.698.r1,JEL,NA,Journal of Economic Literature,2026-06-01,2,"Bassiri, Nima. Madness and Enterprise: Psychiatry, Economic Reason, and the Emergence of Pathological Value",64,,2328-8175,2026,TRUE,JEL
JEL-2.69-8.r2,NA,10.1257/jel.64.2.698.r2,JEL,NA,Journal of Economic Literature,2026-06-01,2,"Binder, Carola. Shock Values: Prices and Inflation in American Democracy",64,,2328-8175,2026,TRUE,JEL
JEL-2.69-8.r3,NA,10.1257/jel.64.2.698.r3,JEL,NA,Journal of Economic Literature,2026-06-01,2,"Blustein, Paul. King Dollar: The Past and Future of the World’s Dominant Currency",64,,2328-8175,2026,TRUE,JEL
JEL-2.69-8.r4,NA,10.1257/jel.64.2.698.r4,JEL,NA,Journal of Economic Literature,2026-06-01,2,"Cain, Louis P. Chicago before the Fire: An Economic History",64,,2328-8175,2026,TRUE,JEL
JEL-2.69-8.r5,NA,10.1257/jel.64.2.698.r5,JEL,NA,Journal of Economic Literature,2026-06-01,2,"Eaton, Charlie. Bankers in the Ivory Tower: The Troubling Rise of Financiers in US Higher Education",64,,2328-8175,2026,TRUE,JEL
JEL-2.69-8.r6,NA,10.1257/jel.64.2.698.r6,JEL,NA,Journal of Economic Literature,2026-06-01,2,"Edwards, Sebastian. The Chile Project: The Story of the Chicago Boys and the Downfall of Neoliberalism",64,,2328-8175,2026,TRUE,JEL
JEL-2.69-8.r7,NA,10.1257/jel.64.2.698.r7,JEL,NA,Journal of Economic Literature,2026-06-01,2,"Jia, Ruixue and Hongbin Li. The Highest Exam: How the Gaokao Shapes China",64,,2328-8175,2026,TRUE,JEL
JEL-2.69-8.r8,NA,10.1257/jel.64.2.698.r8,JEL,NA,Journal of Economic Literature,2026-06-01,2,"Kasy, Maximilian. The Means of Prediction: How AI Really Works (and Who Benefits)",64,,2328-8175,2026,TRUE,JEL
JEL-64.2-.715,NA,10.1257/jel.64.2.715,JEL,NA,Journal of Economic Literature,2026-06-01,2,Annotated Listing of New Books,64,,2328-8175,2026,TRUE,JEL
JEL-64.2-.780,NA,10.1257/jel.64.2.780,JEL,NA,Journal of Economic Literature,2026-06-01,2,JEL Classification System,64,,2328-8175,2026,TRUE,JEL
JEL-2025-1766,NA,10.1257/jel.20251766,JEL,NA,Journal of Economic Literature,2026-09-01,3,Intermediaries and Asset Prices,64,,2328-8175,2026,TRUE,JEL
JEL-2025-1774,NA,10.1257/jel.20251774,JEL,NA,Journal of Economic Literature,2026-09-01,3,Refugees' Economic Integration,64,,2328-8175,2026,TRUE,JEL
JEL-2025-1792,NA,10.1257/jel.20251792,JEL,NA,Journal of Economic Literature,2026-09-01,3,"Demand, Competition, and Public Policy in the Automobile Industry",64,,2328-8175,2026,TRUE,JEL
JEL-4.3.-1058,NA,10.1257/jel.64.3.1058,JEL,NA,Journal of Economic Literature,2026-09-01,3,Book Reviews,64,,2328-8175,2026,TRUE,JEL
JEL-.105-8.r1,NA,10.1257/jel.64.3.1058.r1,JEL,NA,Journal of Economic Literature,2026-09-01,3,"Conti-Brown, Peter, and Sean H. Vanatta. Private Finance, Public Power: A History of Bank Supervision in America",64,,2328-8175,2026,TRUE,JEL
JEL-.105-8.r2,NA,10.1257/jel.64.3.1058.r2,JEL,NA,Journal of Economic Literature,2026-09-01,3,"Fasteau, Marc, and Ian Fletcher. Industrial Policy for the United States: Winning the Competition for Good Jobs and High-Value Industries",64,,2328-8175,2026,TRUE,JEL
JEL-.105-8.r3,NA,10.1257/jel.64.3.1058.r3,JEL,NA,Journal of Economic Literature,2026-09-01,3,"Frey, Carl Benedikt. How Progress Ends: Technology, Innovation, and the Fate of Nations",64,,2328-8175,2026,TRUE,JEL
JEL-.105-8.r4,NA,10.1257/jel.64.3.1058.r4,JEL,NA,Journal of Economic Literature,2026-09-01,3,"Gans, Joshua. The Microeconomics of Artificial Intelligence",64,,2328-8175,2026,TRUE,JEL
JEL-.105-8.r5,NA,10.1257/jel.64.3.1058.r5,JEL,NA,Journal of Economic Literature,2026-09-01,3,"Parkin, Katherine J. The Abortion Market: Buying and Selling Access in the Era Before Roe",64,,2328-8175,2026,TRUE,JEL
JEL-.105-8.r6,NA,10.1257/jel.64.3.1058.r6,JEL,NA,Journal of Economic Literature,2026-09-01,3,"Rilinger, Georg. Failure by Design: The California Energy Crisis and the Limits of Market Planning",64,,2328-8175,2026,TRUE,JEL
JEL-.105-8.r7,NA,10.1257/jel.64.3.1058.r7,JEL,NA,Journal of Economic Literature,2026-09-01,3,"Selgin, George. False Dawn: The New Deal and the Promise of Recovery, 1933–1947",64,,2328-8175,2026,TRUE,JEL
JEL-.105-8.r8,NA,10.1257/jel.64.3.1058.r8,JEL,NA,Journal of Economic Literature,2026-09-01,3,"Williams, Robert B. Funding White Supremacy: Federal Wealth Policies and the Modern Racial Wealth Gap",64,,2328-8175,2026,TRUE,JEL
JEL-4.3.-1073,NA,10.1257/jel.64.3.1073,JEL,NA,Journal of Economic Literature,2026-09-01,3,Annotated Listing of New Books,64,,2328-8175,2026,TRUE,JEL
JEL-4.3.-1136,NA,10.1257/jel.64.3.1136,JEL,NA,Journal of Economic Literature,2026-09-01,3,JEL Classification System,64,,2328-8175,2026,TRUE,JEL
JEL-2016-0889,NA,10.1257/jel.20160889,JEL,NA,Journal of Economic Literature,2018-03-01,1,The Science of Monetary Policy: An Imperfect Knowledge Perspective,56,,0022-0515,2018,TRUE,JEL
JEL-2016-0961,NA,10.1257/jel.20160961,JEL,NA,Journal of Economic Literature,2018-03-01,1,Empirical Work on Auctions of Multiple Objects,56,,0022-0515,2018,TRUE,JEL
JEL-2016-0980,NA,10.1257/jel.20160980,JEL,NA,Journal of Economic Literature,2018-03-01,1,On the Determinants of Cooperation in Infinitely Repeated Games: A Survey,56,,0022-0515,2018,TRUE,JEL
JEL-2016-1260,NA,10.1257/jel.20161260,JEL,NA,Journal of Economic Literature,2018-03-01,1,"Morality, Policy, and the Brain",56,,0022-0515,2018,TRUE,JEL
JEL-2016-1326,NA,10.1257/jel.20161326,JEL,NA,Journal of Economic Literature,2018-03-01,1,"Citations In Economics: Measurement, Uses, and Impacts",56,,0022-0515,2018,TRUE,JEL
JEL-2016-1375,NA,10.1257/jel.20161375,JEL,NA,Journal of Economic Literature,2018-03-01,1,A Review Essay on Howard Bodenhorn's <i>The Color Factor: The Economics of African-American Well-Being in the Nineteenth-Century South</i>,56,,0022-0515,2018,TRUE,JEL
JEL-2016-1410,NA,10.1257/jel.20161410,JEL,NA,Journal of Economic Literature,2018-03-01,1,Markets and Manipulation: Time for a Paradigm Shift?,56,,0022-0515,2018,TRUE,JEL
JEL-2017-1370,NA,10.1257/jel.20171370,JEL,NA,Journal of Economic Literature,2018-03-01,1,A Review Essay on<i>Social Neuroscience</i>: Can Research on the Social Brain and Economics Inform Each Other?,56,,0022-0515,2018,TRUE,JEL
JEL-56.1-.265,NA,10.1257/jel.56.1.265,JEL,NA,Journal of Economic Literature,2018-03-01,1,Book Reviews,56,,0022-0515,2018,TRUE,JEL
JEL-1.26-5.r1,NA,10.1257/jel.56.1.265.r1,JEL,NA,Journal of Economic Literature,2018-03-01,1,Book Reviews,56,,0022-0515,2018,TRUE,JEL
JEL-1.26-5.r2,NA,10.1257/jel.56.1.265.r2,JEL,NA,Journal of Economic Literature,2018-03-01,1,Book Reviews,56,,0022-0515,2018,TRUE,JEL
JEL-1.26-5.r3,NA,10.1257/jel.56.1.265.r3,JEL,NA,Journal of Economic Literature,2018-03-01,1,Book Reviews,56,,0022-0515,2018,TRUE,JEL
JEL-1.26-5.r4,NA,10.1257/jel.56.1.265.r4,JEL,NA,Journal of Economic Literature,2018-03-01,1,Book Reviews,56,,0022-0515,2018,TRUE,JEL
JEL-1.26-5.r5,NA,10.1257/jel.56.1.265.r5,JEL,NA,Journal of Economic Literature,2018-03-01,1,Book Reviews,56,,0022-0515,2018,TRUE,JEL
JEL-1.26-5.r6,NA,10.1257/jel.56.1.265.r6,JEL,NA,Journal of Economic Literature,2018-03-01,1,Book Reviews,56,,0022-0515,2018,TRUE,JEL
JEL-56.1-.278,NA,10.1257/jel.56.1.278,JEL,NA,Journal of Economic Literature,2018-03-01,1,Annotated Listing of New Books,56,,0022-0515,2018,TRUE,JEL
JEL-56.1-.379,NA,10.1257/jel.56.1.379,JEL,NA,Journal of Economic Literature,2018-03-01,1,JEL Classification System,56,,0022-0515,2018,TRUE,JEL
JEL-2016-0792,NA,10.1257/jel.20160792,JEL,NA,Journal of Economic Literature,2018-06-01,2,Global Firms,56,,0022-0515,2018,TRUE,JEL
JEL-2016-0854,NA,10.1257/jel.20160854,JEL,NA,Journal of Economic Literature,2018-06-01,2,Identifying and Estimating Neighborhood Effects,56,,0022-0515,2018,TRUE,JEL
JEL-2016-1148,NA,10.1257/jel.20161148,JEL,NA,Journal of Economic Literature,2018-06-01,2,Estimating Risk Preferences in the Field,56,,0022-0515,2018,TRUE,JEL
JEL-2016-1327,NA,10.1257/jel.20161327,JEL,NA,Journal of Economic Literature,2018-06-01,2,Economics of the Pharmaceutical Industry,56,,0022-0515,2018,TRUE,JEL
JEL-2016-1404,NA,10.1257/jel.20161404,JEL,NA,Journal of Economic Literature,2018-06-01,2,"Review of <i>Global Tax Fairness</i>, Thomas Pogge and Krishen Mehta, Editors",56,,0022-0515,2018,TRUE,JEL
JEL-2016-1417,NA,10.1257/jel.20161417,JEL,NA,Journal of Economic Literature,2018-06-01,2,Medieval Origins: A Review Essay on Campbell's <i>The Great Transition</i>,56,,0022-0515,2018,TRUE,JEL
JEL-2016-1454,NA,10.1257/jel.20161454,JEL,NA,Journal of Economic Literature,2018-06-01,2,On Measuring Multidimensional Deprivation,56,,0022-0515,2018,TRUE,JEL
JEL-2017-1419,NA,10.1257/jel.20171419,JEL,NA,Journal of Economic Literature,2018-06-01,2,Inequality and Globalization: A Review Essay,56,,0022-0515,2018,TRUE,JEL
JEL-56.2-.685,NA,10.1257/jel.56.2.685,JEL,NA,Journal of Economic Literature,2018-06-01,2,Book Reviews,56,,0022-0515,2018,TRUE,JEL
JEL-2.68-5.r1,NA,10.1257/jel.56.2.685.r1,JEL,NA,Journal of Economic Literature,2018-06-01,2,Book Reviews,56,,0022-0515,2018,TRUE,JEL
JEL-2.68-5.r2,NA,10.1257/jel.56.2.685.r2,JEL,NA,Journal of Economic Literature,2018-06-01,2,Book Reviews,56,,0022-0515,2018,TRUE,JEL
JEL-2.68-5.r3,NA,10.1257/jel.56.2.685.r3,JEL,NA,Journal of Economic Literature,2018-06-01,2,Book Reviews,56,,0022-0515,2018,TRUE,JEL
JEL-2.68-5.r4,NA,10.1257/jel.56.2.685.r4,JEL,NA,Journal of Economic Literature,2018-06-01,2,Book Reviews,56,,0022-0515,2018,TRUE,JEL
JEL-2.68-5.r5,NA,10.1257/jel.56.2.685.r5,JEL,NA,Journal of Economic Literature,2018-06-01,2,Book Reviews,56,,0022-0515,2018,TRUE,JEL
JEL-2.68-5.r6,NA,10.1257/jel.56.2.685.r6,JEL,NA,Journal of Economic Literature,2018-06-01,2,Book Reviews,56,,0022-0515,2018,TRUE,JEL
JEL-2.68-5.r7,NA,10.1257/jel.56.2.685.r7,JEL,NA,Journal of Economic Literature,2018-06-01,2,Book Reviews,56,,0022-0515,2018,TRUE,JEL
JEL-2.68-5.r8,NA,10.1257/jel.56.2.685.r8,JEL,NA,Journal of Economic Literature,2018-06-01,2,Book Reviews,56,,0022-0515,2018,TRUE,JEL
JEL-56.2-.709,NA,10.1257/jel.56.2.709,JEL,NA,Journal of Economic Literature,2018-06-01,2,Annotated Listing of New Books,56,,0022-0515,2018,TRUE,JEL
JEL-56.2-.779,NA,10.1257/jel.56.2.779,JEL,NA,Journal of Economic Literature,2018-06-01,2,JEL Classification System,56,,0022-0515,2018,TRUE,JEL
JEL-56.2-.795,NA,10.1257/jel.56.2.795,JEL,NA,Journal of Economic Literature,2018-06-01,2,Corrigendum: Review of <i>Oxford Handbook of Professional Economic Ethics</i> by George F. DeMartino and Diedre N. McCloskey Reviewed by Anne Krueger,56,,0022-0515,2018,TRUE,JEL
JEL-2016-1309,NA,10.1257/jel.20161309,JEL,NA,Journal of Economic Literature,2018-09-01,3,Experimental Research on Labor Market Discrimination,56,,0022-0515,2018,TRUE,JEL
JEL-2016-1150,NA,10.1257/jel.20161150,JEL,NA,Journal of Economic Literature,2018-09-01,3,Offshoring and Labor Markets,56,,0022-0515,2018,TRUE,JEL
JEL-2016-1314,NA,10.1257/jel.20161314,JEL,NA,Journal of Economic Literature,2018-09-01,3,The Macrogenoeconomics of Comparative Development,56,,0022-0515,2018,TRUE,JEL
JEL-2017-1238,NA,10.1257/jel.20171238,JEL,NA,Journal of Economic Literature,2018-09-01,3,Optimal Income Taxation Theory and Principles of Fairness,56,,0022-0515,2018,TRUE,JEL
JEL-2017-1350,NA,10.1257/jel.20171350,JEL,NA,Journal of Economic Literature,2018-09-01,3,"Transparency, Reproducibility, and the Credibility of Economics Research",56,,0022-0515,2018,TRUE,JEL
JEL-2017-1358,NA,10.1257/jel.20171358,JEL,NA,Journal of Economic Literature,2018-09-01,3,Production and Welfare: Progress in Economic Measurement,56,,0022-0515,2018,TRUE,JEL
JEL-2017-1383,NA,10.1257/jel.20171383,JEL,NA,Journal of Economic Literature,2018-09-01,3,Mind the Gap: A Review of <i>The Health Gap: The Challenge of an Unequal World</i> by Sir Michael Marmot,56,,0022-0515,2018,TRUE,JEL
JEL-2017-1445,NA,10.1257/jel.20171445,JEL,NA,Journal of Economic Literature,2018-09-01,3,<i>The End of Alchemy</i> by Mervyn King: A Review Essay,56,,0022-0515,2018,TRUE,JEL
JEL-.115-6.r1,NA,10.1257/jel.56.3.1156.r1,JEL,NA,Journal of Economic Literature,2018-09-01,3,Book Reviews,56,,0022-0515,2018,TRUE,JEL
JEL-.115-6.r2,NA,10.1257/jel.56.3.1156.r2,JEL,NA,Journal of Economic Literature,2018-09-01,3,Book Reviews,56,,0022-0515,2018,TRUE,JEL
JEL-.115-6.r3,NA,10.1257/jel.56.3.1156.r3,JEL,NA,Journal of Economic Literature,2018-09-01,3,Book Reviews,56,,0022-0515,2018,TRUE,JEL
JEL-6.3.-1163,NA,10.1257/jel.56.3.1163,JEL,NA,Journal of Economic Literature,2018-09-01,3,Book Reviews,56,,0022-0515,2018,TRUE,JEL
JEL-6.3.-1164,NA,10.1257/jel.56.3.1164,JEL,NA,Journal of Economic Literature,2018-09-01,3,Annotated Listing of New Books,56,,0022-0515,2018,TRUE,JEL
JEL-6.3.-1241,NA,10.1257/jel.56.3.1241,JEL,NA,Journal of Economic Literature,2018-09-01,3,JEL Classification System,56,,0022-0515,2018,TRUE,JEL
JEL-2017-1164,NA,10.1257/jel.20171164,JEL,NA,Journal of Economic Literature,2018-12-01,4,Childhood Circumstances and Adult Outcomes: Act II,56,,0022-0515,2018,TRUE,JEL
JEL-2017-1243,NA,10.1257/jel.20171243,JEL,NA,Journal of Economic Literature,2018-12-01,4,Islam and Economic Performance: Historical and Contemporary Links,56,,0022-0515,2018,TRUE,JEL
JEL-2017-1300,NA,10.1257/jel.20171300,JEL,NA,Journal of Economic Literature,2018-12-01,4,"The Formation of Expectations, Inflation, and the Phillips Curve",56,,0022-0515,2018,TRUE,JEL
JEL-2016-1390,NA,10.1257/jel.20161390,JEL,NA,Journal of Economic Literature,2018-12-01,4,Skewed Wealth Distributions: Theory and Empirics,56,,0022-0515,2018,TRUE,JEL
JEL-2017-1407,NA,10.1257/jel.20171407,JEL,NA,Journal of Economic Literature,2018-12-01,4,Finance and Economic Development in the Very Long Run: A Review Essay,56,,0022-0515,2018,TRUE,JEL
JEL-2017-1459,NA,10.1257/jel.20171459,JEL,NA,Journal of Economic Literature,2018-12-01,4,The Case for Imposing Cashlessness: A Review Article,56,,0022-0515,2018,TRUE,JEL
JEL-2018-1439,NA,10.1257/jel.20181439,JEL,NA,Journal of Economic Literature,2018-12-01,4,Riddles and Models: A Review Essay on Michel De Vroey’s A History of Macroeconomics from Keynes to Lucas and Beyond,56,,0022-0515,2018,TRUE,JEL
JEL-2018-1502,NA,10.1257/jel.20181502,JEL,NA,Journal of Economic Literature,2018-12-01,4,The Sound of Silence: A Review Essay of Nancy MacLean’s Democracy in Chains: The Deep History of the Radical Right’s Stealth Plan for America,56,,0022-0515,2018,TRUE,JEL
JEL-6.4.-1592,NA,10.1257/jel.56.4.1592,JEL,NA,Journal of Economic Literature,2018-12-01,4,Book Reviews,56,,0022-0515,2018,TRUE,JEL
JEL-.159-2.r1,NA,10.1257/jel.56.4.1592.r1,JEL,NA,Journal of Economic Literature,2018-12-01,4,Book Reviews,56,,0022-0515,2018,TRUE,JEL
JEL-.159-2.r2,NA,10.1257/jel.56.4.1592.r2,JEL,NA,Journal of Economic Literature,2018-12-01,4,Book Reviews,56,,0022-0515,2018,TRUE,JEL
JEL-.159-2.r3,NA,10.1257/jel.56.4.1592.r3,JEL,NA,Journal of Economic Literature,2018-12-01,4,Book Reviews,56,,0022-0515,2018,TRUE,JEL
JEL-.159-2.r4,NA,10.1257/jel.56.4.1592.r4,JEL,NA,Journal of Economic Literature,2018-12-01,4,Book Reviews,56,,0022-0515,2018,TRUE,JEL
JEL-.159-2.r5,NA,10.1257/jel.56.4.1592.r5,JEL,NA,Journal of Economic Literature,2018-12-01,4,Book Reviews,56,,0022-0515,2018,TRUE,JEL
JEL-.159-2.r6,NA,10.1257/jel.56.4.1592.r6,JEL,NA,Journal of Economic Literature,2018-12-01,4,Book Reviews,56,,0022-0515,2018,TRUE,JEL
JEL-6.4.-1604,NA,10.1257/jel.56.4.1604,JEL,NA,Journal of Economic Literature,2018-12-01,4,Annotated Listing of New Books,56,,0022-0515,2018,TRUE,JEL
JEL-6.4.-1656,NA,10.1257/jel.56.4.1656,JEL,NA,Journal of Economic Literature,2018-12-01,4,JEL Classification System,56,,0022-0515,2018,TRUE,JEL
JEL-6.4.-1672,NA,10.1257/jel.56.4.1672,JEL,NA,Journal of Economic Literature,2018-12-01,4,Doctoral Dissertations in Economics One-Hundred-Twelfth Annual List,56,,0022-0515,2018,TRUE,JEL
JEL-2017-1452,NA,10.1257/jel.20171452,JEL,NA,Journal of Economic Literature,2019-03-01,1,Digital Economics,57,,0022-0515,2019,TRUE,JEL
JEL-2018-1489,NA,10.1257/jel.20181489,JEL,NA,Journal of Economic Literature,2019-03-01,1,Information Design: A Unified Perspective,57,,0022-0515,2019,TRUE,JEL
JEL-2017-1415,NA,10.1257/jel.20171415,JEL,NA,Journal of Economic Literature,2019-03-01,1,"Review Essay on Why Muslim Integration Fails in Christian-Heritage Societies by Claire Adida, David Laitin and Marie-Anne Valfort",57,,0022-0515,2019,TRUE,JEL
JEL-2017-1456,NA,10.1257/jel.20171456,JEL,NA,Journal of Economic Literature,2019-03-01,1,Environmentalism with Chinese Characteristics—A Review of Matthew E. Kahn and Siqi Zheng’s Blue Skies over Beijing: Economic Growth and the Environment in China,57,,0022-0515,2019,TRUE,JEL
JEL-2017-1463,NA,10.1257/jel.20171463,JEL,NA,Journal of Economic Literature,2019-03-01,1,The Devil Is in the Details: Implications of Samuel Bowles’s The Moral Economy for Economics and Policy Research,57,,0022-0515,2019,TRUE,JEL
JEL-2017-1470,NA,10.1257/jel.20171470,JEL,NA,Journal of Economic Literature,2019-03-01,1,Gorbachev versus Deng: A Review of Chris Miller’s The Struggle to Save the Soviet Economy,57,,0022-0515,2019,TRUE,JEL
JEL-57.1-.180,NA,10.1257/jel.57.1.180,JEL,NA,Journal of Economic Literature,2019-03-01,1,Book Reviews,57,,0022-0515,2019,TRUE,JEL
JEL-1.18-0.r1,NA,10.1257/jel.57.1.180.r1,JEL,NA,Journal of Economic Literature,2019-03-01,1,Book Reviews,57,,0022-0515,2019,TRUE,JEL
JEL-1.18-0.r2,NA,10.1257/jel.57.1.180.r2,JEL,NA,Journal of Economic Literature,2019-03-01,1,Book Reviews,57,,0022-0515,2019,TRUE,JEL
JEL-1.18-0.r3,NA,10.1257/jel.57.1.180.r3,JEL,NA,Journal of Economic Literature,2019-03-01,1,Book Reviews,57,,0022-0515,2019,TRUE,JEL
JEL-1.18-0.r4,NA,10.1257/jel.57.1.180.r4,JEL,NA,Journal of Economic Literature,2019-03-01,1,Book Reviews,57,,0022-0515,2019,TRUE,JEL
JEL-1.18-0.r5,NA,10.1257/jel.57.1.180.r5,JEL,NA,Journal of Economic Literature,2019-03-01,1,Book Reviews,57,,0022-0515,2019,TRUE,JEL
JEL-1.18-0.r6,NA,10.1257/jel.57.1.180.r6,JEL,NA,Journal of Economic Literature,2019-03-01,1,Book Reviews,57,,0022-0515,2019,TRUE,JEL
JEL-57.1-.190,NA,10.1257/jel.57.1.190,JEL,NA,Journal of Economic Literature,2019-03-01,1,Annotated Listing of New Books,57,,0022-0515,2019,TRUE,JEL
JEL-57.1-.255,NA,10.1257/jel.57.1.255,JEL,NA,Journal of Economic Literature,2019-03-01,1,JEL Classification System,57,,0022-0515,2019,TRUE,JEL
JEL-2017-1321,NA,10.1257/jel.20171321,JEL,NA,Journal of Economic Literature,2019-06-01,2,Price Theory,57,,0022-0515,2019,TRUE,JEL
JEL-2017-1492,NA,10.1257/jel.20171492,JEL,NA,Journal of Economic Literature,2019-06-01,2,"Unhappiness and Pain in Modern America: A Review Essay, and Further Evidence, on Carol Graham’s <i>Happiness</i> for All?",57,,0022-0515,2019,TRUE,JEL
JEL-2018-0892,NA,10.1257/jel.20180892,JEL,NA,Journal of Economic Literature,2019-06-01,2,Dynamic Mechanism Design: An Introduction,57,,0022-0515,2019,TRUE,JEL
JEL-2018-1444,NA,10.1257/jel.20181444,JEL,NA,Journal of Economic Literature,2019-06-01,2,What We Have Learned about Terrorism since 9/11,57,,0022-0515,2019,TRUE,JEL
JEL-2018-1469,NA,10.1257/jel.20181469,JEL,NA,Journal of Economic Literature,2019-06-01,2,Review of Books on Student Loans,57,,0022-0515,2019,TRUE,JEL
JEL-57.2-.434,NA,10.1257/jel.57.2.434,JEL,NA,Journal of Economic Literature,2019-06-01,2,Book Reviews,57,,0022-0515,2019,TRUE,JEL
JEL-2.43-4.r1,NA,10.1257/jel.57.2.434.r1,JEL,NA,Journal of Economic Literature,2019-06-01,2,Book Reviews,57,,0022-0515,2019,TRUE,JEL
JEL-2.43-4.r2,NA,10.1257/jel.57.2.434.r2,JEL,NA,Journal of Economic Literature,2019-06-01,2,Book Reviews,57,,0022-0515,2019,TRUE,JEL
JEL-2.43-4.r3,NA,10.1257/jel.57.2.434.r3,JEL,NA,Journal of Economic Literature,2019-06-01,2,Book Reviews,57,,0022-0515,2019,TRUE,JEL
JEL-2.43-4.r4,NA,10.1257/jel.57.2.434.r4,JEL,NA,Journal of Economic Literature,2019-06-01,2,Book Reviews,57,,0022-0515,2019,TRUE,JEL
JEL-2.43-4.r5,NA,10.1257/jel.57.2.434.r5,JEL,NA,Journal of Economic Literature,2019-06-01,2,Book Reviews,57,,0022-0515,2019,TRUE,JEL
JEL-2.43-4.r6,NA,10.1257/jel.57.2.434.r6,JEL,NA,Journal of Economic Literature,2019-06-01,2,Book Reviews,57,,0022-0515,2019,TRUE,JEL
JEL-2.43-4.r7,NA,10.1257/jel.57.2.434.r7,JEL,NA,Journal of Economic Literature,2019-06-01,2,Book Reviews,57,,0022-0515,2019,TRUE,JEL
JEL-2.43-4.r8,NA,10.1257/jel.57.2.434.r8,JEL,NA,Journal of Economic Literature,2019-06-01,2,Book Reviews,57,,0022-0515,2019,TRUE,JEL
JEL-57.2-.451,NA,10.1257/jel.57.2.451,JEL,NA,Journal of Economic Literature,2019-06-01,2,Annotated Listing of New Books,57,,0022-0515,2019,TRUE,JEL
JEL-57.2-.517,NA,10.1257/jel.57.2.517,JEL,NA,Journal of Economic Literature,2019-06-01,2,JEL Classification System,57,,0022-0515,2019,TRUE,JEL
JEL-2018-1020,NA,10.1257/jel.20181020,JEL,NA,Journal of Economic Literature,2019-09-01,3,Text as Data,57,,0022-0515,2019,TRUE,JEL
JEL-2018-1414,NA,10.1257/jel.20181414,JEL,NA,Journal of Economic Literature,2019-09-01,3,What Can Be Learned from Spatial Economics?,57,,0022-0515,2019,TRUE,JEL
JEL-2018-1476,NA,10.1257/jel.20181476,JEL,NA,Journal of Economic Literature,2019-09-01,3,A Review on Basic Income: A Radical Proposal for a Free Society and a Sane Economy by Philippe Van Parijs and Yannick Vanderborght,57,,0022-0515,2019,TRUE,JEL
JEL-2018-1488,NA,10.1257/jel.20181488,JEL,NA,Journal of Economic Literature,2019-09-01,3,Society and Economy: Frameworks and Principles: A Book Review,57,,0022-0515,2019,TRUE,JEL
JEL-2018-1517,NA,10.1257/jel.20181517,JEL,NA,Journal of Economic Literature,2019-09-01,3,Measuring Progress: A Review Essay on The Pricing of Progress: Economic Indicators and the Capitalization of American Life by Eli Cook,57,,0022-0515,2019,TRUE,JEL
JEL-57.3-.690,NA,10.1257/jel.57.3.690,JEL,NA,Journal of Economic Literature,2019-09-01,3,Book Reviews,57,,0022-0515,2019,TRUE,JEL
JEL-3.69-0.r1,NA,10.1257/jel.57.3.690.r1,JEL,NA,Journal of Economic Literature,2019-09-01,3,Book Reviews,57,,0022-0515,2019,TRUE,JEL
JEL-3.69-0.r2,NA,10.1257/jel.57.3.690.r2,JEL,NA,Journal of Economic Literature,2019-09-01,3,Book Reviews,57,,0022-0515,2019,TRUE,JEL
JEL-3.69-0.r3,NA,10.1257/jel.57.3.690.r3,JEL,NA,Journal of Economic Literature,2019-09-01,3,Book Reviews,57,,0022-0515,2019,TRUE,JEL
JEL-3.69-0.r4,NA,10.1257/jel.57.3.690.r4,JEL,NA,Journal of Economic Literature,2019-09-01,3,Book Reviews,57,,0022-0515,2019,TRUE,JEL
JEL-3.69-0.r5,NA,10.1257/jel.57.3.690.r5,JEL,NA,Journal of Economic Literature,2019-09-01,3,Book Reviews,57,,0022-0515,2019,TRUE,JEL
JEL-3.69-0.r6,NA,10.1257/jel.57.3.690.r6,JEL,NA,Journal of Economic Literature,2019-09-01,3,Book Reviews,57,,0022-0515,2019,TRUE,JEL
JEL-3.69-0.r7,NA,10.1257/jel.57.3.690.r7,JEL,NA,Journal of Economic Literature,2019-09-01,3,Book Reviews,57,,0022-0515,2019,TRUE,JEL
JEL-3.69-0.r8,NA,10.1257/jel.57.3.690.r8,JEL,NA,Journal of Economic Literature,2019-09-01,3,Book Reviews,57,,0022-0515,2019,TRUE,JEL
JEL-57.3-.707,NA,10.1257/jel.57.3.707,JEL,NA,Journal of Economic Literature,2019-09-01,3,Annotated Listing of New Books,57,,0022-0515,2019,TRUE,JEL
JEL-57.3-.761,NA,10.1257/jel.57.3.761,JEL,NA,Journal of Economic Literature,2019-09-01,3,JEL Classification System,57,,0022-0515,2019,TRUE,JEL
JEL-2017-1307,NA,10.1257/jel.20171307,JEL,NA,Journal of Economic Literature,2019-12-01,4,Caste and the Indian Economy,57,,0022-0515,2019,TRUE,JEL
JEL-2018-1361,NA,10.1257/jel.20181361,JEL,NA,Journal of Economic Literature,2019-12-01,4,The Identification Zoo: Meanings of Identification in Econometrics,57,,0022-0515,2019,TRUE,JEL
JEL-2018-1437,NA,10.1257/jel.20181437,JEL,NA,Journal of Economic Literature,2019-12-01,4,Tax Compliance and Enforcement,57,,0022-0515,2019,TRUE,JEL
JEL-2018-1509,NA,10.1257/jel.20181509,JEL,NA,Journal of Economic Literature,2019-12-01,4,Rationalizing Choice: A Review Essay on Peter Leeson’s <i>WTF?!: An Economic Tour of the Weird</i>,57,,0022-0515,2019,TRUE,JEL
JEL-2018-1512,NA,10.1257/jel.20181512,JEL,NA,Journal of Economic Literature,2019-12-01,4,"A Review Essay: David Kynaston’s <i>Till Time’s Last Sand: A History of the Bank of England, 1694–2013</i>",57,,0022-0515,2019,TRUE,JEL
JEL-2019-1477,NA,10.1257/jel.20191477,JEL,NA,Journal of Economic Literature,2019-12-01,4,Review of Walter Scheidel’s <i>The Great Leveler: Violence and the History of Inequality from the Stone Age to the Twenty-first Century</i>,57,,0022-0515,2019,TRUE,JEL
JEL-7.4.-1001,NA,10.1257/jel.57.4.1001,JEL,NA,Journal of Economic Literature,2019-12-01,4,Book Reviews,57,,0022-0515,2019,TRUE,JEL
JEL-.100-1.r1,NA,10.1257/jel.57.4.1001.r1,JEL,NA,Journal of Economic Literature,2019-12-01,4,Book Reviews,57,,0022-0515,2019,TRUE,JEL
JEL-.100-1.r2,NA,10.1257/jel.57.4.1001.r2,JEL,NA,Journal of Economic Literature,2019-12-01,4,Book Reviews,57,,0022-0515,2019,TRUE,JEL
JEL-.100-1.r3,NA,10.1257/jel.57.4.1001.r3,JEL,NA,Journal of Economic Literature,2019-12-01,4,Book Reviews,57,,0022-0515,2019,TRUE,JEL
JEL-.100-1.r4,NA,10.1257/jel.57.4.1001.r4,JEL,NA,Journal of Economic Literature,2019-12-01,4,Book Reviews,57,,0022-0515,2019,TRUE,JEL
JEL-.100-1.r5,NA,10.1257/jel.57.4.1001.r5,JEL,NA,Journal of Economic Literature,2019-12-01,4,Book Reviews,57,,0022-0515,2019,TRUE,JEL
JEL-7.4.-1012,NA,10.1257/jel.57.4.1012,JEL,NA,Journal of Economic Literature,2019-12-01,4,Annotated Listing of New Books,57,,0022-0515,2019,TRUE,JEL
JEL-7.4.-1061,NA,10.1257/jel.57.4.1061,JEL,NA,Journal of Economic Literature,2019-12-01,4,JEL Classification System,57,,0022-0515,2019,TRUE,JEL
JEL-7.4.-1077,NA,10.1257/jel.57.4.1077,JEL,NA,Journal of Economic Literature,2019-12-01,4,Doctoral Dissertations in Economics One-Hundred-Sixteenth Annual List,57,,0022-0515,2019,TRUE,JEL
JEL-2018-1207,NA,10.1257/jel.20181207,JEL,NA,Journal of Economic Literature,2020-03-01,1,What Remains of Cross-Country Convergence?,58,,0022-0515,2020,TRUE,JEL
JEL-2019-1585,NA,10.1257/jel.20191585,JEL,NA,Journal of Economic Literature,2020-03-01,1,What Students Learn in Economics 101: Time for a Change,58,,0022-0515,2020,TRUE,JEL
JEL-2018-1447,NA,10.1257/jel.20181447,JEL,NA,Journal of Economic Literature,2020-03-01,1,Historical Legacies and African Development,58,,0022-0515,2020,TRUE,JEL
JEL-2018-1508,NA,10.1257/jel.20181508,JEL,NA,Journal of Economic Literature,2020-03-01,1,Inside Job or Deep Impact? Extramural Citations and the Influence of Economic Scholarship,58,,0022-0515,2020,TRUE,JEL
JEL-2019-1589,NA,10.1257/jel.20191589,JEL,NA,Journal of Economic Literature,2020-03-01,1,Reflections of a Textbook Author,58,,0022-0515,2020,TRUE,JEL
JEL-58.1-.229,NA,10.1257/jel.58.1.229,JEL,NA,Journal of Economic Literature,2020-03-01,1,Book Reviews,58,,0022-0515,2020,TRUE,JEL
JEL-1.22-9.r1,NA,10.1257/jel.58.1.229.r1,JEL,NA,Journal of Economic Literature,2020-03-01,1,Book Reviews,58,,0022-0515,2020,TRUE,JEL
JEL-1.22-9.r2,NA,10.1257/jel.58.1.229.r2,JEL,NA,Journal of Economic Literature,2020-03-01,1,Book Reviews,58,,0022-0515,2020,TRUE,JEL
JEL-1.22-9.r3,NA,10.1257/jel.58.1.229.r3,JEL,NA,Journal of Economic Literature,2020-03-01,1,Book Reviews,58,,0022-0515,2020,TRUE,JEL
JEL-1.22-9.r4,NA,10.1257/jel.58.1.229.r4,JEL,NA,Journal of Economic Literature,2020-03-01,1,Book Reviews,58,,0022-0515,2020,TRUE,JEL
JEL-1.22-9.r5,NA,10.1257/jel.58.1.229.r5,JEL,NA,Journal of Economic Literature,2020-03-01,1,Book Reviews,58,,0022-0515,2020,TRUE,JEL
JEL-58.1-.238,NA,10.1257/jel.58.1.238,JEL,NA,Journal of Economic Literature,2020-03-01,1,Annotated Listing of New Books,58,,0022-0515,2020,TRUE,JEL
JEL-58.1-.281,NA,10.1257/jel.58.1.281,JEL,NA,Journal of Economic Literature,2020-03-01,1,JEL Classification System,58,,0022-0515,2020,TRUE,JEL
JEL-2019-1074,NA,10.1257/jel.20191074,JEL,NA,Journal of Economic Literature,2020-06-01,2,Measuring Time Preferences,58,,0022-0515,2020,TRUE,JEL
JEL-2019-1316,NA,10.1257/jel.20191316,JEL,NA,Journal of Economic Literature,2020-06-01,2,The Economics of Language,58,,0022-0515,2020,TRUE,JEL
JEL-2019-1523,NA,10.1257/jel.20191523,JEL,NA,Journal of Economic Literature,2020-06-01,2,The Limits of the Commune: A Review of The Mystery of the Kibbutz,58,,0022-0515,2020,TRUE,JEL
JEL-2019-1533,NA,10.1257/jel.20191533,JEL,NA,Journal of Economic Literature,2020-06-01,2,Radical Markets by Eric Posner and E. Glen Weyl: A Review Essay,58,,0022-0515,2020,TRUE,JEL
JEL-2019-1573,NA,10.1257/jel.20191573,JEL,NA,Journal of Economic Literature,2020-06-01,2,Sins of Omission and the Practice of Economics,58,,0022-0515,2020,TRUE,JEL
JEL-58.2-.498,NA,10.1257/jel.58.2.498,JEL,NA,Journal of Economic Literature,2020-06-01,2,Book Reviews,58,,0022-0515,2020,TRUE,JEL
JEL-2.49-8.r1,NA,10.1257/jel.58.2.498.r1,JEL,NA,Journal of Economic Literature,2020-06-01,2,Book Reviews,58,,0022-0515,2020,TRUE,JEL
JEL-2.49-8.r2,NA,10.1257/jel.58.2.498.r2,JEL,NA,Journal of Economic Literature,2020-06-01,2,Book Reviews,58,,0022-0515,2020,TRUE,JEL
JEL-58.2-.503,NA,10.1257/jel.58.2.503,JEL,NA,Journal of Economic Literature,2020-06-01,2,Annotated Listing of New Books,58,,0022-0515,2020,TRUE,JEL
JEL-58.2-.567,NA,10.1257/jel.58.2.567,JEL,NA,Journal of Economic Literature,2020-06-01,2,JEL Classification System,58,,0022-0515,2020,TRUE,JEL
JEL-2019-1385,NA,10.1257/jel.20191385,JEL,NA,Journal of Economic Literature,2020-09-01,3,Model Averaging and Its Use in Economics,58,,0022-0515,2020,TRUE,JEL
JEL-2019-1460,NA,10.1257/jel.20191460,JEL,NA,Journal of Economic Literature,2020-09-01,3,Commanding Nature by Obeying Her: A Review Essay on Joel Mokyr’s <i>A Culture of Growth</i>,58,,0022-0515,2020,TRUE,JEL
JEL-2019-1542,NA,10.1257/jel.20191542,JEL,NA,Journal of Economic Literature,2020-09-01,3,<i>The Road to Serfdom</i> after 75 Years,58,,0022-0515,2020,TRUE,JEL
JEL-2019-1583,NA,10.1257/jel.20191583,JEL,NA,Journal of Economic Literature,2020-09-01,3,<i>Where Economics Went Wrong</i>: A Review Essay,58,,0022-0515,2020,TRUE,JEL
JEL-58.3-.793,NA,10.1257/jel.58.3.793,JEL,NA,Journal of Economic Literature,2020-09-01,3,Book Reviews,58,,0022-0515,2020,TRUE,JEL
JEL-3.79-3.r1,NA,10.1257/jel.58.3.793.r1,JEL,NA,Journal of Economic Literature,2020-09-01,3,Book Reviews,58,,0022-0515,2020,TRUE,JEL
JEL-3.79-3.r2,NA,10.1257/jel.58.3.793.r2,JEL,NA,Journal of Economic Literature,2020-09-01,3,Book Reviews,58,,0022-0515,2020,TRUE,JEL
JEL-3.79-3.r3,NA,10.1257/jel.58.3.793.r3,JEL,NA,Journal of Economic Literature,2020-09-01,3,Book Reviews,58,,0022-0515,2020,TRUE,JEL
JEL-3.79-3.r4,NA,10.1257/jel.58.3.793.r4,JEL,NA,Journal of Economic Literature,2020-09-01,3,Book Reviews,58,,0022-0515,2020,TRUE,JEL
JEL-58.3-.804,NA,10.1257/jel.58.3.804,JEL,NA,Journal of Economic Literature,2020-09-01,3,Annotated Listing of New Books,58,,0022-0515,2020,TRUE,JEL
JEL-58.3-.876,NA,10.1257/jel.58.3.876,JEL,NA,Journal of Economic Literature,2020-09-01,3,JEL Classification System,58,,0022-0515,2020,TRUE,JEL
JEL-2019-1060,NA,10.1257/jel.20191060,JEL,NA,Journal of Economic Literature,2020-12-01,4,The Coase Theorem at Sixty,58,,0022-0515,2020,TRUE,JEL
JEL-2019-1507,NA,10.1257/jel.20191507,JEL,NA,Journal of Economic Literature,2020-12-01,4,Upgrading Education with Technology: Insights from Experimental Research,58,,0022-0515,2020,TRUE,JEL
JEL-2019-1597,NA,10.1257/jel.20191597,JEL,NA,Journal of Economic Literature,2020-12-01,4,Potential Outcome and Directed Acyclic Graph Approaches to Causality: Relevance for Empirical Practice in Economics,58,,0022-0515,2020,TRUE,JEL
JEL-2019-1504,NA,10.1257/jel.20191504,JEL,NA,Journal of Economic Literature,2020-12-01,4,The Parable of the Auctioneer: Complexity in Paul R. Milgrom’s<i>Discovering Prices</i>,58,,0022-0515,2020,TRUE,JEL
JEL-8.4.-1197,NA,10.1257/jel.58.4.1197,JEL,NA,Journal of Economic Literature,2020-12-01,4,Book Reviews,58,,0022-0515,2020,TRUE,JEL
JEL-.119-7.r1,NA,10.1257/jel.58.4.1197.r1,JEL,NA,Journal of Economic Literature,2020-12-01,4,Book Reviews,58,,0022-0515,2020,TRUE,JEL
JEL-.119-7.r2,NA,10.1257/jel.58.4.1197.r2,JEL,NA,Journal of Economic Literature,2020-12-01,4,Book Reviews,58,,0022-0515,2020,TRUE,JEL
JEL-8.4.-1202,NA,10.1257/jel.58.4.1202,JEL,NA,Journal of Economic Literature,2020-12-01,4,Annotated Listing of New Books,58,,0022-0515,2020,TRUE,JEL
JEL-8.4.-1286,NA,10.1257/jel.58.4.1286,JEL,NA,Journal of Economic Literature,2020-12-01,4,JEL Classification System,58,,0022-0515,2020,TRUE,JEL
JEL-8.4.-1302,NA,10.1257/jel.58.4.1302,JEL,NA,Journal of Economic Literature,2020-12-01,4,Doctoral Dissertations in Economics One-Hundred-Seventeenth Annual List,58,,0022-0515,2020,TRUE,JEL
JEL-2019-1434,NA,10.1257/jel.20191434,JEL,NA,Journal of Economic Literature,2021-03-01,1,Behavioral and Experimental Macroeconomics and Policy Analysis: A Complex Systems Approach,59,,0022-0515,2021,TRUE,JEL
JEL-2019-1505,NA,10.1257/jel.20191505,JEL,NA,Journal of Economic Literature,2021-03-01,1,Directed Search and Competitive Search Equilibrium: A Guided Tour,59,,0022-0515,2021,TRUE,JEL
JEL-2019-1619,NA,10.1257/jel.20191619,JEL,NA,Journal of Economic Literature,2021-03-01,1,Back To The Good—or Were They the Bad—Old Days of Antitrust? A Review Essay of Jonathan B. Baker’s <i>The Antitrust Paradigm: Restoring a Competitive Economy</i>,59,,0022-0515,2021,TRUE,JEL
JEL-59.1-.285,NA,10.1257/jel.59.1.285,JEL,NA,Journal of Economic Literature,2021-03-01,1,Book Reviews,59,,0022-0515,2021,TRUE,JEL
JEL-1.28-5.r1,NA,10.1257/jel.59.1.285.r1,JEL,NA,Journal of Economic Literature,2021-03-01,1,Book Reviews,59,,0022-0515,2021,TRUE,JEL
JEL-1.28-5.r2,NA,10.1257/jel.59.1.285.r2,JEL,NA,Journal of Economic Literature,2021-03-01,1,Book Reviews,59,,0022-0515,2021,TRUE,JEL
JEL-1.28-5.r3,NA,10.1257/jel.59.1.285.r3,JEL,NA,Journal of Economic Literature,2021-03-01,1,Book Reviews,59,,0022-0515,2021,TRUE,JEL
JEL-1.28-5.r4,NA,10.1257/jel.59.1.285.r4,JEL,NA,Journal of Economic Literature,2021-03-01,1,Book Reviews,59,,0022-0515,2021,TRUE,JEL
JEL-1.28-5.r5,NA,10.1257/jel.59.1.285.r5,JEL,NA,Journal of Economic Literature,2021-03-01,1,Book Reviews,59,,0022-0515,2021,TRUE,JEL
JEL-59.1-.297,NA,10.1257/jel.59.1.297,JEL,NA,Journal of Economic Literature,2021-03-01,1,Annotated Listing of New Books,59,,0022-0515,2021,TRUE,JEL
JEL-59.1-.372,NA,10.1257/jel.59.1.372,JEL,NA,Journal of Economic Literature,2021-03-01,1,JEL Classification System,59,,0022-0515,2021,TRUE,JEL
JEL-2019-1546,NA,10.1257/jel.20191546,JEL,NA,Journal of Economic Literature,2021-06-01,2,Global Public Goods: A Survey,59,,0022-0515,2021,TRUE,JEL
JEL-2019-1247,NA,10.1257/jel.20191247,JEL,NA,Journal of Economic Literature,2021-06-01,2,On the Finding of an Equilibrium: Düpp e–Weintraub and the Problem of Scientific Credit,59,,0022-0515,2021,TRUE,JEL
JEL-2020-1541,NA,10.1257/jel.20201541,JEL,NA,Journal of Economic Literature,2021-06-01,2,A Review of Thomas Sowell’s Discrimination and Disparities,59,,0022-0515,2021,TRUE,JEL
JEL-2020-1601,NA,10.1257/jel.20201601,JEL,NA,Journal of Economic Literature,2021-06-01,2,"Counterfactuals, Empires, and Institutions: Reflections on Walter Scheidel’s Escape from Rome",59,,0022-0515,2021,TRUE,JEL
JEL-59.2-.651,NA,10.1257/jel.59.2.651,JEL,NA,Journal of Economic Literature,2021-06-01,2,Book Reviews,59,,0022-0515,2021,TRUE,JEL
JEL-2.65-1.r1,NA,10.1257/jel.59.2.651.r1,JEL,NA,Journal of Economic Literature,2021-06-01,2,Book Reviews,59,,0022-0515,2021,TRUE,JEL
JEL-2.65-1.r2,NA,10.1257/jel.59.2.651.r2,JEL,NA,Journal of Economic Literature,2021-06-01,2,Book Reviews,59,,0022-0515,2021,TRUE,JEL
JEL-2.65-1.r3,NA,10.1257/jel.59.2.651.r3,JEL,NA,Journal of Economic Literature,2021-06-01,2,Book Reviews,59,,0022-0515,2021,TRUE,JEL
JEL-2.65-1.r4,NA,10.1257/jel.59.2.651.r4,JEL,NA,Journal of Economic Literature,2021-06-01,2,Book Reviews,59,,0022-0515,2021,TRUE,JEL
JEL-2.65-1.r5,NA,10.1257/jel.59.2.651.r5,JEL,NA,Journal of Economic Literature,2021-06-01,2,Book Reviews,59,,0022-0515,2021,TRUE,JEL
JEL-2.65-1.r6,NA,10.1257/jel.59.2.651.r6,JEL,NA,Journal of Economic Literature,2021-06-01,2,Book Reviews,59,,0022-0515,2021,TRUE,JEL
JEL-2.65-1.r7,NA,10.1257/jel.59.2.651.r7,JEL,NA,Journal of Economic Literature,2021-06-01,2,Book Reviews,59,,0022-0515,2021,TRUE,JEL
JEL-59.2-.668,NA,10.1257/jel.59.2.668,JEL,NA,Journal of Economic Literature,2021-06-01,2,Annotated Listing of New Books,59,,0022-0515,2021,TRUE,JEL
JEL-59.2-.754,NA,10.1257/jel.59.2.754,JEL,NA,Journal of Economic Literature,2021-06-01,2,JEL Classification System,59,,0022-0515,2021,TRUE,JEL
JEL-2020-1325,NA,10.1257/jel.20201325,JEL,NA,Journal of Economic Literature,2021-09-01,3,What Drives House Price Cycles? International Experience and Policy Issues,59,,0022-0515,2021,TRUE,JEL
JEL-2020-1461,NA,10.1257/jel.20201461,JEL,NA,Journal of Economic Literature,2021-09-01,3,Household Finance,59,,0022-0515,2021,TRUE,JEL
JEL-2020-1522,NA,10.1257/jel.20201522,JEL,NA,Journal of Economic Literature,2021-09-01,3,Review of Ten Thousand Years of Inequality: The Archaeology of Wealth Differences,59,,0022-0515,2021,TRUE,JEL
JEL-2020-1559,NA,10.1257/jel.20201559,JEL,NA,Journal of Economic Literature,2021-09-01,3,"A Review of Matthias Doepke and Fabrizio Zilibotti’s Love, Money and Parenting: How Economics Explains the Way We Raise Our Kids",59,,0022-0515,2021,TRUE,JEL
JEL-9.3.-1030,NA,10.1257/jel.59.3.1030,JEL,NA,Journal of Economic Literature,2021-09-01,3,Book Reviews,59,,0022-0515,2021,TRUE,JEL
JEL-.103-0.r1,NA,10.1257/jel.59.3.1030.r1,JEL,NA,Journal of Economic Literature,2021-09-01,3,Book Reviews,59,,0022-0515,2021,TRUE,JEL
JEL-.103-0.r2,NA,10.1257/jel.59.3.1030.r2,JEL,NA,Journal of Economic Literature,2021-09-01,3,Book Reviews,59,,0022-0515,2021,TRUE,JEL
JEL-.103-0.r3,NA,10.1257/jel.59.3.1030.r3,JEL,NA,Journal of Economic Literature,2021-09-01,3,Book Reviews,59,,0022-0515,2021,TRUE,JEL
JEL-.103-0.r4,NA,10.1257/jel.59.3.1030.r4,JEL,NA,Journal of Economic Literature,2021-09-01,3,Book Reviews,59,,0022-0515,2021,TRUE,JEL
JEL-9.3.-1039,NA,10.1257/jel.59.3.1039,JEL,NA,Journal of Economic Literature,2021-09-01,3,Annotated Listing of New Books,59,,0022-0515,2021,TRUE,JEL
JEL-9.3.-1114,NA,10.1257/jel.59.3.1114,JEL,NA,Journal of Economic Literature,2021-09-01,3,JEL Classification System,59,,0022-0515,2021,TRUE,JEL
JEL-2020-1458,NA,10.1257/jel.20201458,JEL,NA,Journal of Economic Literature,2021-12-01,4,Mass Atrocities and Their Prevention,59,,0022-0515,2021,TRUE,JEL
JEL-2020-1586,NA,10.1257/jel.20201586,JEL,NA,Journal of Economic Literature,2021-12-01,4,The Human Tide: A Review Essay,59,,0022-0515,2021,TRUE,JEL
JEL-2020-1602,NA,10.1257/jel.20201602,JEL,NA,Journal of Economic Literature,2021-12-01,4,Ten Years of Evidence: Was Fraud a Force in the Financial Crisis?,59,,0022-0515,2021,TRUE,JEL
JEL-2020-1629,NA,10.1257/jel.20201629,JEL,NA,Journal of Economic Literature,2021-12-01,4,“Somewhere in the Middle You Can Survive”: Review of The Narrow Corridor by Daron Acemoglu and James Robinson,59,,0022-0515,2021,TRUE,JEL
JEL-2021-1628,NA,10.1257/jel.20211628,JEL,NA,Journal of Economic Literature,2021-12-01,4,Book Review: The Great Reversal by Thomas Philippon,59,,0022-0515,2021,TRUE,JEL
JEL-9.4.-1376,NA,10.1257/jel.59.4.1376,JEL,NA,Journal of Economic Literature,2021-12-01,4,Book Reviews,59,,0022-0515,2021,TRUE,JEL
JEL-.137-6.r1,NA,10.1257/jel.59.4.1376.r1,JEL,NA,Journal of Economic Literature,2021-12-01,4,Book Reviews,59,,0022-0515,2021,TRUE,JEL
JEL-.137-6.r2,NA,10.1257/jel.59.4.1376.r2,JEL,NA,Journal of Economic Literature,2021-12-01,4,Book Reviews,59,,0022-0515,2021,TRUE,JEL
JEL-9.4.-1382,NA,10.1257/jel.59.4.1382,JEL,NA,Journal of Economic Literature,2021-12-01,4,Annotated Listing of New Books,59,,0022-0515,2021,TRUE,JEL
JEL-9.4.-1451,NA,10.1257/jel.59.4.1451,JEL,NA,Journal of Economic Literature,2021-12-01,4,JEL Classification System,59,,0022-0515,2021,TRUE,JEL
JEL-9.4.-1467,NA,10.1257/jel.59.4.1467,JEL,NA,Journal of Economic Literature,2021-12-01,4,Doctoral Dissertations in Economics One-Hundred-Eighteenth Annual List,59,,0022-0515,2021,TRUE,JEL
JEL-2020-1626,NA,10.1257/jel.20201626,JEL,NA,Journal of Economic Literature,2022-03-01,1,Looking Back at 50 Years of the Clean Air Act,60,,0022-0515,2022,TRUE,JEL
JEL-2020-1594,NA,10.1257/jel.20201594,JEL,NA,Journal of Economic Literature,2022-03-01,1,Religion and Discrimination: A Review Essay of <i>Persecution and Toleration: The Long Road to Religious Freedom</i>,60,,0022-0515,2022,TRUE,JEL
JEL-2020-1621,NA,10.1257/jel.20201621,JEL,NA,Journal of Economic Literature,2022-03-01,1,A Review of Robert Sugden’s<i>Community of Advantage</i>,60,,0022-0515,2022,TRUE,JEL
JEL-2020-1642,NA,10.1257/jel.20201642,JEL,NA,Journal of Economic Literature,2022-03-01,1,Modern Infectious Diseases: Macroeconomic Impacts and Policy Responses,60,,0022-0515,2022,TRUE,JEL
JEL-60.1-.279,NA,10.1257/jel.60.1.279,JEL,NA,Journal of Economic Literature,2022-03-01,1,Book Reviews,60,,0022-0515,2022,TRUE,JEL
JEL-1.27-9.r1,NA,10.1257/jel.60.1.279.r1,JEL,NA,Journal of Economic Literature,2022-03-01,1,"Book Review: England's Cross of Gold: Keynes, Churchill, and the Governance of Economic Beliefs",60,,0022-0515,2022,TRUE,JEL
JEL-1.27-9.r2,NA,10.1257/jel.60.1.279.r2,JEL,NA,Journal of Economic Literature,2022-03-01,1,Book Review: Regional Integration in West Africa: Is There a Role for a Single Currency?,60,,0022-0515,2022,TRUE,JEL
JEL-1.27-9.r3,NA,10.1257/jel.60.1.279.r3,JEL,NA,Journal of Economic Literature,2022-03-01,1,"Book Review: Blockchain Technologies, Applications and Cryptocurrencies: Current Practice and Future Trends",60,,0022-0515,2022,TRUE,JEL
JEL-60.1-.285,NA,10.1257/jel.60.1.285,JEL,NA,Journal of Economic Literature,2022-03-01,1,Annotated Listing of New Books,60,,0022-0515,2022,TRUE,JEL
JEL-60.1-.357,NA,10.1257/jel.60.1.357,JEL,NA,Journal of Economic Literature,2022-03-01,1,JEL Classification System,60,,0022-0515,2022,TRUE,JEL
JEL-2021-1687,NA,10.1257/jel.20211687,JEL,NA,Journal of Economic Literature,2022-06-01,2,Stratification Economics: Core Constructs and Policy Implications,60,,0022-0515,2022,TRUE,JEL
JEL-2021-1690,NA,10.1257/jel.20211690,JEL,NA,Journal of Economic Literature,2022-06-01,2,Position and Possessions: Stratification Economics and Intergroup Inequality,60,,0022-0515,2022,TRUE,JEL
JEL-2020-1396,NA,10.1257/jel.20201396,JEL,NA,Journal of Economic Literature,2022-06-01,2,Satisficing: Integrating Two Traditions,60,,0022-0515,2022,TRUE,JEL
JEL-2021-1685,NA,10.1257/jel.20211685,JEL,NA,Journal of Economic Literature,2022-06-01,2,Symposium: Race and Economic Literature—Introduction,60,,0022-0515,2022,TRUE,JEL
JEL-2021-1689,NA,10.1257/jel.20211689,JEL,NA,Journal of Economic Literature,2022-06-01,2,"A Nation of Laws, and Race Laws",60,,0022-0515,2022,TRUE,JEL
JEL-60.2-.636,NA,10.1257/jel.60.2.636,JEL,NA,Journal of Economic Literature,2022-06-01,2,Book Reviews,60,,0022-0515,2022,TRUE,JEL
JEL-2.63-6.r1,NA,10.1257/jel.60.2.636.r1,JEL,NA,Journal of Economic Literature,2022-06-01,2,Book Reviews,60,,0022-0515,2022,TRUE,JEL
JEL-2.63-6.r2,NA,10.1257/jel.60.2.636.r2,JEL,NA,Journal of Economic Literature,2022-06-01,2,Book Reviews,60,,0022-0515,2022,TRUE,JEL
JEL-2.63-6.r3,NA,10.1257/jel.60.2.636.r3,JEL,NA,Journal of Economic Literature,2022-06-01,2,Book Reviews,60,,0022-0515,2022,TRUE,JEL
JEL-2.63-6.r4,NA,10.1257/jel.60.2.636.r4,JEL,NA,Journal of Economic Literature,2022-06-01,2,Book Reviews,60,,0022-0515,2022,TRUE,JEL
JEL-2.63-6.r5,NA,10.1257/jel.60.2.636.r5,JEL,NA,Journal of Economic Literature,2022-06-01,2,Book Reviews,60,,0022-0515,2022,TRUE,JEL
JEL-60.2-.653,NA,10.1257/jel.60.2.653,JEL,NA,Journal of Economic Literature,2022-06-01,2,Annotated Listing of New Books,60,,0022-0515,2022,TRUE,JEL
JEL-60.2-.734,NA,10.1257/jel.60.2.734,JEL,NA,Journal of Economic Literature,2022-06-01,2,JEL Classification System,60,,0022-0515,2022,TRUE,JEL
JEL-2020-1378,NA,10.1257/jel.20201378,JEL,NA,Journal of Economic Literature,2022-09-01,3,Belief-Dependent Motivations and Psychological Game Theory,60,,0022-0515,2022,TRUE,JEL
JEL-2020-1482,NA,10.1257/jel.20201482,JEL,NA,Journal of Economic Literature,2022-09-01,3,The Economics of Tobacco Regulation: A Comprehensive Review,60,,0022-0515,2022,TRUE,JEL
JEL-2020-1595,NA,10.1257/jel.20201595,JEL,NA,Journal of Economic Literature,2022-09-01,3,The Political Economy of Populism,60,,0022-0515,2022,TRUE,JEL
JEL-2019-1519,NA,10.1257/jel.20191519,JEL,NA,Journal of Economic Literature,2022-09-01,3,Does Prediction Machines Predict Our AI Future? A Review,60,,0022-0515,2022,TRUE,JEL
JEL-2020-1514,NA,10.1257/jel.20201514,JEL,NA,Journal of Economic Literature,2022-09-01,3,The Historical Perspective on the Donald Trump Puzzle: A Review of Barry Eichengreen’s The Populist Temptation: Economic Grievance and Political Reaction in the Modern Era,60,,0022-0515,2022,TRUE,JEL
JEL-2020-1565,NA,10.1257/jel.20201565,JEL,NA,Journal of Economic Literature,2022-09-01,3,Book Review: Entrenchment by Paul Starr,60,,0022-0515,2022,TRUE,JEL
JEL-2020-1567,NA,10.1257/jel.20201567,JEL,NA,Journal of Economic Literature,2022-09-01,3,Review of Forging the Franchise: The Political Origins of the Women’s Vote,60,,0022-0515,2022,TRUE,JEL
JEL-2020-1593,NA,10.1257/jel.20201593,JEL,NA,Journal of Economic Literature,2022-09-01,3,The Microeconomics of Cryptocurrencies,60,,0022-0515,2022,TRUE,JEL
JEL-0.3.-1058,NA,10.1257/jel.60.3.1058,JEL,NA,Journal of Economic Literature,2022-09-01,3,Book Reviews,60,,0022-0515,2022,TRUE,JEL
JEL-.105-8.r1,NA,10.1257/jel.60.3.1058.r1,JEL,NA,Journal of Economic Literature,2022-09-01,3,Book Reviews,60,,0022-0515,2022,TRUE,JEL
JEL-.105-8.r2,NA,10.1257/jel.60.3.1058.r2,JEL,NA,Journal of Economic Literature,2022-09-01,3,Book Reviews,60,,0022-0515,2022,TRUE,JEL
JEL-.105-8.r3,NA,10.1257/jel.60.3.1058.r3,JEL,NA,Journal of Economic Literature,2022-09-01,3,Book Reviews,60,,0022-0515,2022,TRUE,JEL
JEL-.105-8.r4,NA,10.1257/jel.60.3.1058.r4,JEL,NA,Journal of Economic Literature,2022-09-01,3,Book Reviews,60,,0022-0515,2022,TRUE,JEL
JEL-.105-8.r5,NA,10.1257/jel.60.3.1058.r5,JEL,NA,Journal of Economic Literature,2022-09-01,3,Book Reviews,60,,0022-0515,2022,TRUE,JEL
JEL-.105-8.r6,NA,10.1257/jel.60.3.1058.r6,JEL,NA,Journal of Economic Literature,2022-09-01,3,Book Reviews,60,,0022-0515,2022,TRUE,JEL
JEL-0.3.-1072,NA,10.1257/jel.60.3.1072,JEL,NA,Journal of Economic Literature,2022-09-01,3,Annotated Listing of New Books,60,,0022-0515,2022,TRUE,JEL
JEL-0.3.-1139,NA,10.1257/jel.60.3.1139,JEL,NA,Journal of Economic Literature,2022-09-01,3,JEL Classification System,60,,0022-0515,2022,TRUE,JEL
JEL-2020-1490,NA,10.1257/jel.20201490,JEL,NA,Journal of Economic Literature,2022-12-01,4,Local Policy Choice: Theory and Empirics,60,,0022-0515,2022,TRUE,JEL
JEL-2021-1560,NA,10.1257/jel.20211560,JEL,NA,Journal of Economic Literature,2022-12-01,4,Carbon Taxes,60,,0022-0515,2022,TRUE,JEL
JEL-2020-1330,NA,10.1257/jel.20201330,JEL,NA,Journal of Economic Literature,2022-12-01,4,Legal Markets,60,,0022-0515,2022,TRUE,JEL
JEL-2020-1539,NA,10.1257/jel.20201539,JEL,NA,Journal of Economic Literature,2022-12-01,4,Agri-food Value Chain Revolutions in Low- and Middle-Income Countries,60,,0022-0515,2022,TRUE,JEL
JEL-2021-1355,NA,10.1257/jel.20211355,JEL,NA,Journal of Economic Literature,2022-12-01,4,Measurement Systems,60,,0022-0515,2022,TRUE,JEL
JEL-2022-1515,NA,10.1257/jel.20221515,JEL,NA,Journal of Economic Literature,2022-12-01,4,Larry Ball’s The Fed and Lehman Brothers: A Review Essay,60,,0022-0515,2022,TRUE,JEL
JEL-0.4.-1509,NA,10.1257/jel.60.4.1509,JEL,NA,Journal of Economic Literature,2022-12-01,4,Book Reviews,60,,0022-0515,2022,TRUE,JEL
JEL-.150-9.r1,NA,10.1257/jel.60.4.1509.r1,JEL,NA,Journal of Economic Literature,2022-12-01,4,Book Reviews,60,,0022-0515,2022,TRUE,JEL
JEL-0.4.-1512,NA,10.1257/jel.60.4.1512,JEL,NA,Journal of Economic Literature,2022-12-01,4,Annotated Listing of New Books,60,,0022-0515,2022,TRUE,JEL
JEL-0.4.-1568,NA,10.1257/jel.60.4.1568,JEL,NA,Journal of Economic Literature,2022-12-01,4,JEL Classification System,60,,0022-0515,2022,TRUE,JEL
JEL-0.4.-1584,NA,10.1257/jel.60.4.1584,JEL,NA,Journal of Economic Literature,2022-12-01,4,Doctoral Dissertations in Economics One-Hundred-Nineteenth Annual List,60,,0022-0515,2022,TRUE,JEL
JEL-2021-1524,NA,10.1257/jel.20211524,JEL,NA,Journal of Economic Literature,2023-03-01,1,Rational Inattention: A Review,61,,0022-0515,2023,TRUE,JEL
JEL-2021-1584,NA,10.1257/jel.20211584,JEL,NA,Journal of Economic Literature,2023-03-01,1,Hysteresis and Business Cycles,61,,0022-0515,2023,TRUE,JEL
JEL-2021-1635,NA,10.1257/jel.20211635,JEL,NA,Journal of Economic Literature,2023-03-01,1,The Public Health Effects of Legalizing Marijuana,61,,0022-0515,2023,TRUE,JEL
JEL-2021-1652,NA,10.1257/jel.20211652,JEL,NA,Journal of Economic Literature,2023-03-01,1,The Best of Both Worlds: Combining Randomized Controlled Trials with Structural Modeling,61,,0022-0515,2023,TRUE,JEL
JEL-2021-1658,NA,10.1257/jel.20211658,JEL,NA,Journal of Economic Literature,2023-03-01,1,Designing Information Provision Experiments,61,,0022-0515,2023,TRUE,JEL
JEL-61.1-.295,NA,10.1257/jel.61.1.295,JEL,NA,Journal of Economic Literature,2023-03-01,1,Book Reviews,61,,0022-0515,2023,TRUE,JEL
JEL-1.29-5.r1,NA,10.1257/jel.61.1.295.r1,JEL,NA,Journal of Economic Literature,2023-03-01,1,Book Review: Voting over a Distributed Ledger: An Interdisciplinary Perspective,61,,0022-0515,2023,TRUE,JEL
JEL-61.1-.298,NA,10.1257/jel.61.1.298,JEL,NA,Journal of Economic Literature,2023-03-01,1,Annotated Listing of New Books,61,,0022-0515,2023,TRUE,JEL
JEL-61.1-.365,NA,10.1257/jel.61.1.365,JEL,NA,Journal of Economic Literature,2023-03-01,1,JEL Classification System,61,,0022-0515,2023,TRUE,JEL
JEL-2021-1607,NA,10.1257/jel.20211607,JEL,NA,Journal of Economic Literature,2023-06-01,2,"The Impact of Public–Private Partnerships (PPPs) in Infrastructure, Health, and Education",61,,0022-0515,2023,TRUE,JEL
JEL-2021-1645,NA,10.1257/jel.20211645,JEL,NA,Journal of Economic Literature,2023-06-01,2,What is Certain about Uncertainty?,61,,0022-0515,2023,TRUE,JEL
JEL-2021-1660,NA,10.1257/jel.20211660,JEL,NA,Journal of Economic Literature,2023-06-01,2,What Can Economics Say about Alzheimer’s Disease?,61,,0022-0515,2023,TRUE,JEL
JEL-2021-1536,NA,10.1257/jel.20211536,JEL,NA,Journal of Economic Literature,2023-06-01,2,Encouraging Desistance from Crime,61,,0022-0515,2023,TRUE,JEL
JEL-2021-1537,NA,10.1257/jel.20211537,JEL,NA,Journal of Economic Literature,2023-06-01,2,From Micro to Macro Development,61,,0022-0515,2023,TRUE,JEL
JEL-2021-1571,NA,10.1257/jel.20211571,JEL,NA,Journal of Economic Literature,2023-06-01,2,Game Theory and the First World War,61,,0022-0515,2023,TRUE,JEL
JEL-61.2-.736,NA,10.1257/jel.61.2.736,JEL,NA,Journal of Economic Literature,2023-06-01,2,Book Reviews,61,,0022-0515,2023,TRUE,JEL
JEL-2.73-6.r1,NA,10.1257/jel.61.2.736.r1,JEL,NA,Journal of Economic Literature,2023-06-01,2,A World Trading System for the Twenty-First Century,61,,0022-0515,2023,TRUE,JEL
JEL-2.73-6.r2,NA,10.1257/jel.61.2.736.r2,JEL,NA,Journal of Economic Literature,2023-06-01,2,"A Monetary and Fiscal History of the United States, 1961–2021",61,,0022-0515,2023,TRUE,JEL
JEL-2.73-6.r3,NA,10.1257/jel.61.2.736.r3,JEL,NA,Journal of Economic Literature,2023-06-01,2,Climate Future: Averting and Adapting to Climate Change,61,,0022-0515,2023,TRUE,JEL
JEL-61.2-.745,NA,10.1257/jel.61.2.745,JEL,NA,Journal of Economic Literature,2023-06-01,2,Annotated Listing of New Books,61,,0022-0515,2023,TRUE,JEL
JEL-61.2-.818,NA,10.1257/jel.61.2.818,JEL,NA,Journal of Economic Literature,2023-06-01,2,JEL Classification System,61,,0022-0515,2023,TRUE,JEL
JEL-2021-1563,NA,10.1257/jel.20211563,JEL,NA,Journal of Economic Literature,2023-09-01,3,"<i>Making Our Neighborhoods, Making Our Selves</i>: A Review Essay",61,,0022-0515,2023,TRUE,JEL
JEL-2022-1701,NA,10.1257/jel.20221701,JEL,NA,Journal of Economic Literature,2023-09-01,3,Perspectives on Race/Ethnicity and Economic Justice,61,,0022-0515,2023,TRUE,JEL
JEL-2022-1709,NA,10.1257/jel.20221709,JEL,NA,Journal of Economic Literature,2023-09-01,3,The Minimum Wage as a Tool for Racial Economic Justice,61,,0022-0515,2023,TRUE,JEL
JEL-1.3.-1188,NA,10.1257/jel.61.3.1188,JEL,NA,Journal of Economic Literature,2023-09-01,3,Book Reviews,61,,0022-0515,2023,TRUE,JEL
JEL-.118-8.r1,NA,10.1257/jel.61.3.1188.r1,JEL,NA,Journal of Economic Literature,2023-09-01,3,Prioritarianism in Practice,61,,0022-0515,2023,TRUE,JEL
JEL-.118-8.r2,NA,10.1257/jel.61.3.1188.r2,JEL,NA,Journal of Economic Literature,2023-09-01,3,The Dawn of Everything: A New History of Humanity,61,,0022-0515,2023,TRUE,JEL
JEL-.118-8.r3,NA,10.1257/jel.61.3.1188.r3,JEL,NA,Journal of Economic Literature,2023-09-01,3,The Market Power of Technology: Understanding the Second Gilded Age,61,,0022-0515,2023,TRUE,JEL
JEL-.118-8.r4,NA,10.1257/jel.61.3.1188.r4,JEL,NA,Journal of Economic Literature,2023-09-01,3,Virtuous Bankers: A Day in the Life of the Eighteenth-Century Bank of England,61,,0022-0515,2023,TRUE,JEL
JEL-.118-8.r5,NA,10.1257/jel.61.3.1188.r5,JEL,NA,Journal of Economic Literature,2023-09-01,3,Making Wise Decisions in a Smart World: Responsible Leadership in an Era of Artificial Intelligence,61,,0022-0515,2023,TRUE,JEL
JEL-1.3.-1203,NA,10.1257/jel.61.3.1203,JEL,NA,Journal of Economic Literature,2023-09-01,3,Annotated Listing of New Books,61,,0022-0515,2023,TRUE,JEL
JEL-1.3.-1261,NA,10.1257/jel.61.3.1261,JEL,NA,Journal of Economic Literature,2023-09-01,3,JEL Classification System,61,,0022-0515,2023,TRUE,JEL
JEL-2022-1633,NA,10.1257/jel.20221633,JEL,NA,Journal of Economic Literature,2023-12-01,4,Firm-Level Upgrading in Developing Countries,61,,0022-0515,2023,TRUE,JEL
JEL-2021-1622,NA,10.1257/jel.20211622,JEL,NA,Journal of Economic Literature,2023-12-01,4,"What Drives Intergenerational Mobility? The Role of Family, Neighborhood, Education, and Social Class: A Review of Bukodi and Goldthorpe’s<i>Social Mobility and Education in Britain</i>",61,,0022-0515,2023,TRUE,JEL
JEL-2023-1722,NA,10.1257/jel.20231722,JEL,NA,Journal of Economic Literature,2023-12-01,4,A Fed for Our Times: A Review Essay on <i>21st Century Monetary Policy</i> by Ben Bernanke,61,,0022-0515,2023,TRUE,JEL
JEL-1.4.-1579,NA,10.1257/jel.61.4.1579,JEL,NA,Journal of Economic Literature,2023-12-01,4,Book Reviews,61,,0022-0515,2023,TRUE,JEL
JEL-.157-9.r1,NA,10.1257/jel.61.4.1579.r1,JEL,NA,Journal of Economic Literature,2023-12-01,4,Conquests and Rents: A Political Economy of Dictatorship and Violence in Muslim Societies,61,,0022-0515,2023,TRUE,JEL
JEL-.157-9.r2,NA,10.1257/jel.61.4.1579.r2,JEL,NA,Journal of Economic Literature,2023-12-01,4,We've Got You Covered: Rebooting American Health Care,61,,0022-0515,2023,TRUE,JEL
JEL-.157-9.r3,NA,10.1257/jel.61.4.1579.r3,JEL,NA,Journal of Economic Literature,2023-12-01,4,The Myth That Made Us: How False Beliefs about Racism and Meritocracy Broke Our Economy (and How to Fix It),61,,0022-0515,2023,TRUE,JEL
JEL-.157-9.r4,NA,10.1257/jel.61.4.1579.r4,JEL,NA,Journal of Economic Literature,2023-12-01,4,"India Is Broken: A People Betrayed, Independence to Today",61,,0022-0515,2023,TRUE,JEL
JEL-.157-9.r5,NA,10.1257/jel.61.4.1579.r5,JEL,NA,Journal of Economic Literature,2023-12-01,4,"Spectrum Auctions: Designing Markets to Benefit the Public, Industry and the Economy",61,,0022-0515,2023,TRUE,JEL
JEL-.157-9.r6,NA,10.1257/jel.61.4.1579.r6,JEL,NA,Journal of Economic Literature,2023-12-01,4,The Ends of Freedom: Reclaiming America's Lost Promise of Economic Rights,61,,0022-0515,2023,TRUE,JEL
JEL-.157-9.r7,NA,10.1257/jel.61.4.1579.r7,JEL,NA,Journal of Economic Literature,2023-12-01,4,The Economics of Religion,61,,0022-0515,2023,TRUE,JEL
JEL-1.4.-1593,NA,10.1257/jel.61.4.1593,JEL,NA,Journal of Economic Literature,2023-12-01,4,Annotated Listing of New Books,61,,0022-0515,2023,TRUE,JEL
JEL-1.4.-1658,NA,10.1257/jel.61.4.1658,JEL,NA,Journal of Economic Literature,2023-12-01,4,JEL Classification System,61,,0022-0515,2023,TRUE,JEL
JEL-1.4.-1674,NA,10.1257/jel.61.4.1674,JEL,NA,Journal of Economic Literature,2023-12-01,4,Doctoral Dissertations in Economics One-Hundred-Twelfth Annual List,61,,0022-0515,2023,TRUE,JEL
JEL-2022-1603,NA,10.1257/jel.20221603,JEL,NA,Journal of Economic Literature,2024-03-01,1,"Mediation, Military, and Money: The Promises and Pitfalls of Outside Interventions to End Armed Conflicts",62,,0022-0515,2024,TRUE,JEL
JEL-2022-1613,NA,10.1257/jel.20221613,JEL,NA,Journal of Economic Literature,2024-03-01,1,From Outcome-Based to Language-Based Preferences,62,,0022-0515,2024,TRUE,JEL
JEL-2022-1712,NA,10.1257/jel.20221712,JEL,NA,Journal of Economic Literature,2024-03-01,1,Beyond the Natural Rate: Stephen Marglin on the Instability of Market Economies,62,,0022-0515,2024,TRUE,JEL
JEL-62.1-.317,NA,10.1257/jel.62.1.317,JEL,NA,Journal of Economic Literature,2024-03-01,1,Book Reviews,62,,0022-0515,2024,TRUE,JEL
JEL-1.31-7.r1,NA,10.1257/jel.62.1.317.r1,JEL,NA,Journal of Economic Literature,2024-03-01,1,As Gods Among Men: A History of the Rich in the West,62,,0022-0515,2024,TRUE,JEL
JEL-.317-.r10,NA,10.1257/jel.62.1.317.r10,JEL,NA,Journal of Economic Literature,2024-03-01,1,"The Monetarists: The Making of the Chicago Monetary Tradition, 1927–1960",62,,0022-0515,2024,TRUE,JEL
JEL-1.31-7.r2,NA,10.1257/jel.62.1.317.r2,JEL,NA,Journal of Economic Literature,2024-03-01,1,The Problem of Twelve: When a Few Financial Institutions Control Everything,62,,0022-0515,2024,TRUE,JEL
JEL-1.31-7.r3,NA,10.1257/jel.62.1.317.r3,JEL,NA,Journal of Economic Literature,2024-03-01,1,What Universities Owe Democracy,62,,0022-0515,2024,TRUE,JEL
JEL-1.31-7.r4,NA,10.1257/jel.62.1.317.r4,JEL,NA,Journal of Economic Literature,2024-03-01,1,Economics in America: An Immigrant Economist Explores the Land of Inequality,62,,0022-0515,2024,TRUE,JEL
JEL-1.31-7.r5,NA,10.1257/jel.62.1.317.r5,JEL,NA,Journal of Economic Literature,2024-03-01,1,The Rise and Fall of the Neoliberal Order: America and the World in the Free Market Era,62,,0022-0515,2024,TRUE,JEL
JEL-1.31-7.r6,NA,10.1257/jel.62.1.317.r6,JEL,NA,Journal of Economic Literature,2024-03-01,1,Individuality and Entanglement: The Moral and Material Bases of Social Life,62,,0022-0515,2024,TRUE,JEL
JEL-1.31-7.r7,NA,10.1257/jel.62.1.317.r7,JEL,NA,Journal of Economic Literature,2024-03-01,1,The Unequal Effects of Globalization,62,,0022-0515,2024,TRUE,JEL
JEL-1.31-7.r8,NA,10.1257/jel.62.1.317.r8,JEL,NA,Journal of Economic Literature,2024-03-01,1,Chip War: The Fight for the World's Most Critical Technology,62,,0022-0515,2024,TRUE,JEL
JEL-1.31-7.r9,NA,10.1257/jel.62.1.317.r9,JEL,NA,Journal of Economic Literature,2024-03-01,1,Why Not Better and Cheaper? Healthcare and Innovation,62,,0022-0515,2024,TRUE,JEL
JEL-62.1-.334,NA,10.1257/jel.62.1.334,JEL,NA,Journal of Economic Literature,2024-03-01,1,Annotated Listing of New Books,62,,0022-0515,2024,TRUE,JEL
JEL-62.1-.405,NA,10.1257/jel.62.1.405,JEL,NA,Journal of Economic Literature,2024-03-01,1,<i>JEL Classification System</i>,62,,0022-0515,2024,TRUE,JEL
JEP-38.3-.237,NA,10.1257/jep.38.3.237,JEP,NA,Journal of Economic Perspectives,2024-08-01,3,On the Economics of Extinction and Possible Mass Extinctions,38,,1944-7965,2024,TRUE,JEP
JEP-38.3-.113,NA,10.1257/jep.38.3.113,JEP,NA,Journal of Economic Perspectives,2024-08-01,3,Are Opportunity Zones an Effective Place-Based Policy?,38,,1944-7965,2024,TRUE,JEP
JEP-38.3-.137,NA,10.1257/jep.38.3.137,JEP,NA,Journal of Economic Perspectives,2024-08-01,3,Seeking the “Missing Women” of Economics with the Undergraduate Women in Economics Challenge,38,,1944-7965,2024,TRUE,JEP
JEP-38.3-.163,NA,10.1257/jep.38.3.163,JEP,NA,Journal of Economic Perspectives,2024-08-01,3,"Valuing Identity in the Classroom: What Economics Can Learn from Science, Technology, Engineering, and Mathematics Education",38,,1944-7965,2024,TRUE,JEP
JEP-38.3-.191,NA,10.1257/jep.38.3.191,JEP,NA,Journal of Economic Perspectives,2024-08-01,3,Lessons for Expanding the Share of Disadvantaged Students in Economics from the AEA Summer Program at Michigan State University,38,,1944-7965,2024,TRUE,JEP
JEP-38.3-.209,NA,10.1257/jep.38.3.209,JEP,NA,Journal of Economic Perspectives,2024-08-01,3,What Went Wrong with Federal Student Loans?,38,,1944-7965,2024,TRUE,JEP
JEP-38.3-.261,NA,10.1257/jep.38.3.261,JEP,NA,Journal of Economic Perspectives,2024-08-01,3,Recommendations for Further Reading,38,,1944-7965,2024,TRUE,JEP
JEP-p.38-.3.3,NA,10.1257/jep.38.3.3,JEP,NA,Journal of Economic Perspectives,2024-08-01,3,Sweeping Changes and an Uncertain Legacy: The Tax Cuts and Jobs Act of 2017,38,,1944-7965,2024,TRUE,JEP
JEP-.38.-3.33,NA,10.1257/jep.38.3.33,JEP,NA,Journal of Economic Perspectives,2024-08-01,3,The US Individual Income Tax: Recent Evolution and Evidence,38,,1944-7965,2024,TRUE,JEP
JEP-.38.-3.61,NA,10.1257/jep.38.3.61,JEP,NA,Journal of Economic Perspectives,2024-08-01,3,Lessons from the Biggest Business Tax Cut in US History,38,,1944-7965,2024,TRUE,JEP
JEP-.38.-3.89,NA,10.1257/jep.38.3.89,JEP,NA,Journal of Economic Perspectives,2024-08-01,3,US International Corporate Taxation after the Tax Cuts and Jobs Act,38,,1944-7965,2024,TRUE,JEP
JEP-38.4-.111,NA,10.1257/jep.38.4.111,JEP,NA,Journal of Economic Perspectives,2024-11-01,4,"Alexander Hamilton’s
                    <i>Report on Manufactures</i>
                    and Industrial Policy",38,,1944-7965,2024,TRUE,JEP
JEP-.38.-4.55,NA,10.1257/jep.38.4.55,JEP,NA,Journal of Economic Perspectives,2024-11-01,4,Industrial Policy: Lessons from Shipbuilding,38,,1944-7965,2024,TRUE,JEP
JEP-.38.-4.81,NA,10.1257/jep.38.4.81,JEP,NA,Journal of Economic Perspectives,2024-11-01,4,Semiconductors and Modern Industrial Policy,38,,1944-7965,2024,TRUE,JEP
JEP-38.4-.131,NA,10.1257/jep.38.4.131,JEP,NA,Journal of Economic Perspectives,2024-11-01,4,Evaluating Behavioral Incentive Compatibility: Insights from Experiments,38,,1944-7965,2024,TRUE,JEP
JEP-38.4-.155,NA,10.1257/jep.38.4.155,JEP,NA,Journal of Economic Perspectives,2024-11-01,4,Behavioral Incentive Compatibility and Empirically Informed Welfare Analysis: An Introductory Guide,38,,1944-7965,2024,TRUE,JEP
JEP-38.4-.175,NA,10.1257/jep.38.4.175,JEP,NA,Journal of Economic Perspectives,2024-11-01,4,Designing Simple Mechanisms,38,,1944-7965,2024,TRUE,JEP
JEP-38.4-.193,NA,10.1257/jep.38.4.193,JEP,NA,Journal of Economic Perspectives,2024-11-01,4,The Problem of Good Conduct among Financial Advisers,38,,1944-7965,2024,TRUE,JEP
JEP-38.4-.211,NA,10.1257/jep.38.4.211,JEP,NA,Journal of Economic Perspectives,2024-11-01,4,"Retrospectives: Friedman and Schwartz, Disaggregated",38,,1944-7965,2024,TRUE,JEP
JEP-38.4-.229,NA,10.1257/jep.38.4.229,JEP,NA,Journal of Economic Perspectives,2024-11-01,4,Recommendations for Further Reading,38,,1944-7965,2024,TRUE,JEP
JEP-.38.-4.27,NA,10.1257/jep.38.4.27,JEP,NA,Journal of Economic Perspectives,2024-11-01,4,The Political Economy of Industrial Policy,38,,1944-7965,2024,TRUE,JEP
JEP-p.38-.4.3,NA,10.1257/jep.38.4.3,JEP,NA,Journal of Economic Perspectives,2024-11-01,4,Export-Led Industrial Policy for Developing Countries: Is There a Way to Pick Winners?,38,,1944-7965,2024,TRUE,JEP
JEP-2023-1370,NA,10.1257/jep.20231370,JEP,NA,Journal of Economic Perspectives,2025-02-01,1,A Practical Guide to Shift-Share Instruments,39,,1944-7965,2025,TRUE,JEP
JEP-2024-1413,NA,10.1257/jep.20241413,JEP,NA,Journal of Economic Perspectives,2025-02-01,1,Improving Economic Analysis in Merger Guidelines,39,,1944-7965,2025,TRUE,JEP
JEP-2022-1347,NA,10.1257/jep.20221347,JEP,NA,Journal of Economic Perspectives,2025-02-01,1,Getting Infrastructure Built: The Law and Economics of Permitting,39,,1944-7965,2025,TRUE,JEP
JEP-2023-1392,NA,10.1257/jep.20231392,JEP,NA,Journal of Economic Perspectives,2025-02-01,1,Did Welfare Reform End the Safety Net as We Knew It? The Record since 1996,39,,1944-7965,2025,TRUE,JEP
JEP-2023-1393,NA,10.1257/jep.20231393,JEP,NA,Journal of Economic Perspectives,2025-02-01,1,Two Histories of the Public Safety Net,39,,1944-7965,2025,TRUE,JEP
JEP-2023-1394,NA,10.1257/jep.20231394,JEP,NA,Journal of Economic Perspectives,2025-02-01,1,Administrative Burdens in the Social Safety Net,39,,1944-7965,2025,TRUE,JEP
JEP-2024-1414,NA,10.1257/jep.20241414,JEP,NA,Journal of Economic Perspectives,2025-02-01,1,Acquisitions to Enter New Markets,39,,1944-7965,2025,TRUE,JEP
JEP-2024-1415,NA,10.1257/jep.20241415,JEP,NA,Journal of Economic Perspectives,2025-02-01,1,The 2023 Merger Guidelines and the Arc of Antitrust History,39,,1944-7965,2025,TRUE,JEP
JEP-2024-1422,NA,10.1257/jep.20241422,JEP,NA,Journal of Economic Perspectives,2025-02-01,1,"Philipp Strack, 2024 Clark Medalist",39,,1944-7965,2025,TRUE,JEP
JEP-2024-1431,NA,10.1257/jep.20241431,JEP,NA,Journal of Economic Perspectives,2025-02-01,1,Tax Privacy,39,,1944-7965,2025,TRUE,JEP
JEP-2024-1437,NA,10.1257/jep.20241437,JEP,NA,Journal of Economic Perspectives,2025-02-01,1,Recommendations for Further Reading,39,,1944-7965,2025,TRUE,JEP
JEP-2024-1411,NA,10.1257/jep.20241411,JEP,NA,Journal of Economic Perspectives,2025-05-01,2,Why Is the Fragmented Municipal Bond Market So Costly to Investors and Issuers?,39,,1944-7965,2025,TRUE,JEP
JEP-2024-1412,NA,10.1257/jep.20241412,JEP,NA,Journal of Economic Perspectives,2025-05-01,2,How US Treasuries Can Remain the World’s Safe Haven,39,,1944-7965,2025,TRUE,JEP
JEP-2024-1418,NA,10.1257/jep.20241418,JEP,NA,Journal of Economic Perspectives,2025-05-01,2,Lessons for the United States from Pharmaceutical Regulation Abroad,39,,1944-7965,2025,TRUE,JEP
JEP-2024-1420,NA,10.1257/jep.20241420,JEP,NA,Journal of Economic Perspectives,2025-05-01,2,The Economics of Generic Drug Shortages: The Limits of Competition,39,,1944-7965,2025,TRUE,JEP
JEP-2025-1439,NA,10.1257/jep.20251439,JEP,NA,Journal of Economic Perspectives,2025-05-01,2,US Corporate Bond Markets: Bigger and (Maybe) Better?,39,,1944-7965,2025,TRUE,JEP
JEP-2024-1406,NA,10.1257/jep.20241406,JEP,NA,Journal of Economic Perspectives,2025-05-01,2,Retrospectives: Yair Mundlak and the Fixed Effects Estimator,39,,1944-7965,2025,TRUE,JEP
JEP-2024-1421,NA,10.1257/jep.20241421,JEP,NA,Journal of Economic Perspectives,2025-05-01,2,Public Finance Implications of Economic Inequality,39,,1944-7965,2025,TRUE,JEP
JEP-2024-1423,NA,10.1257/jep.20241423,JEP,NA,Journal of Economic Perspectives,2025-05-01,2,"Patents, Innovation, and Competition in Pharmaceuticals: The Hatch-Waxman Act After 40 Years",39,,1944-7965,2025,TRUE,JEP
JEP-2024-1424,NA,10.1257/jep.20241424,JEP,NA,Journal of Economic Perspectives,2025-05-01,2,Measuring Income and Income Inequality,39,,1944-7965,2025,TRUE,JEP
JEP-2024-1435,NA,10.1257/jep.20241435,JEP,NA,Journal of Economic Perspectives,2025-05-01,2,Macro Perspectives on Income Inequality,39,,1944-7965,2025,TRUE,JEP
JEP-2024-1436,NA,10.1257/jep.20241436,JEP,NA,Journal of Economic Perspectives,2025-05-01,2,A Hitchhiker’s Guide to Federal Reserve Participation in Fixed Income Markets,39,,1944-7965,2025,TRUE,JEP
JEP-2025-1438,NA,10.1257/jep.20251438,JEP,NA,Journal of Economic Perspectives,2025-05-01,2,Economic Markets and Pharmaceutical Innovation,39,,1944-7965,2025,TRUE,JEP
JEP-2025-1441,NA,10.1257/jep.20251441,JEP,NA,Journal of Economic Perspectives,2025-05-01,2,Recommendations for Further Reading,39,,1944-7965,2025,TRUE,JEP
JEP-2023-1365,NA,10.1257/jep.20231365,JEP,NA,Journal of Economic Perspectives,2025-08-01,3,Text as Data in Economic Analysis,39,,1944-7965,2025,TRUE,JEP
JEP-2024-1416,NA,10.1257/jep.20241416,JEP,NA,Journal of Economic Perspectives,2025-08-01,3,Protecting Antiquities: A Role for Long-Term Leases?,39,,1944-7965,2025,TRUE,JEP
JEP-2024-1426,NA,10.1257/jep.20241426,JEP,NA,Journal of Economic Perspectives,2025-08-01,3,How Regional Inequality and Migration Drive Housing Prices and Rents,39,,1944-7965,2025,TRUE,JEP
JEP-2024-1427,NA,10.1257/jep.20241427,JEP,NA,Journal of Economic Perspectives,2025-08-01,3,Curbing Rising Housing Costs: A Model-Based Policy Comparison,39,,1944-7965,2025,TRUE,JEP
JEP-2024-1428,NA,10.1257/jep.20241428,JEP,NA,Journal of Economic Perspectives,2025-08-01,3,The Folk Economics of Housing,39,,1944-7965,2025,TRUE,JEP
JEP-2024-1429,NA,10.1257/jep.20241429,JEP,NA,Journal of Economic Perspectives,2025-08-01,3,International Dimensions of Housing Markets,39,,1944-7965,2025,TRUE,JEP
JEP-2024-1430,NA,10.1257/jep.20241430,JEP,NA,Journal of Economic Perspectives,2025-08-01,3,Carbon Rollercoaster: A Historical Analysis of Decarbonization in the United States,39,,1944-7965,2025,TRUE,JEP
JEP-2024-1432,NA,10.1257/jep.20241432,JEP,NA,Journal of Economic Perspectives,2025-08-01,3,Building Costs and House Prices,39,,1944-7965,2025,TRUE,JEP
JEP-2024-1434,NA,10.1257/jep.20241434,JEP,NA,Journal of Economic Perspectives,2025-08-01,3,Basel Endgame: Bank Capital Requirements and the Future of International Standard Setting,39,,1944-7965,2025,TRUE,JEP
JEP-2025-1444,NA,10.1257/jep.20251444,JEP,NA,Journal of Economic Perspectives,2025-08-01,3,Interview with Anne O. Krueger,39,,1944-7965,2025,TRUE,JEP
JEP-2025-1445,NA,10.1257/jep.20251445,JEP,NA,Journal of Economic Perspectives,2025-08-01,3,Recommendations for Further Reading,39,,1944-7965,2025,TRUE,JEP
JEP-2025-1447,NA,10.1257/jep.20251447,JEP,NA,Journal of Economic Perspectives,2025-08-01,3,How Congress Designed the Federal Reserve to Be Independent of Presidential Control,39,,1944-7965,2025,TRUE,JEP
JEP-2024-1409,NA,10.1257/jep.20241409,JEP,NA,Journal of Economic Perspectives,2025-11-01,4,Why Regulate Junk Fees?,39,,1944-7965,2025,TRUE,JEP
JEP-2024-1417,NA,10.1257/jep.20241417,JEP,NA,Journal of Economic Perspectives,2025-11-01,4,"Retrospectives: W. E. B. Du Bois, Harvard Economics, and Marginalist Wage Theory",39,,1944-7965,2025,TRUE,JEP
JEP-2024-1433,NA,10.1257/jep.20241433,JEP,NA,Journal of Economic Perspectives,2025-11-01,4,China’s Lending to Developing Countries: From Boom to Bust,39,,1944-7965,2025,TRUE,JEP
JEP-2025-1440,NA,10.1257/jep.20251440,JEP,NA,Journal of Economic Perspectives,2025-11-01,4,Comparing Experimental and Nonexperimental Methods: What Lessons Have We Learned Four Decades after LaLonde (1986)?,39,,1944-7965,2025,TRUE,JEP
JEP-2025-1448,NA,10.1257/jep.20251448,JEP,NA,Journal of Economic Perspectives,2025-11-01,4,"Industrial Policy, Asian Miracle Style",39,,1944-7965,2025,TRUE,JEP
JEP-2025-1449,NA,10.1257/jep.20251449,JEP,NA,Journal of Economic Perspectives,2025-11-01,4,"The World Bank’s
                    <i>East Asian Miracle</i>
                    : Too Much a Product of Its Time?",39,,1944-7965,2025,TRUE,JEP
JEP-2025-1450,NA,10.1257/jep.20251450,JEP,NA,Journal of Economic Perspectives,2025-11-01,4,Putting US Fiscal Policy on a Sustainable Path,39,,1944-7965,2025,TRUE,JEP
JEP-2025-1451,NA,10.1257/jep.20251451,JEP,NA,Journal of Economic Perspectives,2025-11-01,4,Sovereign Debt and Fiscal Integration in the European Union,39,,1944-7965,2025,TRUE,JEP
JEP-2025-1452,NA,10.1257/jep.20251452,JEP,NA,Journal of Economic Perspectives,2025-11-01,4,Japan’s Debt Puzzle: Sovereign Wealth Fund from Borrowed Money,39,,1944-7965,2025,TRUE,JEP
JEP-2025-1455,NA,10.1257/jep.20251455,JEP,NA,Journal of Economic Perspectives,2025-11-01,4,"Credit, Debt-Deflation, and the Great Depression Revisited",39,,1944-7965,2025,TRUE,JEP
JEP-2025-1485,NA,10.1257/jep.20251485,JEP,NA,Journal of Economic Perspectives,2025-11-01,4,Recommendations for Further Reading,39,,1944-7965,2025,TRUE,JEP
JEP-2024-1446,NA,10.1257/jep.20241446,JEP,NA,Journal of Economic Perspectives,2026-02-01,1,Antitrust Enforcement in Labor Markets,40,,1944-7965,2026,TRUE,JEP
JEP-2025-1453,NA,10.1257/jep.20251453,JEP,NA,Journal of Economic Perspectives,2026-02-01,1,Asian Immigration to the United States in Historical Perspective,40,,1944-7965,2026,TRUE,JEP
JEP-2025-1454,NA,10.1257/jep.20251454,JEP,NA,Journal of Economic Perspectives,2026-02-01,1,"From Asia, with Skills",40,,1944-7965,2026,TRUE,JEP
JEP-2025-1456,NA,10.1257/jep.20251456,JEP,NA,Journal of Economic Perspectives,2026-02-01,1,Labor Market Power: From Micro Evidence to Macro Consequences,40,,1944-7965,2026,TRUE,JEP
JEP-2025-1457,NA,10.1257/jep.20251457,JEP,NA,Journal of Economic Perspectives,2026-02-01,1,The Economics of Noncompete Clauses,40,,1944-7965,2026,TRUE,JEP
JEP-2025-1458,NA,10.1257/jep.20251458,JEP,NA,Journal of Economic Perspectives,2026-02-01,1,Occupational Licensing in the United States,40,,1944-7965,2026,TRUE,JEP
JEP-2025-1460,NA,10.1257/jep.20251460,JEP,NA,Journal of Economic Perspectives,2026-02-01,1,Family Institutions and the Global Fertility Transition,40,,1944-7965,2026,TRUE,JEP
JEP-2025-1461,NA,10.1257/jep.20251461,JEP,NA,Journal of Economic Perspectives,2026-02-01,1,Global Labor Mobility between Shrinking and Growing Labor Forces,40,,1944-7965,2026,TRUE,JEP
JEP-2025-1462,NA,10.1257/jep.20251462,JEP,NA,Journal of Economic Perspectives,2026-02-01,1,How Much Would Continued Low Fertility Affect the US Standard of Living?,40,,1944-7965,2026,TRUE,JEP
JEP-2025-1463,NA,10.1257/jep.20251463,JEP,NA,Journal of Economic Perspectives,2026-02-01,1,The Likelihood of Persistently Low Global Fertility,40,,1944-7965,2026,TRUE,JEP
JEP-2025-1497,NA,10.1257/jep.20251497,JEP,NA,Journal of Economic Perspectives,2026-02-01,1,Recommendations for Further Reading,40,,1944-7965,2026,TRUE,JEP
JEP-2023-1372,NA,10.1257/jep.20231372,JEP,NA,Journal of Economic Perspectives,2026-05-01,2,A Users’ Guide to Uncovering Worker and Firm Effects: The ABC of AKM,40,,1944-7965,2026,TRUE,JEP
JEP-2025-1459,NA,10.1257/jep.20251459,JEP,NA,Journal of Economic Perspectives,2026-05-01,2,Competition in Health Insurance Markets,40,,1944-7965,2026,TRUE,JEP
JEP-2025-1468,NA,10.1257/jep.20251468,JEP,NA,Journal of Economic Perspectives,2026-05-01,2,Retrospectives: The Great Dollar-Shortage Debate,40,,1944-7965,2026,TRUE,JEP
JEP-2025-1469,NA,10.1257/jep.20251469,JEP,NA,Journal of Economic Perspectives,2026-05-01,2,Substitutes for Success? Public Versus Private Competition in Medicare Advantage,40,,1944-7965,2026,TRUE,JEP
JEP-2025-1470,NA,10.1257/jep.20251470,JEP,NA,Journal of Economic Perspectives,2026-05-01,2,The Emerging Role of Competition in Health Care,40,,1944-7965,2026,TRUE,JEP
JEP-2025-1471,NA,10.1257/jep.20251471,JEP,NA,Journal of Economic Perspectives,2026-05-01,2,Anticompetitive Contracts Between Insurers and Providers in Health Care,40,,1944-7965,2026,TRUE,JEP
JEP-2025-1472,NA,10.1257/jep.20251472,JEP,NA,Journal of Economic Perspectives,2026-05-01,2,The Current Era of Health Care Consolidation,40,,1944-7965,2026,TRUE,JEP
JEP-2025-1473,NA,10.1257/jep.20251473,JEP,NA,Journal of Economic Perspectives,2026-05-01,2,Physician Competition: Entry and Substitution,40,,1944-7965,2026,TRUE,JEP
JEP-2025-1474,NA,10.1257/jep.20251474,JEP,NA,Journal of Economic Perspectives,2026-05-01,2,Regulated Competition in Health Insurance Markets on Two Sides of the Atlantic,40,,1944-7965,2026,TRUE,JEP
JEP-2025-1475,NA,10.1257/jep.20251475,JEP,NA,Journal of Economic Perspectives,2026-05-01,2,Understanding Medicaid Managed Care: The Procured Competition Model,40,,1944-7965,2026,TRUE,JEP
JEP-2025-1479,NA,10.1257/jep.20251479,JEP,NA,Journal of Economic Perspectives,2026-05-01,2,The Economics of Paid Sick Leave,40,,1944-7965,2026,TRUE,JEP
JEP-2026-1504,NA,10.1257/jep.20261504,JEP,NA,Journal of Economic Perspectives,2026-05-01,2,Recommendations for Further Reading,40,,1944-7965,2026,TRUE,JEP
JEP-2025-1464,NA,10.1257/jep.20251464,JEP,NA,Journal of Economic Perspectives,2026-08-01,3,Correct (and Incorrect) Inference with a Single Instrumental Variable: Practical Takeaways from the Weak Instruments Literature,40,,1944-7965,2026,TRUE,JEP
JEP-2025-1480,NA,10.1257/jep.20251480,JEP,NA,Journal of Economic Perspectives,2026-08-01,3,Leniency Designs: An Operator's Manual,40,,1944-7965,2026,TRUE,JEP
JEP-2025-1483,NA,10.1257/jep.20251483,JEP,NA,Journal of Economic Perspectives,2026-08-01,3,"Stefanie Stantcheva, 2025 Clark Medalist",40,,1944-7965,2026,TRUE,JEP
JEP-2025-1486,NA,10.1257/jep.20251486,JEP,NA,Journal of Economic Perspectives,2026-08-01,3,The Incidence of Tariffs: Rates and Reality,40,,1944-7965,2026,TRUE,JEP
JEP-2025-1488,NA,10.1257/jep.20251488,JEP,NA,Journal of Economic Perspectives,2026-08-01,3,US Tariff Policy Since 1789,40,,1944-7965,2026,TRUE,JEP
JEP-2025-1489,NA,10.1257/jep.20251489,JEP,NA,Journal of Economic Perspectives,2026-08-01,3,"Labor Market Responses to Tariffs: Frictions, Dynamics, and Policy Responses",40,,1944-7965,2026,TRUE,JEP
JEP-2025-1490,NA,10.1257/jep.20251490,JEP,NA,Journal of Economic Perspectives,2026-08-01,3,Evaluating the Fiscal and Distributional Implications of Tariffs,40,,1944-7965,2026,TRUE,JEP
JEP-2025-1491,NA,10.1257/jep.20251491,JEP,NA,Journal of Economic Perspectives,2026-08-01,3,Should We Tax Trade? A Pigouvian Perspective,40,,1944-7965,2026,TRUE,JEP
JEP-2026-1505,NA,10.1257/jep.20261505,JEP,NA,Journal of Economic Perspectives,2026-08-01,3,AI and Our Economic Future,40,,1944-7965,2026,TRUE,JEP
JEP-2026-1506,NA,10.1257/jep.20261506,JEP,NA,Journal of Economic Perspectives,2026-08-01,3,The Emerging Market for Intelligence: How Firms Buy and Sell AI,40,,1944-7965,2026,TRUE,JEP
JEP-2026-1507,NA,10.1257/jep.20261507,JEP,NA,Journal of Economic Perspectives,2026-08-01,3,"Global Imbalances, Tariffs, and Industrial Policy",40,,1944-7965,2026,TRUE,JEP
JEP-2026-1510,NA,10.1257/jep.20261510,JEP,NA,Journal of Economic Perspectives,2026-08-01,3,Recommendations for Further Reading,40,,1944-7965,2026,TRUE,JEP
JEP-32.1-.135,NA,10.1257/jep.32.1.135,JEP,NA,Journal of Economic Perspectives,2018-02-01,1,Exchange-Traded Funds 101 for Economists,32,,0895-3309,2018,TRUE,JEP
JEP-32.1-.155,NA,10.1257/jep.32.1.155,JEP,NA,Journal of Economic Perspectives,2018-02-01,1,Frictions or Mental Gaps: What's Behind the Information We (Don't) Use and When Do We Care?,32,,0895-3309,2018,TRUE,JEP
JEP-p.32-.1.3,NA,10.1257/jep.32.1.3,JEP,NA,Journal of Economic Perspectives,2018-02-01,1,The Economic Implications of Housing Supply,32,,0895-3309,2018,TRUE,JEP
JEP-.32.-1.97,NA,10.1257/jep.32.1.97,JEP,NA,Journal of Economic Perspectives,2018-02-01,1,Should We Reject the Natural Rate Hypothesis?,32,,0895-3309,2018,TRUE,JEP
JEP-32.1-.121,NA,10.1257/jep.32.1.121,JEP,NA,Journal of Economic Perspectives,2018-02-01,1,Short-Run and Long-Run Effects of Milton Friedman's Presidential Address,32,,0895-3309,2018,TRUE,JEP
JEP-32.1-.179,NA,10.1257/jep.32.1.179,JEP,NA,Journal of Economic Perspectives,2018-02-01,1,Do Economists Swing for the Fences after Tenure?,32,,0895-3309,2018,TRUE,JEP
JEP-32.1-.195,NA,10.1257/jep.32.1.195,JEP,NA,Journal of Economic Perspectives,2018-02-01,1,Retrospectives: Cost-Push and Demand-Pull Inflation: Milton Friedman and the “Cruel Dilemma”,32,,0895-3309,2018,TRUE,JEP
JEP-32.1-.211,NA,10.1257/jep.32.1.211,JEP,NA,Journal of Economic Perspectives,2018-02-01,1,Recommendations for Further Reading,32,,0895-3309,2018,TRUE,JEP
JEP-32.1-.219,NA,10.1257/jep.32.1.219,JEP,NA,Journal of Economic Perspectives,2018-02-01,1,Using JEP Articles as Course Readings? Tell Us About It!,32,,0895-3309,2018,TRUE,JEP
JEP-.32.-1.31,NA,10.1257/jep.32.1.31,JEP,NA,Journal of Economic Perspectives,2018-02-01,1,Homeownership and the American Dream,32,,0895-3309,2018,TRUE,JEP
JEP-.32.-1.59,NA,10.1257/jep.32.1.59,JEP,NA,Journal of Economic Perspectives,2018-02-01,1,Sand Castles Before the Tide? Affordable Housing in Expensive Cities,32,,0895-3309,2018,TRUE,JEP
JEP-.32.-1.81,NA,10.1257/jep.32.1.81,JEP,NA,Journal of Economic Perspectives,2018-02-01,1,Friedman's Presidential Address in the Evolution of Macroeconomic Thought,32,,0895-3309,2018,TRUE,JEP
JEP-32.2-.135,NA,10.1257/jep.32.2.135,JEP,NA,Journal of Economic Perspectives,2018-05-01,2,Are Risk Preferences Stable?,32,,0895-3309,2018,TRUE,JEP
JEP-32.2-.155,NA,10.1257/jep.32.2.155,JEP,NA,Journal of Economic Perspectives,2018-05-01,2,Risk Preference: A View from Psychology,32,,0895-3309,2018,TRUE,JEP
JEP-32.2-.173,NA,10.1257/jep.32.2.173,JEP,NA,Journal of Economic Perspectives,2018-05-01,2,"Space, the Final Economic Frontier",32,,0895-3309,2018,TRUE,JEP
JEP-.32.-2.73,NA,10.1257/jep.32.2.73,JEP,NA,Journal of Economic Perspectives,2018-05-01,2,What Do Trade Agreements Really Do?,32,,0895-3309,2018,TRUE,JEP
JEP-.32.-2.91,NA,10.1257/jep.32.2.91,JEP,NA,Journal of Economic Perspectives,2018-05-01,2,Modeling Risk Aversion in Economics,32,,0895-3309,2018,TRUE,JEP
JEP-32.2-.115,NA,10.1257/jep.32.2.115,JEP,NA,Journal of Economic Perspectives,2018-05-01,2,On the Relationship between Cognitive Ability and Risk Preference,32,,0895-3309,2018,TRUE,JEP
JEP-32.2-.193,NA,10.1257/jep.32.2.193,JEP,NA,Journal of Economic Perspectives,2018-05-01,2,Dave Donaldson: Winner of the 2017 Clark Medal,32,,0895-3309,2018,TRUE,JEP
JEP-32.2-.209,NA,10.1257/jep.32.2.209,JEP,NA,Journal of Economic Perspectives,2018-05-01,2,Retrospectives: Adam Smith's Discovery of Trade Gravity,32,,0895-3309,2018,TRUE,JEP
JEP-32.2-.223,NA,10.1257/jep.32.2.223,JEP,NA,Journal of Economic Perspectives,2018-05-01,2,Recommendations for Further Reading,32,,0895-3309,2018,TRUE,JEP
JEP-32.2-.231,NA,10.1257/jep.32.2.231,JEP,NA,Journal of Economic Perspectives,2018-05-01,2,Do You Use <i>JEP</i> Articles in Your Classroom? One More Chance to Share!,32,,0895-3309,2018,TRUE,JEP
JEP-.32.-2.25,NA,10.1257/jep.32.2.25,JEP,NA,Journal of Economic Perspectives,2018-05-01,2,"Alternative Sources of the Gains from International Trade: Variety, Creative Destruction, and Markups",32,,0895-3309,2018,TRUE,JEP
JEP-p.32-.2.3,NA,10.1257/jep.32.2.3,JEP,NA,Journal of Economic Perspectives,2018-05-01,2,The US Gains From Trade: Valuation Using the Demand for Foreign Factor Services,32,,0895-3309,2018,TRUE,JEP
JEP-.32.-2.47,NA,10.1257/jep.32.2.47,JEP,NA,Journal of Economic Perspectives,2018-05-01,2,New Perspectives on the Decline of US Manufacturing Employment,32,,0895-3309,2018,TRUE,JEP
JEP-32.3-.113,NA,10.1257/jep.32.3.113,JEP,NA,Journal of Economic Perspectives,2018-08-01,3,On DSGE Models,32,,0895-3309,2018,TRUE,JEP
JEP-32.3-.167,NA,10.1257/jep.32.3.167,JEP,NA,Journal of Economic Perspectives,2018-08-01,3,Microeconomic Heterogeneity and Macroeconomic Shocks,32,,0895-3309,2018,TRUE,JEP
JEP-32.3-.195,NA,10.1257/jep.32.3.195,JEP,NA,Journal of Economic Perspectives,2018-08-01,3,Compensation and Incentives in the Workplace,32,,0895-3309,2018,TRUE,JEP
JEP-32.3-.215,NA,10.1257/jep.32.3.215,JEP,NA,Journal of Economic Perspectives,2018-08-01,3,Nonmonetary Incentives and the Implications of Work as a Source of Meaning,32,,0895-3309,2018,TRUE,JEP
JEP-32.3-.239,NA,10.1257/jep.32.3.239,JEP,NA,Journal of Economic Perspectives,2018-08-01,3,The Changing (Dis-)Utility of Work,32,,0895-3309,2018,TRUE,JEP
JEP-32.3-.259,NA,10.1257/jep.32.3.259,JEP,NA,Journal of Economic Perspectives,2018-08-01,3,"Social Connectedness: Measurement, Determinants, and Effects",32,,0895-3309,2018,TRUE,JEP
JEP-.32.-3.31,NA,10.1257/jep.32.3.31,JEP,NA,Journal of Economic Perspectives,2018-08-01,3,Finance and Business Cycles: The Credit-Driven Household Demand Channel,32,,0895-3309,2018,TRUE,JEP
JEP-32.3-.141,NA,10.1257/jep.32.3.141,JEP,NA,Journal of Economic Perspectives,2018-08-01,3,Evolution of Modern Business Cycle Models: Accounting for the Great Recession,32,,0895-3309,2018,TRUE,JEP
JEP-32.3-.281,NA,10.1257/jep.32.3.281,JEP,NA,Journal of Economic Perspectives,2018-08-01,3,Recommendations for Further Reading,32,,0895-3309,2018,TRUE,JEP
JEP-p.32-.3.3,NA,10.1257/jep.32.3.3,JEP,NA,Journal of Economic Perspectives,2018-08-01,3,What Happened: Financial Factors in the Great Recession,32,,0895-3309,2018,TRUE,JEP
JEP-.32.-3.59,NA,10.1257/jep.32.3.59,JEP,NA,Journal of Economic Perspectives,2018-08-01,3,Identification in Macroeconomics,32,,0895-3309,2018,TRUE,JEP
JEP-.32.-3.87,NA,10.1257/jep.32.3.87,JEP,NA,Journal of Economic Perspectives,2018-08-01,3,The State of New Keynesian Economics: A Partial Assessment,32,,0895-3309,2018,TRUE,JEP
JEP-32.4-.121,NA,10.1257/jep.32.4.121,JEP,NA,Journal of Economic Perspectives,2018-11-01,4,Outside the Box: Unconventional Monetary Policy in the Great Recession and Beyond,32,,0895-3309,2018,TRUE,JEP
JEP-32.4-.147,NA,10.1257/jep.32.4.147,JEP,NA,Journal of Economic Perspectives,2018-11-01,4,"Unconventional Monetary Policies in the Euro Area, Japan, and the United Kingdom",32,,0895-3309,2018,TRUE,JEP
JEP-32.4-.173,NA,10.1257/jep.32.4.173,JEP,NA,Journal of Economic Perspectives,2018-11-01,4,Ending Global Poverty: Why Money Isn’t Enough,32,,0895-3309,2018,TRUE,JEP
JEP-32.4-.201,NA,10.1257/jep.32.4.201,JEP,NA,Journal of Economic Perspectives,2018-11-01,4,Universal Basic Incomes versus Targeted Transfers: Anti-Poverty Programs in Developing Countries,32,,0895-3309,2018,TRUE,JEP
JEP-.32.-4.33,NA,10.1257/jep.32.4.33,JEP,NA,Journal of Economic Perspectives,2018-11-01,4,Quantifying Economic Damages from Climate Change,32,,0895-3309,2018,TRUE,JEP
JEP-.32.-4.53,NA,10.1257/jep.32.4.53,JEP,NA,Journal of Economic Perspectives,2018-11-01,4,The Cost of Reducing Greenhouse Gas Emissions,32,,0895-3309,2018,TRUE,JEP
JEP-32.4-.227,NA,10.1257/jep.32.4.227,JEP,NA,Journal of Economic Perspectives,2018-11-01,4,Retrospectives: On the Genius Behind David Ricardo's 1817 Formulation of Comparative Advantage,32,,0895-3309,2018,TRUE,JEP
JEP-32.4-.241,NA,10.1257/jep.32.4.241,JEP,NA,Journal of Economic Perspectives,2018-11-01,4,Recommendations for Further Reading,32,,0895-3309,2018,TRUE,JEP
JEP-p.32-.4.3,NA,10.1257/jep.32.4.3,JEP,NA,Journal of Economic Perspectives,2018-11-01,4,An Economist’s Guide to Climate Change Science,32,,0895-3309,2018,TRUE,JEP
JEP-.32.-4.73,NA,10.1257/jep.32.4.73,JEP,NA,Journal of Economic Perspectives,2018-11-01,4,"Is This Tax Reform, or Just Confusion?",32,,0895-3309,2018,TRUE,JEP
JEP-.32.-4.97,NA,10.1257/jep.32.4.97,JEP,NA,Journal of Economic Perspectives,2018-11-01,4,Measuring the Effects of Corporate Tax Cuts,32,,0895-3309,2018,TRUE,JEP
JEP-33.1-.131,NA,10.1257/jep.33.1.131,JEP,NA,Journal of Economic Perspectives,2019-02-01,1,The Value of US Government Data to US Business Decisions,33,,0895-3309,2019,TRUE,JEP
JEP-33.1-.185,NA,10.1257/jep.33.1.185,JEP,NA,Journal of Economic Perspectives,2019-02-01,1,"Environmental Justice: The Economics of Race, Place, and Pollution",33,,0895-3309,2019,TRUE,JEP
JEP-p.33-.1.3,NA,10.1257/jep.33.1.3,JEP,NA,Journal of Economic Perspectives,2019-02-01,1,Women in Economics: Stalled Progress,33,,0895-3309,2019,TRUE,JEP
JEP-.33.-1.61,NA,10.1257/jep.33.1.61,JEP,NA,Journal of Economic Perspectives,2019-02-01,1,Financial Regulation: Still Unsettled a Decade After the Crisis,33,,0895-3309,2019,TRUE,JEP
JEP-33.1-.107,NA,10.1257/jep.33.1.107,JEP,NA,Journal of Economic Perspectives,2019-02-01,1,Would Macroprudential Regulation Have Prevented the Last Crisis?,33,,0895-3309,2019,TRUE,JEP
JEP-33.1-.147,NA,10.1257/jep.33.1.147,JEP,NA,Journal of Economic Perspectives,2019-02-01,1,On the Controversies Behind the Origins of the Federal Economic Statistics,33,,0895-3309,2019,TRUE,JEP
JEP-33.1-.165,NA,10.1257/jep.33.1.165,JEP,NA,Journal of Economic Perspectives,2019-02-01,1,Evolving Measurement for an Evolving Economy: Thoughts on 21st Century US Economic Statistics,33,,0895-3309,2019,TRUE,JEP
JEP-33.1-.209,NA,10.1257/jep.33.1.209,JEP,NA,Journal of Economic Perspectives,2019-02-01,1,Economists (and Economics) in Tech Companies,33,,0895-3309,2019,TRUE,JEP
JEP-.33.-1.23,NA,10.1257/jep.33.1.23,JEP,NA,Journal of Economic Perspectives,2019-02-01,1,Variation in Women’s Success across PhD Programs in Economics,33,,0895-3309,2019,TRUE,JEP
JEP-33.1-.231,NA,10.1257/jep.33.1.231,JEP,NA,Journal of Economic Perspectives,2019-02-01,1,Parag Pathak: Winner of the 2018 Clark Medal,33,,0895-3309,2019,TRUE,JEP
JEP-33.1-.247,NA,10.1257/jep.33.1.247,JEP,NA,Journal of Economic Perspectives,2019-02-01,1,Recommendations for Further Reading,33,,0895-3309,2019,TRUE,JEP
JEP-.33.-1.43,NA,10.1257/jep.33.1.43,JEP,NA,Journal of Economic Perspectives,2019-02-01,1,Fixing the Leaky Pipeline: Strategies for Making Economics Work for Women at Every Stage,33,,0895-3309,2019,TRUE,JEP
JEP-.33.-1.81,NA,10.1257/jep.33.1.81,JEP,NA,Journal of Economic Perspectives,2019-02-01,1,Prone to Fail: The Pre-Crisis Financial System,33,,0895-3309,2019,TRUE,JEP
JEP-33.2-.115,NA,10.1257/jep.33.2.115,JEP,NA,Journal of Economic Perspectives,2019-05-01,2,Rising Government Debt: Causes and Solutions for a Decades-Old Trend,33,,0895-3309,2019,TRUE,JEP
JEP-33.2-.141,NA,10.1257/jep.33.2.141,JEP,NA,Journal of Economic Perspectives,2019-05-01,2,Effects of Austerity: Expenditure- and Tax-based Approaches,33,,0895-3309,2019,TRUE,JEP
JEP-33.2-.163,NA,10.1257/jep.33.2.163,JEP,NA,Journal of Economic Perspectives,2019-05-01,2,The Declining Labor Market Prospects of Less-Educated Men,33,,0895-3309,2019,TRUE,JEP
JEP-33.2-.191,NA,10.1257/jep.33.2.191,JEP,NA,Journal of Economic Perspectives,2019-05-01,2,"When Labor’s Lost: Health, Family Life, Incarceration, and Education in a Time of Declining Economic Opportunity for Low-Skilled Men",33,,0895-3309,2019,TRUE,JEP
JEP-p.33-.2.3,NA,10.1257/jep.33.2.3,JEP,NA,Journal of Economic Perspectives,2019-05-01,2,Automation and New Tasks: How Technology Displaces and Reinstates Labor,33,,0895-3309,2019,TRUE,JEP
JEP-.33.-2.31,NA,10.1257/jep.33.2.31,JEP,NA,Journal of Economic Perspectives,2019-05-01,2,Artificial Intelligence: The Ambiguous Labor Market Impact of Automating Prediction,33,,0895-3309,2019,TRUE,JEP
JEP-.33.-2.51,NA,10.1257/jep.33.2.51,JEP,NA,Journal of Economic Perspectives,2019-05-01,2,“Automation” of Manufacturing in the Late Nineteenth Century: The Hand and Machine Labor Study,33,,0895-3309,2019,TRUE,JEP
JEP-33.2-.211,NA,10.1257/jep.33.2.211,JEP,NA,Journal of Economic Perspectives,2019-05-01,2,The Tenuous Attachments of Working-Class Men,33,,0895-3309,2019,TRUE,JEP
JEP-33.2-.229,NA,10.1257/jep.33.2.229,JEP,NA,Journal of Economic Perspectives,2019-05-01,2,Retrospectives Ricardo on Machinery,33,,0895-3309,2019,TRUE,JEP
JEP-33.2-.243,NA,10.1257/jep.33.2.243,JEP,NA,Journal of Economic Perspectives,2019-05-01,2,Recommendations for Further Reading,33,,0895-3309,2019,TRUE,JEP
JEP-.33.-2.71,NA,10.1257/jep.33.2.71,JEP,NA,Journal of Economic Perspectives,2019-05-01,2,The Rise of Robots in China,33,,0895-3309,2019,TRUE,JEP
JEP-.33.-2.89,NA,10.1257/jep.33.2.89,JEP,NA,Journal of Economic Perspectives,2019-05-01,2,Ten Years After the Financial Crisis: What Have We Learned from the Renaissance in Fiscal Research?,33,,0895-3309,2019,TRUE,JEP
JEP-33.3-.163,NA,10.1257/jep.33.3.163,JEP,NA,Journal of Economic Perspectives,2019-08-01,3,A Toolkit of Policies to Promote Innovation,33,,0895-3309,2019,TRUE,JEP
JEP-33.3-.202,NA,10.1257/jep.33.3.202,JEP,NA,Journal of Economic Perspectives,2019-08-01,3,Should We Tax Sugar-Sweetened Beverages? An Overview of Theory and Evidence,33,,0895-3309,2019,TRUE,JEP
JEP-.33.-3.44,NA,10.1257/jep.33.3.44,JEP,NA,Journal of Economic Perspectives,2019-08-01,3,Do Increasing Markups Matter? Lessons from Empirical Industrial Organization,33,,0895-3309,2019,TRUE,JEP
JEP-33.3-.118,NA,10.1257/jep.33.3.118,JEP,NA,Journal of Economic Perspectives,2019-08-01,3,How Market Design Emerged from Game Theory: A Mutual Interview,33,,0895-3309,2019,TRUE,JEP
JEP-33.3-.144,NA,10.1257/jep.33.3.144,JEP,NA,Journal of Economic Perspectives,2019-08-01,3,A Bridge from Monty Hall to the Hot Hand: The Principle of Restricted Choice,33,,0895-3309,2019,TRUE,JEP
JEP-33.3-.185,NA,10.1257/jep.33.3.185,JEP,NA,Journal of Economic Perspectives,2019-08-01,3,How Prevalent Is Downward Rigidity in Nominal Wages? International Evidence from Payroll Records and Pay Slips,33,,0895-3309,2019,TRUE,JEP
JEP-33.3-.228,NA,10.1257/jep.33.3.228,JEP,NA,Journal of Economic Perspectives,2019-08-01,3,Retrospectives Lord Keynes and Mr. Say: A Proximity of Ideas,33,,0895-3309,2019,TRUE,JEP
JEP-.33.-3.23,NA,10.1257/jep.33.3.23,JEP,NA,Journal of Economic Perspectives,2019-08-01,3,"Macroeconomics and Market Power: Context, Implications, and Open Questions",33,,0895-3309,2019,TRUE,JEP
JEP-33.3-.243,NA,10.1257/jep.33.3.243,JEP,NA,Journal of Economic Perspectives,2019-08-01,3,Some <i>Journal of Economic Perspectives</i> Articles Recommended for Classroom Use,33,,0895-3309,2019,TRUE,JEP
JEP-33.3-.249,NA,10.1257/jep.33.3.249,JEP,NA,Journal of Economic Perspectives,2019-08-01,3,Recommendations for Further Reading,33,,0895-3309,2019,TRUE,JEP
JEP-p.33-.3.3,NA,10.1257/jep.33.3.3,JEP,NA,Journal of Economic Perspectives,2019-08-01,3,Are Price-Cost Markups Rising in the United States? A Discussion of the Evidence,33,,0895-3309,2019,TRUE,JEP
JEP-.33.-3.69,NA,10.1257/jep.33.3.69,JEP,NA,Journal of Economic Perspectives,2019-08-01,3,"Protecting Competition in the American Economy: Merger Control, Tech Titans, Labor Markets",33,,0895-3309,2019,TRUE,JEP
JEP-.33.-3.94,NA,10.1257/jep.33.3.94,JEP,NA,Journal of Economic Perspectives,2019-08-01,3,The Problem of Bigness: From Standard Oil to Google,33,,0895-3309,2019,TRUE,JEP
JEP-33.4-.100,NA,10.1257/jep.33.4.100,JEP,NA,Journal of Economic Perspectives,2019-11-01,4,Informational Autocrats,33,,0895-3309,2019,TRUE,JEP
JEP-33.4-.128,NA,10.1257/jep.33.4.128,JEP,NA,Journal of Economic Perspectives,2019-11-01,4,The Surge of Economic Nationalism in Western Europe,33,,0895-3309,2019,TRUE,JEP
JEP-33.4-.187,NA,10.1257/jep.33.4.187,JEP,NA,Journal of Economic Perspectives,2019-11-01,4,The Impact of the 2018 Tariffs on Prices and Welfare,33,,0895-3309,2019,TRUE,JEP
JEP-33.4-.211,NA,10.1257/jep.33.4.211,JEP,NA,Journal of Economic Perspectives,2019-11-01,4,Retrospectives: Tragedy of the Commons after 50 Years,33,,0895-3309,2019,TRUE,JEP
JEP-.33.-4.27,NA,10.1257/jep.33.4.27,JEP,NA,Journal of Economic Perspectives,2019-11-01,4,Policy Evolution under the Clean Air Act,33,,0895-3309,2019,TRUE,JEP
JEP-p.33-.4.3,NA,10.1257/jep.33.4.3,JEP,NA,Journal of Economic Perspectives,2019-11-01,4,What Do Economists Have to Say about the Clean Air Act 50 Years after the Establishment of the Environmental Protection Agency?,33,,0895-3309,2019,TRUE,JEP
JEP-.33.-4.76,NA,10.1257/jep.33.4.76,JEP,NA,Journal of Economic Perspectives,2019-11-01,4,"On Latin American Populism, and Its Echoes around the World",33,,0895-3309,2019,TRUE,JEP
JEP-33.4-.152,NA,10.1257/jep.33.4.152,JEP,NA,Journal of Economic Perspectives,2019-11-01,4,"Economic Insecurity and the Causes of Populism, Reconsidered",33,,0895-3309,2019,TRUE,JEP
JEP-33.4-.171,NA,10.1257/jep.33.4.171,JEP,NA,Journal of Economic Perspectives,2019-11-01,4,What They Were Thinking Then: The Consequences for Macroeconomics during the Past 60 Years,33,,0895-3309,2019,TRUE,JEP
JEP-33.4-.229,NA,10.1257/jep.33.4.229,JEP,NA,Journal of Economic Perspectives,2019-11-01,4,Recommendations for Further Reading,33,,0895-3309,2019,TRUE,JEP
JEP-.33.-4.51,NA,10.1257/jep.33.4.51,JEP,NA,Journal of Economic Perspectives,2019-11-01,4,US Water Pollution Regulation over the Past Half Century: Burning Waters to Crystal Springs?,33,,0895-3309,2019,TRUE,JEP
JEP-34.1-.122,NA,10.1257/jep.34.1.122,JEP,NA,Journal of Economic Perspectives,2020-02-01,1,Does Household Electrification Supercharge Economic Development?,34,,0895-3309,2020,TRUE,JEP
JEP-34.1-.170,NA,10.1257/jep.34.1.170,JEP,NA,Journal of Economic Perspectives,2020-02-01,1,Solo Self-Employment and Alternative Work Arrangements: A Cross-Country Perspective on the Changing Composition of Jobs,34,,0895-3309,2020,TRUE,JEP
JEP-.34.-1.31,NA,10.1257/jep.34.1.31,JEP,NA,Journal of Economic Perspectives,2020-02-01,1,Why Does the Indian State Both Fail and Succeed?,34,,0895-3309,2020,TRUE,JEP
JEP-.34.-1.75,NA,10.1257/jep.34.1.75,JEP,NA,Journal of Economic Perspectives,2020-02-01,1,"Asylum Migration to the Developed World: Persecution, Incentives, and Policy",34,,0895-3309,2020,TRUE,JEP
JEP-.34.-1.94,NA,10.1257/jep.34.1.94,JEP,NA,Journal of Economic Perspectives,2020-02-01,1,The Labor Market Integration of Refugee Migrants in High-Income Countries,34,,0895-3309,2020,TRUE,JEP
JEP-34.1-.145,NA,10.1257/jep.34.1.145,JEP,NA,Journal of Economic Perspectives,2020-02-01,1,The Consequences of Treating Electricity as a Right,34,,0895-3309,2020,TRUE,JEP
JEP-34.1-.196,NA,10.1257/jep.34.1.196,JEP,NA,Journal of Economic Perspectives,2020-02-01,1,The Economics of Maps,34,,0895-3309,2020,TRUE,JEP
JEP-34.1-.222,NA,10.1257/jep.34.1.222,JEP,NA,Journal of Economic Perspectives,2020-02-01,1,Emi Nakamura: 2019 John Bates Clark Medalist,34,,0895-3309,2020,TRUE,JEP
JEP-34.1-.240,NA,10.1257/jep.34.1.240,JEP,NA,Journal of Economic Perspectives,2020-02-01,1,Recommendations for Further Reading,34,,0895-3309,2020,TRUE,JEP
JEP-p.34-.1.3,NA,10.1257/jep.34.1.3,JEP,NA,Journal of Economic Perspectives,2020-02-01,1,Dynamism with Incommensurate Development: The Distinctive Indian Model,34,,0895-3309,2020,TRUE,JEP
JEP-.34.-1.55,NA,10.1257/jep.34.1.55,JEP,NA,Journal of Economic Perspectives,2020-02-01,1,The Great Indian Demonetization,34,,0895-3309,2020,TRUE,JEP
JEP-34.2-.119,NA,10.1257/jep.34.2.119,JEP,NA,Journal of Economic Perspectives,2020-05-01,2,Taxation and Migration: Evidence and Policy Implications,34,,0895-3309,2020,TRUE,JEP
JEP-.34.-2.49,NA,10.1257/jep.34.2.49,JEP,NA,Journal of Economic Perspectives,2020-05-01,2,Sociological Perspectives on Racial Discrimination,34,,0895-3309,2020,TRUE,JEP
JEP-.34.-2.68,NA,10.1257/jep.34.2.68,JEP,NA,Journal of Economic Perspectives,2020-05-01,2,Race Discrimination: An Economic Perspective,34,,0895-3309,2020,TRUE,JEP
JEP-.34.-2.90,NA,10.1257/jep.34.2.90,JEP,NA,Journal of Economic Perspectives,2020-05-01,2,Evaluating State and Local Business Incentives,34,,0895-3309,2020,TRUE,JEP
JEP-34.2-.143,NA,10.1257/jep.34.2.143,JEP,NA,Journal of Economic Perspectives,2020-05-01,2,The Separation and Reunification of Germany: Rethinking a Natural Experiment Interpretation of the Enduring Effects of Communism,34,,0895-3309,2020,TRUE,JEP
JEP-34.2-.172,NA,10.1257/jep.34.2.172,JEP,NA,Journal of Economic Perspectives,2020-05-01,2,The Long-Term Effects of Communism in Eastern Europe,34,,0895-3309,2020,TRUE,JEP
JEP-34.2-.192,NA,10.1257/jep.34.2.192,JEP,NA,Journal of Economic Perspectives,2020-05-01,2,The Basic Economics of Internet Infrastructure,34,,0895-3309,2020,TRUE,JEP
JEP-34.2-.215,NA,10.1257/jep.34.2.215,JEP,NA,Journal of Economic Perspectives,2020-05-01,2,The Economics of Tipping,34,,0895-3309,2020,TRUE,JEP
JEP-34.2-.237,NA,10.1257/jep.34.2.237,JEP,NA,Journal of Economic Perspectives,2020-05-01,2,Recommendations for Further Reading,34,,0895-3309,2020,TRUE,JEP
JEP-.34.-2.24,NA,10.1257/jep.34.2.24,JEP,NA,Journal of Economic Perspectives,2020-05-01,2,"A Century of the American Woman Voter: Sex Gaps in Political Participation, Preferences, and Partisanship since Women’s Enfranchisement",34,,0895-3309,2020,TRUE,JEP
JEP-p.34-.2.3,NA,10.1257/jep.34.2.3,JEP,NA,Journal of Economic Perspectives,2020-05-01,2,Votes for Women: An Economic Perspective on Women’s Enfranchisement,34,,0895-3309,2020,TRUE,JEP
JEP-34.3-.128,NA,10.1257/jep.34.3.128,JEP,NA,Journal of Economic Perspectives,2020-08-01,3,Place-Based Policies and Spatial Disparities across European Cities,34,,0895-3309,2020,TRUE,JEP
JEP-34.3-.150,NA,10.1257/jep.34.3.150,JEP,NA,Journal of Economic Perspectives,2020-08-01,3,Urbanization in the Developing World: Too Early or Too Slow?,34,,0895-3309,2020,TRUE,JEP
JEP-34.3-.174,NA,10.1257/jep.34.3.174,JEP,NA,Journal of Economic Perspectives,2020-08-01,3,Urban-Rural Gaps in the Developing World: Does Internal Migration Offer Opportunities?,34,,0895-3309,2020,TRUE,JEP
JEP-34.3-.220,NA,10.1257/jep.34.3.220,JEP,NA,Journal of Economic Perspectives,2020-08-01,3,Facts and Myths about Misperceptions,34,,0895-3309,2020,TRUE,JEP
JEP-34.3-.237,NA,10.1257/jep.34.3.237,JEP,NA,Journal of Economic Perspectives,2020-08-01,3,Venture Capital’s Role in Financing Innovation: What We Know and How Much We Still Need to Learn,34,,0895-3309,2020,TRUE,JEP
JEP-p.34-.3.3,NA,10.1257/jep.34.3.3,JEP,NA,Journal of Economic Perspectives,2020-08-01,3,The Economics of Urban Density,34,,0895-3309,2020,TRUE,JEP
JEP-.34.-3.50,NA,10.1257/jep.34.3.50,JEP,NA,Journal of Economic Perspectives,2020-08-01,3,Tech Clusters,34,,0895-3309,2020,TRUE,JEP
JEP-.34.-3.77,NA,10.1257/jep.34.3.77,JEP,NA,Journal of Economic Perspectives,2020-08-01,3,Internal Mobility: The Greater Responsiveness of Foreign-Born to Economic Conditions,34,,0895-3309,2020,TRUE,JEP
JEP-.34.-3.99,NA,10.1257/jep.34.3.99,JEP,NA,Journal of Economic Perspectives,2020-08-01,3,Using Place-Based Jobs Policies to Help Distressed Communities,34,,0895-3309,2020,TRUE,JEP
JEP-34.3-.193,NA,10.1257/jep.34.3.193,JEP,NA,Journal of Economic Perspectives,2020-08-01,3,"How You Can Work to Increase the Presence and Improve the Experience of Black, Latinx, and Native American People in the Economics Profession",34,,0895-3309,2020,TRUE,JEP
JEP-34.3-.262,NA,10.1257/jep.34.3.262,JEP,NA,Journal of Economic Perspectives,2020-08-01,3,Recommendations for Further Reading,34,,0895-3309,2020,TRUE,JEP
JEP-.34.-3.27,NA,10.1257/jep.34.3.27,JEP,NA,Journal of Economic Perspectives,2020-08-01,3,How Close Is Close? The Spatial Reach of Agglomeration Economies,34,,0895-3309,2020,TRUE,JEP
JEP-34.4-.146,NA,10.1257/jep.34.4.146,JEP,NA,Journal of Economic Perspectives,2020-11-01,4,Welfare Analysis Meets Causal Inference,34,,0895-3309,2020,TRUE,JEP
JEP-34.4-.168,NA,10.1257/jep.34.4.168,JEP,NA,Journal of Economic Perspectives,2020-11-01,4,The Persistent Effects of Initial Labor Market Conditions for Young Adults and Their Sources,34,,0895-3309,2020,TRUE,JEP
JEP-p.34-.4.3,NA,10.1257/jep.34.4.3,JEP,NA,Journal of Economic Perspectives,2020-11-01,4,The Rise of Income and Wealth Inequality in America: Evidence from Distributional Macroeconomic Accounts,34,,0895-3309,2020,TRUE,JEP
JEP-.34.-4.52,NA,10.1257/jep.34.4.52,JEP,NA,Journal of Economic Perspectives,2020-11-01,4,Growing Income Inequality in the United States and Other Advanced Economies,34,,0895-3309,2020,TRUE,JEP
JEP-34.4-.105,NA,10.1257/jep.34.4.105,JEP,NA,Journal of Economic Perspectives,2020-11-01,4,Epidemiology’s Time of Need: COVID-19 Calls for Epidemic-Related Economics,34,,0895-3309,2020,TRUE,JEP
JEP-34.4-.121,NA,10.1257/jep.34.4.121,JEP,NA,Journal of Economic Perspectives,2020-11-01,4,A 30-Year Perspective on Property Derivatives: What Can Be Done to Tame Property Price Risk?,34,,0895-3309,2020,TRUE,JEP
JEP-34.4-.195,NA,10.1257/jep.34.4.195,JEP,NA,Journal of Economic Perspectives,2020-11-01,4,Retrospectives: Regulating Banks versus Managing Liquidity: Jeremy Bentham and Henry Thornton in 1802,34,,0895-3309,2020,TRUE,JEP
JEP-34.4-.210,NA,10.1257/jep.34.4.210,JEP,NA,Journal of Economic Perspectives,2020-11-01,4,Recommendations for Further Reading,34,,0895-3309,2020,TRUE,JEP
JEP-.34.-4.27,NA,10.1257/jep.34.4.27,JEP,NA,Journal of Economic Perspectives,2020-11-01,4,Business Incomes at the Top,34,,0895-3309,2020,TRUE,JEP
JEP-.34.-4.79,NA,10.1257/jep.34.4.79,JEP,NA,Journal of Economic Perspectives,2020-11-01,4,An Economist’s Guide to Epidemiology Models of Infectious Disease,34,,0895-3309,2020,TRUE,JEP
JEP-35.1-.163,NA,10.1257/jep.35.1.163,JEP,NA,Journal of Economic Perspectives,2021-02-01,1,The Globalization of Postsecondary Education: The Role of International Students in the US Higher Education System,35,,0895-3309,2021,TRUE,JEP
JEP-.35.-1.51,NA,10.1257/jep.35.1.51,JEP,NA,Journal of Economic Perspectives,2021-02-01,1,How Do Firms Respond to Minimum Wage Increases? Understanding the Relevance of Non-Employment Margins,35,,0895-3309,2021,TRUE,JEP
JEP-35.1-.119,NA,10.1257/jep.35.1.119,JEP,NA,Journal of Economic Perspectives,2021-02-01,1,Can Structural Changes Fix the Supreme Court?,35,,0895-3309,2021,TRUE,JEP
JEP-35.1-.143,NA,10.1257/jep.35.1.143,JEP,NA,Journal of Economic Perspectives,2021-02-01,1,Staffing the Higher Education Classroom,35,,0895-3309,2021,TRUE,JEP
JEP-35.1-.185,NA,10.1257/jep.35.1.185,JEP,NA,Journal of Economic Perspectives,2021-02-01,1,"Why Does the United States Have the Best Research Universities? Incentives, Resources, and Virtuous Circles",35,,0895-3309,2021,TRUE,JEP
JEP-35.1-.207,NA,10.1257/jep.35.1.207,JEP,NA,Journal of Economic Perspectives,2021-02-01,1,Taxing Our Wealth,35,,0895-3309,2021,TRUE,JEP
JEP-35.1-.231,NA,10.1257/jep.35.1.231,JEP,NA,Journal of Economic Perspectives,2021-02-01,1,Melissa Dell: Winner of the 2020 Clark Medal,35,,0895-3309,2021,TRUE,JEP
JEP-35.1-.249,NA,10.1257/jep.35.1.249,JEP,NA,Journal of Economic Perspectives,2021-02-01,1,Recommendations for Further Reading,35,,0895-3309,2021,TRUE,JEP
JEP-.35.-1.27,NA,10.1257/jep.35.1.27,JEP,NA,Journal of Economic Perspectives,2021-02-01,1,City Limits: What Do Local-Area Minimum Wages Do?,35,,0895-3309,2021,TRUE,JEP
JEP-p.35-.1.3,NA,10.1257/jep.35.1.3,JEP,NA,Journal of Economic Perspectives,2021-02-01,1,The Elusive Employment Effect of the Minimum Wage,35,,0895-3309,2021,TRUE,JEP
JEP-.35.-1.73,NA,10.1257/jep.35.1.73,JEP,NA,Journal of Economic Perspectives,2021-02-01,1,"The Rise of American Minimum Wages, 1912–1968",35,,0895-3309,2021,TRUE,JEP
JEP-.35.-1.97,NA,10.1257/jep.35.1.97,JEP,NA,Journal of Economic Perspectives,2021-02-01,1,Estimating Judicial Ideology,35,,0895-3309,2021,TRUE,JEP
JEP-35.2-.101,NA,10.1257/jep.35.2.101,JEP,NA,Journal of Economic Perspectives,2021-05-01,2,An Ounce of Prevention,35,,0895-3309,2021,TRUE,JEP
JEP-35.2-.141,NA,10.1257/jep.35.2.141,JEP,NA,Journal of Economic Perspectives,2021-05-01,2,LGBTQ Economics,35,,0895-3309,2021,TRUE,JEP
JEP-.35.-2.23,NA,10.1257/jep.35.2.23,JEP,NA,Journal of Economic Perspectives,2021-05-01,2,The United States of Europe: A Gravity Model Evaluation of the Four Freedoms,35,,0895-3309,2021,TRUE,JEP
JEP-p.35-.2.3,NA,10.1257/jep.35.2.3,JEP,NA,Journal of Economic Perspectives,2021-05-01,2,The Resilience of the Euro,35,,0895-3309,2021,TRUE,JEP
JEP-.35.-2.49,NA,10.1257/jep.35.2.49,JEP,NA,Journal of Economic Perspectives,2021-05-01,2,Migration and Labor Market Integration in Europe,35,,0895-3309,2021,TRUE,JEP
JEP-35.2-.119,NA,10.1257/jep.35.2.119,JEP,NA,Journal of Economic Perspectives,2021-05-01,2,Mammograms and Mortality: How Has the Evidence Evolved?,35,,0895-3309,2021,TRUE,JEP
JEP-35.2-.171,NA,10.1257/jep.35.2.171,JEP,NA,Journal of Economic Perspectives,2021-05-01,2,The Ways of Corruption in Infrastructure: Lessons from the Odebrecht Case,35,,0895-3309,2021,TRUE,JEP
JEP-35.2-.191,NA,10.1257/jep.35.2.191,JEP,NA,Journal of Economic Perspectives,2021-05-01,2,The Rise of Research Teams: Benefits and Costs in Economics,35,,0895-3309,2021,TRUE,JEP
JEP-35.2-.217,NA,10.1257/jep.35.2.217,JEP,NA,Journal of Economic Perspectives,2021-05-01,2,Recommendations for Further Reading,35,,0895-3309,2021,TRUE,JEP
JEP-.35.-2.77,NA,10.1257/jep.35.2.77,JEP,NA,Journal of Economic Perspectives,2021-05-01,2,"Fiscal Policy in Europe: Controversies over Rules, Mutual Insurance, and Centralization",35,,0895-3309,2021,TRUE,JEP
JEP-35.3-.157,NA,10.1257/jep.35.3.157,JEP,NA,Journal of Economic Perspectives,2021-08-01,3,"Statistical Significance,
                    <i>p</i>
                    -Values, and the Reporting of Uncertainty",35,,0895-3309,2021,TRUE,JEP
JEP-35.3-.193,NA,10.1257/jep.35.3.193,JEP,NA,Journal of Economic Perspectives,2021-08-01,3,Evidence on Research Transparency in Economics,35,,0895-3309,2021,TRUE,JEP
JEP-35.3-.243,NA,10.1257/jep.35.3.243,JEP,NA,Journal of Economic Perspectives,2021-08-01,3,Retrospectives: James Buchanan: Clubs and Alternative Welfare Economics,35,,0895-3309,2021,TRUE,JEP
JEP-.35.-3.25,NA,10.1257/jep.35.3.25,JEP,NA,Journal of Economic Perspectives,2021-08-01,3,The Great Unequalizer: Initial Health Effects of COVID-19 in the United States,35,,0895-3309,2021,TRUE,JEP
JEP-p.35-.3.3,NA,10.1257/jep.35.3.3,JEP,NA,Journal of Economic Perspectives,2021-08-01,3,"Effects of the COVID-19 Recession on the US Labor Market: Occupation, Family, and Gender",35,,0895-3309,2021,TRUE,JEP
JEP-35.3-.109,NA,10.1257/jep.35.3.109,JEP,NA,Journal of Economic Perspectives,2021-08-01,3,Washington Consensus in Latin America: From Raw Model to Straw Man,35,,0895-3309,2021,TRUE,JEP
JEP-35.3-.133,NA,10.1257/jep.35.3.133,JEP,NA,Journal of Economic Perspectives,2021-08-01,3,Washington Consensus Reforms and Lessons for Economic Performance in Sub-Saharan Africa,35,,0895-3309,2021,TRUE,JEP
JEP-35.3-.175,NA,10.1257/jep.35.3.175,JEP,NA,Journal of Economic Perspectives,2021-08-01,3,"Of Forking Paths and Tied Hands: Selective Publication of Findings, and What Economists Should Do about It",35,,0895-3309,2021,TRUE,JEP
JEP-35.3-.215,NA,10.1257/jep.35.3.215,JEP,NA,Journal of Economic Perspectives,2021-08-01,3,Why Is Growth in Developing Countries So Hard to Measure?,35,,0895-3309,2021,TRUE,JEP
JEP-35.3-.257,NA,10.1257/jep.35.3.257,JEP,NA,Journal of Economic Perspectives,2021-08-01,3,Recommendations for Further Reading,35,,0895-3309,2021,TRUE,JEP
JEP-.35.-3.47,NA,10.1257/jep.35.3.47,JEP,NA,Journal of Economic Perspectives,2021-08-01,3,Tracking the Pandemic in Real Time: Administrative Micro Data in Business Cycles Enters the Spotlight,35,,0895-3309,2021,TRUE,JEP
JEP-.35.-3.67,NA,10.1257/jep.35.3.67,JEP,NA,Journal of Economic Perspectives,2021-08-01,3,Some Thoughts on the Washington Consensus and Subsequent Global Development Experience,35,,0895-3309,2021,TRUE,JEP
JEP-.35.-3.83,NA,10.1257/jep.35.3.83,JEP,NA,Journal of Economic Perspectives,2021-08-01,3,"The Baker Hypothesis: Stabilization, Structural Reforms, and Economic Growth",35,,0895-3309,2021,TRUE,JEP
JEP-35.4-.197,NA,10.1257/jep.35.4.197,JEP,NA,Journal of Economic Perspectives,2021-11-01,4,Neighborhoods Matter: Assessing the Evidence for Place Effects,35,,0895-3309,2021,TRUE,JEP
JEP-35.4-.223,NA,10.1257/jep.35.4.223,JEP,NA,Journal of Economic Perspectives,2021-11-01,4,"College Majors, Occupations, and the Gender Wage Gap",35,,0895-3309,2021,TRUE,JEP
JEP-.35.-4.29,NA,10.1257/jep.35.4.29,JEP,NA,Journal of Economic Perspectives,2021-11-01,4,Next-Generation Policing Research: Three Propositions,35,,0895-3309,2021,TRUE,JEP
JEP-p.35-.4.3,NA,10.1257/jep.35.4.3,JEP,NA,Journal of Economic Perspectives,2021-11-01,4,The Economics of Policing and Public Safety,35,,0895-3309,2021,TRUE,JEP
JEP-.35.-4.71,NA,10.1257/jep.35.4.71,JEP,NA,Journal of Economic Perspectives,2021-11-01,4,Fragile Algorithms and Fallible Decision-Makers: Lessons from the Justice System,35,,0895-3309,2021,TRUE,JEP
JEP-35.4-.123,NA,10.1257/jep.35.4.123,JEP,NA,Journal of Economic Perspectives,2021-11-01,4,Rising Geographic Disparities in US Mortality,35,,0895-3309,2021,TRUE,JEP
JEP-35.4-.147,NA,10.1257/jep.35.4.147,JEP,NA,Journal of Economic Perspectives,2021-11-01,4,The Causal Effects of Place on Health and Longevity,35,,0895-3309,2021,TRUE,JEP
JEP-35.4-.171,NA,10.1257/jep.35.4.171,JEP,NA,Journal of Economic Perspectives,2021-11-01,4,When Innovation Goes Wrong: Technological Regress and the Opioid Epidemic,35,,0895-3309,2021,TRUE,JEP
JEP-35.4-.249,NA,10.1257/jep.35.4.249,JEP,NA,Journal of Economic Perspectives,2021-11-01,4,Recommendations for Further Reading,35,,0895-3309,2021,TRUE,JEP
JEP-.35.-4.49,NA,10.1257/jep.35.4.49,JEP,NA,Journal of Economic Perspectives,2021-11-01,4,The US Pretrial System: Balancing Individual Rights and Public Interests,35,,0895-3309,2021,TRUE,JEP
JEP-.35.-4.97,NA,10.1257/jep.35.4.97,JEP,NA,Journal of Economic Perspectives,2021-11-01,4,"Inside the Box: Safety, Health, and Isolation in Prison",35,,0895-3309,2021,TRUE,JEP
JEP-36.1-.151,NA,10.1257/jep.36.1.151,JEP,NA,Journal of Economic Perspectives,2022-02-01,1,The Puzzle of Falling US Birth Rates since the Great Recession,36,,0895-3309,2022,TRUE,JEP
JEP-p.36-.1.3,NA,10.1257/jep.36.1.3,JEP,NA,Journal of Economic Perspectives,2022-02-01,1,Labor Productivity Growth and Industrialization in Africa,36,,0895-3309,2022,TRUE,JEP
JEP-.36.-1.33,NA,10.1257/jep.36.1.33,JEP,NA,Journal of Economic Perspectives,2022-02-01,1,Agricultural Technology in Africa,36,,0895-3309,2022,TRUE,JEP
JEP-36.1-.101,NA,10.1257/jep.36.1.101,JEP,NA,Journal of Economic Perspectives,2022-02-01,1,"Political Distortions, State Capture, and Economic Development in Africa",36,,0895-3309,2022,TRUE,JEP
JEP-36.1-.125,NA,10.1257/jep.36.1.125,JEP,NA,Journal of Economic Perspectives,2022-02-01,1,The Price of Nails Since 1695: A Window into Economic Change,36,,0895-3309,2022,TRUE,JEP
JEP-36.1-.177,NA,10.1257/jep.36.1.177,JEP,NA,Journal of Economic Perspectives,2022-02-01,1,"Isaiah Andrews, 2021 John Bates Clark Medalist",36,,0895-3309,2022,TRUE,JEP
JEP-36.1-.191,NA,10.1257/jep.36.1.191,JEP,NA,Journal of Economic Perspectives,2022-02-01,1,Recommendations for Further Reading,36,,0895-3309,2022,TRUE,JEP
JEP-.36.-1.57,NA,10.1257/jep.36.1.57,JEP,NA,Journal of Economic Perspectives,2022-02-01,1,Time Use and Gender in Africa in Times of Structural Transformation,36,,0895-3309,2022,TRUE,JEP
JEP-.36.-1.81,NA,10.1257/jep.36.1.81,JEP,NA,Journal of Economic Perspectives,2022-02-01,1,Young Adults and Labor Markets in Africa,36,,0895-3309,2022,TRUE,JEP
JEP-36.2-.149,NA,10.1257/jep.36.2.149,JEP,NA,Journal of Economic Perspectives,2022-05-01,2,Children and the US Social Safety Net: Balancing Disincentives for Adults and Benefits for Children,36,,0895-3309,2022,TRUE,JEP
JEP-36.2-.199,NA,10.1257/jep.36.2.199,JEP,NA,Journal of Economic Perspectives,2022-05-01,2,Inequality in Early Care Experienced by US Children,36,,0895-3309,2022,TRUE,JEP
JEP-.36.-2.29,NA,10.1257/jep.36.2.29,JEP,NA,Journal of Economic Perspectives,2022-05-01,2,Should We Insure Workers or Jobs During Recessions?,36,,0895-3309,2022,TRUE,JEP
JEP-.36.-2.55,NA,10.1257/jep.36.2.55,JEP,NA,Journal of Economic Perspectives,2022-05-01,2,The $800 Billion Paycheck Protection Program: Where Did the Money Go and Why Did It Go There?,36,,0895-3309,2022,TRUE,JEP
JEP-36.2-.123,NA,10.1257/jep.36.2.123,JEP,NA,Journal of Economic Perspectives,2022-05-01,2,Slavery and the Rise of the Nineteenth-Century American Economy,36,,0895-3309,2022,TRUE,JEP
JEP-36.2-.175,NA,10.1257/jep.36.2.175,JEP,NA,Journal of Economic Perspectives,2022-05-01,2,Universal Early-Life Health Policies in the Nordic Countries,36,,0895-3309,2022,TRUE,JEP
JEP-36.2-.223,NA,10.1257/jep.36.2.223,JEP,NA,Journal of Economic Perspectives,2022-05-01,2,Economics of Foster Care,36,,0895-3309,2022,TRUE,JEP
JEP-36.2-.247,NA,10.1257/jep.36.2.247,JEP,NA,Journal of Economic Perspectives,2022-05-01,2,Retrospectives: Joan Robinson on Karl Marx: “His Sense of Reality Is Far Stronger”,36,,0895-3309,2022,TRUE,JEP
JEP-36.2-.265,NA,10.1257/jep.36.2.265,JEP,NA,Journal of Economic Perspectives,2022-05-01,2,Recommendations for Further Reading,36,,0895-3309,2022,TRUE,JEP
JEP-p.36-.2.3,NA,10.1257/jep.36.2.3,JEP,NA,Journal of Economic Perspectives,2022-05-01,2,A Social Insurance Perspective on Pandemic Fiscal Policy: Implications for Unemployment Insurance and Hazard Pay,36,,0895-3309,2022,TRUE,JEP
JEP-.36.-2.81,NA,10.1257/jep.36.2.81,JEP,NA,Journal of Economic Perspectives,2022-05-01,2,American Enslavement and the Recovery of Black Economic History,36,,0895-3309,2022,TRUE,JEP
JEP-.36.-2.99,NA,10.1257/jep.36.2.99,JEP,NA,Journal of Economic Perspectives,2022-05-01,2,The Cumulative Costs of Racism and the Bill for Black Reparations,36,,0895-3309,2022,TRUE,JEP
JEP-36.3-.131,NA,10.1257/jep.36.3.131,JEP,NA,Journal of Economic Perspectives,2022-08-01,3,Expected and Realized Inflation in Historical Perspective,36,,0895-3309,2022,TRUE,JEP
JEP-36.3-.157,NA,10.1257/jep.36.3.157,JEP,NA,Journal of Economic Perspectives,2022-08-01,3,"The Subjective Inflation Expectations of Households and Firms: Measurement, Determinants, and Implications",36,,0895-3309,2022,TRUE,JEP
JEP-36.3-.223,NA,10.1257/jep.36.3.223,JEP,NA,Journal of Economic Perspectives,2022-08-01,3,Overreaction and Diagnostic Expectations in Macroeconomics,36,,0895-3309,2022,TRUE,JEP
JEP-.36.-3.29,NA,10.1257/jep.36.3.29,JEP,NA,Journal of Economic Perspectives,2022-08-01,3,The Economics of Intangible Capital,36,,0895-3309,2022,TRUE,JEP
JEP-p.36-.3.3,NA,10.1257/jep.36.3.3,JEP,NA,Journal of Economic Perspectives,2022-08-01,3,Intangible Capital and Modern Economies,36,,0895-3309,2022,TRUE,JEP
JEP-.36.-3.75,NA,10.1257/jep.36.3.75,JEP,NA,Journal of Economic Perspectives,2022-08-01,3,Four Facts about Human Capital,36,,0895-3309,2022,TRUE,JEP
JEP-36.3-.103,NA,10.1257/jep.36.3.103,JEP,NA,Journal of Economic Perspectives,2022-08-01,3,Measuring Human Capital,36,,0895-3309,2022,TRUE,JEP
JEP-36.3-.185,NA,10.1257/jep.36.3.185,JEP,NA,Journal of Economic Perspectives,2022-08-01,3,Blending Theory and Data: A Space Odyssey,36,,0895-3309,2022,TRUE,JEP
JEP-36.3-.211,NA,10.1257/jep.36.3.211,JEP,NA,Journal of Economic Perspectives,2022-08-01,3,Principles for Combining Descriptive and Model-Based Analysis in Applied Microeconomics Research,36,,0895-3309,2022,TRUE,JEP
JEP-36.3-.245,NA,10.1257/jep.36.3.245,JEP,NA,Journal of Economic Perspectives,2022-08-01,3,Retrospectives: On the Evolution of the Rules versus Discretion Debate in Monetary Policy,36,,0895-3309,2022,TRUE,JEP
JEP-36.3-.261,NA,10.1257/jep.36.3.261,JEP,NA,Journal of Economic Perspectives,2022-08-01,3,Recommendations for Further Reading,36,,0895-3309,2022,TRUE,JEP
JEP-.36.-3.53,NA,10.1257/jep.36.3.53,JEP,NA,Journal of Economic Perspectives,2022-08-01,3,Marketing Investment and Intangible Brand Capital,36,,0895-3309,2022,TRUE,JEP
JEP-36.4-.193,NA,10.1257/jep.36.4.193,JEP,NA,Journal of Economic Perspectives,2022-11-01,4,A Linear Panel Model with Heterogeneous Coefficients and Variation in Exposure,36,,0895-3309,2022,TRUE,JEP
JEP-.36.-4.29,NA,10.1257/jep.36.4.29,JEP,NA,Journal of Economic Perspectives,2022-11-01,4,Facts and Fantasies about Wage Setting and Collective Bargaining,36,,0895-3309,2022,TRUE,JEP
JEP-.36.-4.53,NA,10.1257/jep.36.4.53,JEP,NA,Journal of Economic Perspectives,2022-11-01,4,The German Model of Industrial Relations: Balancing Flexibility and Collective Action,36,,0895-3309,2022,TRUE,JEP
JEP-36.4-.103,NA,10.1257/jep.36.4.103,JEP,NA,Journal of Economic Perspectives,2022-11-01,4,Debt Revenue and the Sustainability of Public Debt,36,,0895-3309,2022,TRUE,JEP
JEP-36.4-.125,NA,10.1257/jep.36.4.125,JEP,NA,Journal of Economic Perspectives,2022-11-01,4,Fiscal Histories,36,,0895-3309,2022,TRUE,JEP
JEP-36.4-.147,NA,10.1257/jep.36.4.147,JEP,NA,Journal of Economic Perspectives,2022-11-01,4,Emerging Market Sovereign Debt in the Aftermath of the Pandemic,36,,0895-3309,2022,TRUE,JEP
JEP-36.4-.167,NA,10.1257/jep.36.4.167,JEP,NA,Journal of Economic Perspectives,2022-11-01,4,Popular Personal Financial Advice versus the Professors,36,,0895-3309,2022,TRUE,JEP
JEP-36.4-.205,NA,10.1257/jep.36.4.205,JEP,NA,Journal of Economic Perspectives,2022-11-01,4,Retrospectives: Sadie T.M. Alexander: Black Women and a “Taste of Freedom in the Economic World”,36,,0895-3309,2022,TRUE,JEP
JEP-36.4-.221,NA,10.1257/jep.36.4.221,JEP,NA,Journal of Economic Perspectives,2022-11-01,4,Recommendations for Further Reading,36,,0895-3309,2022,TRUE,JEP
JEP-p.36-.4.3,NA,10.1257/jep.36.4.3,JEP,NA,Journal of Economic Perspectives,2022-11-01,4,Is There Any Future for a US Labor Movement?,36,,0895-3309,2022,TRUE,JEP
JEP-.36.-4.81,NA,10.1257/jep.36.4.81,JEP,NA,Journal of Economic Perspectives,2022-11-01,4,Danish Flexicurity: Rights and Duties,36,,0895-3309,2022,TRUE,JEP
JEP-37.1-.121,NA,10.1257/jep.37.1.121,JEP,NA,Journal of Economic Perspectives,2023-02-01,1,Monetary Policy and Inequality,37,,0895-3309,2023,TRUE,JEP
JEP-37.1-.199,NA,10.1257/jep.37.1.199,JEP,NA,Journal of Economic Perspectives,2023-02-01,1,US Immigration from Latin America in Historical Perspective,37,,0895-3309,2023,TRUE,JEP
JEP-p.37-.1.3,NA,10.1257/jep.37.1.3,JEP,NA,Journal of Economic Perspectives,2023-02-01,1,"Economic Sanctions: Evolution, Consequences, and Challenges",37,,0895-3309,2023,TRUE,JEP
JEP-.37.-1.53,NA,10.1257/jep.37.1.53,JEP,NA,Journal of Economic Perspectives,2023-02-01,1,Monetary Policy When the Central Bank Shapes Financial-Market Sentiment,37,,0895-3309,2023,TRUE,JEP
JEP-.37.-1.77,NA,10.1257/jep.37.1.77,JEP,NA,Journal of Economic Perspectives,2023-02-01,1,Risk Appetite and the Risk-Taking Channel of Monetary Policy,37,,0895-3309,2023,TRUE,JEP
JEP-37.1-.101,NA,10.1257/jep.37.1.101,JEP,NA,Journal of Economic Perspectives,2023-02-01,1,"Landings, Soft and Hard: The Federal Reserve, 1965–2022",37,,0895-3309,2023,TRUE,JEP
JEP-37.1-.145,NA,10.1257/jep.37.1.145,JEP,NA,Journal of Economic Perspectives,2023-02-01,1,Unraveling the Hispanic Health Paradox,37,,0895-3309,2023,TRUE,JEP
JEP-37.1-.169,NA,10.1257/jep.37.1.169,JEP,NA,Journal of Economic Perspectives,2023-02-01,1,Hispanic Americans in the Labor Market: Patterns over Time and across Generations,37,,0895-3309,2023,TRUE,JEP
JEP-37.1-.223,NA,10.1257/jep.37.1.223,JEP,NA,Journal of Economic Perspectives,2023-02-01,1,Oleg Itskhoki: 2022 John Bates Clark Medalist,37,,0895-3309,2023,TRUE,JEP
JEP-37.1-.241,NA,10.1257/jep.37.1.241,JEP,NA,Journal of Economic Perspectives,2023-02-01,1,Recommendations for Further Reading,37,,0895-3309,2023,TRUE,JEP
JEP-.37.-1.31,NA,10.1257/jep.37.1.31,JEP,NA,Journal of Economic Perspectives,2023-02-01,1,"Financial Sanctions, SWIFT, and the Architecture of the International Payment System",37,,0895-3309,2023,TRUE,JEP
JEP-37.2-.153,NA,10.1257/jep.37.2.153,JEP,NA,Journal of Economic Perspectives,2023-05-01,2,America’s Continuing Struggle with Mental Illnesses: Economic Considerations,37,,0895-3309,2023,TRUE,JEP
JEP-37.2-.203,NA,10.1257/jep.37.2.203,JEP,NA,Journal of Economic Perspectives,2023-05-01,2,An Introductory Guide to Event Study Models,37,,0895-3309,2023,TRUE,JEP
JEP-p.37-.2.3,NA,10.1257/jep.37.2.3,JEP,NA,Journal of Economic Perspectives,2023-05-01,2,Economic Activity across Space: A Supply and Demand Approach,37,,0895-3309,2023,TRUE,JEP
JEP-.37.-2.75,NA,10.1257/jep.37.2.75,JEP,NA,Journal of Economic Perspectives,2023-05-01,2,Quantitative Urban Models: From Theory to Data,37,,0895-3309,2023,TRUE,JEP
JEP-37.2-.123,NA,10.1257/jep.37.2.123,JEP,NA,Journal of Economic Perspectives,2023-05-01,2,The Prices in the Crises: What We Are Learning from 20 Years of Health Insurance in Low- and Middle-Income Countries,37,,0895-3309,2023,TRUE,JEP
JEP-37.2-.179,NA,10.1257/jep.37.2.179,JEP,NA,Journal of Economic Perspectives,2023-05-01,2,Depression and Loneliness among the Elderly in Low- and Middle-Income Countries,37,,0895-3309,2023,TRUE,JEP
JEP-37.2-.231,NA,10.1257/jep.37.2.231,JEP,NA,Journal of Economic Perspectives,2023-05-01,2,Retrospectives: Edgar Sydenstricker: Household Equivalence Scales and the Causes of Pellagra,37,,0895-3309,2023,TRUE,JEP
JEP-37.2-.247,NA,10.1257/jep.37.2.247,JEP,NA,Journal of Economic Perspectives,2023-05-01,2,Recommendations for Further Reading,37,,0895-3309,2023,TRUE,JEP
JEP-.37.-2.29,NA,10.1257/jep.37.2.29,JEP,NA,Journal of Economic Perspectives,2023-05-01,2,"Neighborhood Change, Gentrification, and the Urbanization of College Graduates",37,,0895-3309,2023,TRUE,JEP
JEP-.37.-2.53,NA,10.1257/jep.37.2.53,JEP,NA,Journal of Economic Perspectives,2023-05-01,2,Constraints on City and Neighborhood Growth: The Central Role of Housing Supply,37,,0895-3309,2023,TRUE,JEP
JEP-.37.-2.99,NA,10.1257/jep.37.2.99,JEP,NA,Journal of Economic Perspectives,2023-05-01,2,Achieving Universal Health Insurance Coverage in the United States: Addressing Market Failures or Providing a Social Floor?,37,,0895-3309,2023,TRUE,JEP
JEP-37.3-.111,NA,10.1257/jep.37.3.111,JEP,NA,Journal of Economic Perspectives,2023-08-01,3,"Think Globally, Act Globally: Opportunities to Mitigate Greenhouse Gas Emissions in Low- and Middle-Income Countries",37,,0895-3309,2023,TRUE,JEP
JEP-37.3-.137,NA,10.1257/jep.37.3.137,JEP,NA,Journal of Economic Perspectives,2023-08-01,3,"Carbon Border Adjustments, Climate Clubs, and Subsidy Races When Climate Policies Vary",37,,0895-3309,2023,TRUE,JEP
JEP-37.3-.189,NA,10.1257/jep.37.3.189,JEP,NA,Journal of Economic Perspectives,2023-08-01,3,Compensating Wage Differentials in Labor Markets: Empirical Challenges and Applications,37,,0895-3309,2023,TRUE,JEP
JEP-.37.-3.59,NA,10.1257/jep.37.3.59,JEP,NA,Journal of Economic Perspectives,2023-08-01,3,Global Value Chains in Developing Countries: A Relational Perspective from Coffee and Garments,37,,0895-3309,2023,TRUE,JEP
JEP-37.3-.163,NA,10.1257/jep.37.3.163,JEP,NA,Journal of Economic Perspectives,2023-08-01,3,Global Transportation Decarbonization,37,,0895-3309,2023,TRUE,JEP
JEP-37.3-.213,NA,10.1257/jep.37.3.213,JEP,NA,Journal of Economic Perspectives,2023-08-01,3,What Can Historically Black Colleges and Universities Teach about Improving Higher Education Outcomes for Black Students?,37,,0895-3309,2023,TRUE,JEP
JEP-37.3-.233,NA,10.1257/jep.37.3.233,JEP,NA,Journal of Economic Perspectives,2023-08-01,3,Recommendations for Further Reading,37,,0895-3309,2023,TRUE,JEP
JEP-p.37-.3.3,NA,10.1257/jep.37.3.3,JEP,NA,Journal of Economic Perspectives,2023-08-01,3,How Far Goods Travel: Global Transport and Supply Chains from 1965–2020,37,,0895-3309,2023,TRUE,JEP
JEP-.37.-3.31,NA,10.1257/jep.37.3.31,JEP,NA,Journal of Economic Perspectives,2023-08-01,3,The Changing Firm and Country Boundaries of US Manufacturers in Global Value Chains,37,,0895-3309,2023,TRUE,JEP
JEP-.37.-3.87,NA,10.1257/jep.37.3.87,JEP,NA,Journal of Economic Perspectives,2023-08-01,3,Are Developed Countries Outsourcing Pollution?,37,,0895-3309,2023,TRUE,JEP
JEP-37.4-.137,NA,10.1257/jep.37.4.137,JEP,NA,Journal of Economic Perspectives,2023-11-01,4,The Importance of Financial Literacy: Opening a New Field,37,,0895-3309,2023,TRUE,JEP
JEP-.37.-4.23,NA,10.1257/jep.37.4.23,JEP,NA,Journal of Economic Perspectives,2023-11-01,4,The Evolution of Work from Home,37,,0895-3309,2023,TRUE,JEP
JEP-p.37-.4.3,NA,10.1257/jep.37.4.3,JEP,NA,Journal of Economic Perspectives,2023-11-01,4,Why Did the Best Prepared Country in the World Fare So Poorly during COVID?,37,,0895-3309,2023,TRUE,JEP
JEP-37.4-.115,NA,10.1257/jep.37.4.115,JEP,NA,Journal of Economic Perspectives,2023-11-01,4,Where Does Wealth Come From? Measuring Lifetime Resources in Norway,37,,0895-3309,2023,TRUE,JEP
JEP-37.4-.155,NA,10.1257/jep.37.4.155,JEP,NA,Journal of Economic Perspectives,2023-11-01,4,Transmission Impossible? Prospects for Decarbonizing the US Grid,37,,0895-3309,2023,TRUE,JEP
JEP-37.4-.181,NA,10.1257/jep.37.4.181,JEP,NA,Journal of Economic Perspectives,2023-11-01,4,The Economics of Electricity Reliability,37,,0895-3309,2023,TRUE,JEP
JEP-37.4-.207,NA,10.1257/jep.37.4.207,JEP,NA,Journal of Economic Perspectives,2023-11-01,4,The Economics Profession’s Socioeconomic Diversity Problem,37,,0895-3309,2023,TRUE,JEP
JEP-37.4-.231,NA,10.1257/jep.37.4.231,JEP,NA,Journal of Economic Perspectives,2023-11-01,4,Early Career Paths of Economists Inside and Outside of Academia,37,,0895-3309,2023,TRUE,JEP
JEP-37.4-.251,NA,10.1257/jep.37.4.251,JEP,NA,Journal of Economic Perspectives,2023-11-01,4,"Retrospectives: Margaret Reid, Chicago, and Permanent Income",37,,0895-3309,2023,TRUE,JEP
JEP-37.4-.265,NA,10.1257/jep.37.4.265,JEP,NA,Journal of Economic Perspectives,2023-11-01,4,Recommendations for Further Reading,37,,0895-3309,2023,TRUE,JEP
JEP-.37.-4.51,NA,10.1257/jep.37.4.51,JEP,NA,Journal of Economic Perspectives,2023-11-01,4,"COVID-19, School Closures, and Outcomes",37,,0895-3309,2023,TRUE,JEP
JEP-.37.-4.71,NA,10.1257/jep.37.4.71,JEP,NA,Journal of Economic Perspectives,2023-11-01,4,Changes in the Distribution of Black and White Wealth since the US Civil War,37,,0895-3309,2023,TRUE,JEP
JEP-.37.-4.91,NA,10.1257/jep.37.4.91,JEP,NA,Journal of Economic Perspectives,2023-11-01,4,Why Do Retired Households Draw Down Their Wealth So Slowly?,37,,0895-3309,2023,TRUE,JEP
JEP-38.1-.107,NA,10.1257/jep.38.1.107,JEP,NA,Journal of Economic Perspectives,2024-02-01,1,Does the Value-Added Tax Add Value? Lessons Using Administrative Data from a Diverse Set of Countries,38,,0895-3309,2024,TRUE,JEP
JEP-38.1-.181,NA,10.1257/jep.38.1.181,JEP,NA,Journal of Economic Perspectives,2024-02-01,1,Immigration and Crime: An International Perspective,38,,0895-3309,2024,TRUE,JEP
JEP-38.1-.221,NA,10.1257/jep.38.1.221,JEP,NA,Journal of Economic Perspectives,2024-02-01,1,Job Training and Job Search Assistance Policies in Developing Countries,38,,0895-3309,2024,TRUE,JEP
JEP-38.1-.133,NA,10.1257/jep.38.1.133,JEP,NA,Journal of Economic Perspectives,2024-02-01,1,The Failure of Silicon Valley Bank and the Panic of 2023,38,,0895-3309,2024,TRUE,JEP
JEP-38.1-.153,NA,10.1257/jep.38.1.153,JEP,NA,Journal of Economic Perspectives,2024-02-01,1,Is Pay Transparency Good?,38,,0895-3309,2024,TRUE,JEP
JEP-38.1-.201,NA,10.1257/jep.38.1.201,JEP,NA,Journal of Economic Perspectives,2024-02-01,1,Care Provision and the Boundaries of Production,38,,0895-3309,2024,TRUE,JEP
JEP-38.1-.245,NA,10.1257/jep.38.1.245,JEP,NA,Journal of Economic Perspectives,2024-02-01,1,Recommendations for Further Reading,38,,0895-3309,2024,TRUE,JEP
JEP-.38.-1.27,NA,10.1257/jep.38.1.27,JEP,NA,Journal of Economic Perspectives,2024-02-01,1,Migration and Innovation: Learning from Patent and Inventor Data,38,,0895-3309,2024,TRUE,JEP
JEP-p.38-.1.3,NA,10.1257/jep.38.1.3,JEP,NA,Journal of Economic Perspectives,2024-02-01,1,"Skilled Immigrants, Firms, and the Global Geography of Innovation",38,,0895-3309,2024,TRUE,JEP
JEP-.38.-1.55,NA,10.1257/jep.38.1.55,JEP,NA,Journal of Economic Perspectives,2024-02-01,1,Tax Equity in Low- and Middle-Income Countries,38,,0895-3309,2024,TRUE,JEP
JEP-.38.-1.81,NA,10.1257/jep.38.1.81,JEP,NA,Journal of Economic Perspectives,2024-02-01,1,"How Can Lower-Income Countries Collect More Taxes? The Role of Technology, Tax Agents, and Politics",38,,0895-3309,2024,TRUE,JEP
JEP-38.2-.107,NA,10.1257/jep.38.2.107,JEP,NA,Journal of Economic Perspectives,2024-05-01,2,Perspectives on the Labor Share,38,,0895-3309,2024,TRUE,JEP
JEP-38.2-.201,NA,10.1257/jep.38.2.201,JEP,NA,Journal of Economic Perspectives,2024-05-01,2,When Privacy Protection Goes Wrong: How and Why the 2020 Census Confidentiality Program Failed,38,,0895-3309,2024,TRUE,JEP
JEP-38.2-.137,NA,10.1257/jep.38.2.137,JEP,NA,Journal of Economic Perspectives,2024-05-01,2,Why Labor Supply Matters for Macroeconomics,38,,0895-3309,2024,TRUE,JEP
JEP-38.2-.159,NA,10.1257/jep.38.2.159,JEP,NA,Journal of Economic Perspectives,2024-05-01,2,How Cyclical Is the User Cost of Labor?,38,,0895-3309,2024,TRUE,JEP
JEP-38.2-.181,NA,10.1257/jep.38.2.181,JEP,NA,Journal of Economic Perspectives,2024-05-01,2,"Government Data of the People, by the People, for the People: Navigating Citizen Privacy Concerns",38,,0895-3309,2024,TRUE,JEP
JEP-38.2-.227,NA,10.1257/jep.38.2.227,JEP,NA,Journal of Economic Perspectives,2024-05-01,2,Gabriel Zucman: Winner of the 2023 Clark Medal,38,,0895-3309,2024,TRUE,JEP
JEP-38.2-.245,NA,10.1257/jep.38.2.245,JEP,NA,Journal of Economic Perspectives,2024-05-01,2,Recommendations for Further Reading,38,,0895-3309,2024,TRUE,JEP
JEP-.38.-2.25,NA,10.1257/jep.38.2.25,JEP,NA,Journal of Economic Perspectives,2024-05-01,2,The Economic Constitution of the United States,38,,0895-3309,2024,TRUE,JEP
JEP-p.38-.2.3,NA,10.1257/jep.38.2.3,JEP,NA,Journal of Economic Perspectives,2024-05-01,2,How Economists Could Help Inform Economic and Budget Analysis Used by the US Congress,38,,0895-3309,2024,TRUE,JEP
JEP-.38.-2.43,NA,10.1257/jep.38.2.43,JEP,NA,Journal of Economic Perspectives,2024-05-01,2,The Financial Crisis Inquiry Commission and Economic Research,38,,0895-3309,2024,TRUE,JEP
JEP-.38.-2.63,NA,10.1257/jep.38.2.63,JEP,NA,Journal of Economic Perspectives,2024-05-01,2,Philanthropic Cause Prioritization,38,,0895-3309,2024,TRUE,JEP
JEP-.38.-2.83,NA,10.1257/jep.38.2.83,JEP,NA,Journal of Economic Perspectives,2024-05-01,2,The Shifting Reasons for Beveridge Curve Shifts,38,,0895-3309,2024,TRUE,JEP
AERI-2017-0036,NA,10.1257/aeri.20170036,AER:Insights,NA,American Economic Review: Insights,2019-06-01,1,Robot Arithmetic: New Technology and Wages,1,,2640-2068,2019,TRUE,AERI
AERI-2017-0006,NA,10.1257/aeri.20170006,AER:Insights,NA,American Economic Review: Insights,2019-06-01,1,Lerner Symmetry: A Modern Treatment,1,,2640-2068,2019,TRUE,AERI
AERI-2018-0070,NA,10.1257/aeri.20180070,AER:Insights,NA,American Economic Review: Insights,2019-06-01,1,Labor Supply and the Value of Non-Work Time: Experimental Estimates from the Field,1,,2640-2068,2019,TRUE,AERI
AERI-2018-0137,NA,10.1257/aeri.20180137,AER:Insights,NA,American Economic Review: Insights,2019-06-01,1,Stealth Consolidation: Evidence from an Amendment to the Hart-Scott-Rodino Act,1,,2640-2068,2019,TRUE,AERI
AERI-2018-0200,NA,10.1257/aeri.20180200,AER:Insights,NA,American Economic Review: Insights,2019-06-01,1,The Culture of Overconfidence,1,,2640-2068,2019,TRUE,AERI
AERI-2018-0248,NA,10.1257/aeri.20180248,AER:Insights,NA,American Economic Review: Insights,2019-06-01,1,Democratic Values and Institutions,1,,2640-2068,2019,TRUE,AERI
AERI-2018-0158,NA,10.1257/aeri.20180158,AER:Insights,NA,American Economic Review: Insights,2019-09-01,2,Do the Rich Get Richer in the Stock Market? Evidence from India,1,,2640-2068,2019,TRUE,AERI
AERI-2018-0227,NA,10.1257/aeri.20180227,AER:Insights,NA,American Economic Review: Insights,2019-09-01,2,Honesty via Choice-Matching,1,,2640-2068,2019,TRUE,AERI
AERI-2018-0322,NA,10.1257/aeri.20180322,AER:Insights,NA,American Economic Review: Insights,2019-09-01,2,"The Dollar, Bank Leverage, and Deviations from Covered Interest Parity",1,,2640-2068,2019,TRUE,AERI
AERI-2018-0347,NA,10.1257/aeri.20180347,AER:Insights,NA,American Economic Review: Insights,2019-09-01,2,"Divest, Disregard, or Double Down? Philanthropic Endowment Investments in Objectionable Firms",1,,2640-2068,2019,TRUE,AERI
AERI-2018-0444,NA,10.1257/aeri.20180444,AER:Insights,NA,American Economic Review: Insights,2019-09-01,2,Household Matters: Revisiting the Returns to Capital among Female Microentrepreneurs,1,,2640-2068,2019,TRUE,AERI
AERI-2018-0485,NA,10.1257/aeri.20180485,AER:Insights,NA,American Economic Review: Insights,2019-09-01,2,The Model Selection Curse,1,,2640-2068,2019,TRUE,AERI
AERI-2018-0399,NA,10.1257/aeri.20180399,AER:Insights,NA,American Economic Review: Insights,2019-12-01,3,An Event Long-Short Index: Theory and Applications,1,,2640-2068,2019,TRUE,AERI
AERI-2018-0633,NA,10.1257/aeri.20180633,AER:Insights,NA,American Economic Review: Insights,2019-12-01,3,Measuring Success in Education: The Role of Effort on the Test Itself,1,,2640-2068,2019,TRUE,AERI
AERI-2018-0120,NA,10.1257/aeri.20180120,AER:Insights,NA,American Economic Review: Insights,2019-12-01,3,Maimonides Rule Redux,1,,2640-2068,2019,TRUE,AERI
AERI-2018-0333,NA,10.1257/aeri.20180333,AER:Insights,NA,American Economic Review: Insights,2019-12-01,3,Reported Effects versus Revealed-Preference Estimates: Evidence from the Propensity to Spend Tax Rebates,1,,2640-2068,2019,TRUE,AERI
AERI-2018-0383,NA,10.1257/aeri.20180383,AER:Insights,NA,American Economic Review: Insights,2019-12-01,3,"Aging, Output Per Capita, and Secular Stagnation",1,,2640-2068,2019,TRUE,AERI
AERI-2018-0432,NA,10.1257/aeri.20180432,AER:Insights,NA,American Economic Review: Insights,2019-12-01,3,Clearing the Fog: The Predictive Power of Weather for Employment Reports and Their Asset Price Responses,1,,2640-2068,2019,TRUE,AERI
AERI-2018-0578,NA,10.1257/aeri.20180578,AER:Insights,NA,American Economic Review: Insights,2019-12-01,3,A Bias of Screening,1,,2640-2068,2019,TRUE,AERI
AERI-2018-0581,NA,10.1257/aeri.20180581,AER:Insights,NA,American Economic Review: Insights,2019-12-01,3,Discriminating against Captive Customers,1,,2640-2068,2019,TRUE,AERI
AERI-2018-0396,NA,10.1257/aeri.20180396,AER:Insights,NA,American Economic Review: Insights,2020-03-01,1,Trade Liberalization and Mortality: Evidence from US Counties,2,,2640-2068,2020,TRUE,AERI
AERI-2018-0582,NA,10.1257/aeri.20180582,AER:Insights,NA,American Economic Review: Insights,2020-03-01,1,Age and High-Growth Entrepreneurship,2,,2640-2068,2020,TRUE,AERI
AERI-2019-0023,NA,10.1257/aeri.20190023,AER:Insights,NA,American Economic Review: Insights,2020-03-01,1,"Jobs and Matches: Quits, Replacement Hiring, and Vacancy Chains and Vacancy Chains",2,,2640-2068,2020,TRUE,AERI
AERI-2019-0041,NA,10.1257/aeri.20190041,AER:Insights,NA,American Economic Review: Insights,2020-03-01,1,Tax Policy and Local Labor Market Behavior,2,,2640-2068,2020,TRUE,AERI
AERI-2019-0051,NA,10.1257/aeri.20190051,AER:Insights,NA,American Economic Review: Insights,2020-03-01,1,The Relation between Behavior under Risk and over Time,2,,2640-2068,2020,TRUE,AERI
AERI-2019-0079,NA,10.1257/aeri.20190079,AER:Insights,NA,American Economic Review: Insights,2020-03-01,1,Do Immigrants Assimilate More Slowly Today than in the Past?,2,,2640-2068,2020,TRUE,AERI
AERI-2019-0165,NA,10.1257/aeri.20190165,AER:Insights,NA,American Economic Review: Insights,2020-03-01,1,Attention Management,2,,2640-2068,2020,TRUE,AERI
AERI-2019-0096,NA,10.1257/aeri.20190096,AER:Insights,NA,American Economic Review: Insights,2020-06-01,2,Earnings Risk in the Household: Evidence from Millions of US Tax Returns,2,,2640-2068,2020,TRUE,AERI
AERI-2019-0097,NA,10.1257/aeri.20190097,AER:Insights,NA,American Economic Review: Insights,2020-06-01,2,Does Mandating Social Insurance Affect Entrepreneurial Activity?,2,,2640-2068,2020,TRUE,AERI
AERI-2019-0387,NA,10.1257/aeri.20190387,AER:Insights,NA,American Economic Review: Insights,2020-06-01,2,Optimal Quality Certification,2,,2640-2068,2020,TRUE,AERI
AERI-2018-0481,NA,10.1257/aeri.20180481,AER:Insights,NA,American Economic Review: Insights,2020-09-01,3,Foreign Competition and Domestic Innovation: Evidence from US Patents,2,,2640-2068,2020,TRUE,AERI
AERI-2019-0272,NA,10.1257/aeri.20190272,AER:Insights,NA,American Economic Review: Insights,2020-09-01,3,Nonlinear Pricing with Average-Price Bias,2,,2640-2068,2020,TRUE,AERI
AERI-2019-0494,NA,10.1257/aeri.20190494,AER:Insights,NA,American Economic Review: Insights,2020-09-01,3,Bitcoin: An Axiomatic Approach and an Impossibility Theorem,2,,2640-2068,2020,TRUE,AERI
AERI-2020-0178,NA,10.1257/aeri.20200178,AER:Insights,NA,American Economic Review: Insights,2020-12-01,4,"Strategy-Proofness, Independence of Irrelevant Alternatives, and Majority Rule",2,,2640-2068,2020,TRUE,AERI
AERI-2020-0196,NA,10.1257/aeri.20200196,AER:Insights,NA,American Economic Review: Insights,2021-03-01,1,“Soft” Affirmative Action and Minority Recruitment,3,,2640-2068,2021,TRUE,AERI
AERI-2020-0012,NA,10.1257/aeri.20200012,AER:Insights,NA,American Economic Review: Insights,2021-03-01,1,Information Design and Strategic Communication,3,,2640-2068,2021,TRUE,AERI
AERI-2020-0101,NA,10.1257/aeri.20200101,AER:Insights,NA,American Economic Review: Insights,2021-03-01,1,Trade Shocks and Labor Market Adjustment,3,,2640-2068,2021,TRUE,AERI
AERI-2020-0284,NA,10.1257/aeri.20200284,AER:Insights,NA,American Economic Review: Insights,2021-06-01,2,Information Validates the Prior: A Theorem on Bayesian Updating and Applications,3,,2640-2068,2021,TRUE,AERI
AERI-2020-0311,NA,10.1257/aeri.20200311,AER:Insights,NA,American Economic Review: Insights,2021-09-01,3,The Difficulty of Easy Projects,3,,2640-2068,2021,TRUE,AERI
AERI-2020-0408,NA,10.1257/aeri.20200408,AER:Insights,NA,American Economic Review: Insights,2021-09-01,3,A Behavioral Characterization of the Likelihood Ratio Order,3,,2640-2068,2021,TRUE,AERI
AERI-2020-0635,NA,10.1257/aeri.20200635,AER:Insights,NA,American Economic Review: Insights,2021-12-01,4,Cheating with Models,3,,2640-2068,2021,TRUE,AERI
AERI-2020-0728,NA,10.1257/aeri.20200728,AER:Insights,NA,American Economic Review: Insights,2021-12-01,4,Allocation Mechanisms without Reduction,3,,2640-2068,2021,TRUE,AERI
AERI-2021-0007,NA,10.1257/aeri.20210007,AER:Insights,NA,American Economic Review: Insights,2022-03-01,1,Persuasion with Correlation Neglect: A Full Manipulation Result,4,,2640-2068,2022,TRUE,AERI
AERI-2021-0123,NA,10.1257/aeri.20210123,AER:Insights,NA,American Economic Review: Insights,2022-03-01,1,Centralized Matching with Incomplete Information,4,,2640-2068,2022,TRUE,AERI
AERI-2021-0144,NA,10.1257/aeri.20210144,AER:Insights,NA,American Economic Review: Insights,2022-06-01,2,Robust Predictions in Coasian Bargaining,4,,2640-2068,2022,TRUE,AERI
AERI-2021-0341,NA,10.1257/aeri.20210341,AER:Insights,NA,American Economic Review: Insights,2022-06-01,2,The Commitment Benefit of Consols in Government Debt Management,4,,2640-2068,2022,TRUE,AERI
AERI-2021-0169,NA,10.1257/aeri.20210169,AER:Insights,NA,American Economic Review: Insights,2022-09-01,3,"Polarization, Valence, and Policy Competition",4,,2640-2068,2022,TRUE,AERI
AERI-2021-0504,NA,10.1257/aeri.20210504,AER:Insights,NA,American Economic Review: Insights,2022-09-01,3,Optimal Information Disclosure in Classic Auctions,4,,2640-2068,2022,TRUE,AERI
AERI-2021-0426,NA,10.1257/aeri.20210426,AER:Insights,NA,American Economic Review: Insights,2022-12-01,4,The Limits of Multiproduct Price Discrimination,4,,2640-2068,2022,TRUE,AERI
AERI-2021-0494,NA,10.1257/aeri.20210494,AER:Insights,NA,American Economic Review: Insights,2022-12-01,4,Getting Permission,4,,2640-2068,2022,TRUE,AERI
AERI-2021-0643,NA,10.1257/aeri.20210643,AER:Insights,NA,American Economic Review: Insights,2023-03-01,1,Robust Information Transmission,5,,2640-2068,2023,TRUE,AERI
AERI-2021-0672,NA,10.1257/aeri.20210672,AER:Insights,NA,American Economic Review: Insights,2023-03-01,1,Macroeconomic Dynamics with Rigid Wage Contracts,5,,2640-2068,2023,TRUE,AERI
AERI-2022-0091,NA,10.1257/aeri.20220091,AER:Insights,NA,American Economic Review: Insights,2023-06-01,2,Status Quo Property Protection in Politico-Legal Systems,5,,2640-2068,2023,TRUE,AERI
AERI-2022-0056,NA,10.1257/aeri.20220056,AER:Insights,NA,American Economic Review: Insights,2023-09-01,3,A Characterization for Optimal Bundling of Products with Nonadditive Values,5,,2640-2068,2023,TRUE,AERI
AERI-2022-0303,NA,10.1257/aeri.20220303,AER:Insights,NA,American Economic Review: Insights,2023-09-01,3,A Minimalist Model for the Ruble during the Russian Invasion of Ukraine,5,,2640-2068,2023,TRUE,AERI
AERI-2022-0456,NA,10.1257/aeri.20220456,AER:Insights,NA,American Economic Review: Insights,2023-09-01,3,Decision Theory and Stochastic Growth,5,,2640-2068,2023,TRUE,AERI
AERI-2022-0412,NA,10.1257/aeri.20220412,AER:Insights,NA,American Economic Review: Insights,2023-12-01,4,Herd Design,5,,2640-2068,2023,TRUE,AERI
AERI-2023-0085,NA,10.1257/aeri.20230085,AER:Insights,NA,American Economic Review: Insights,2024-06-01,2,Moderate Utility,6,,2640-2068,2024,TRUE,AERI
AERI-2023-0286,NA,10.1257/aeri.20230286,AER:Insights,NA,American Economic Review: Insights,2024-06-01,2,Trade and Trees,6,,2640-2068,2024,TRUE,AERI
AERI-2023-0402,NA,10.1257/aeri.20230402,AER:Insights,NA,American Economic Review: Insights,2024-09-01,3,Repression and Repertoires,6,,2640-2068,2024,TRUE,AERI
AERI-2023-0617,NA,10.1257/aeri.20230617,AER:Insights,NA,American Economic Review: Insights,2024-12-01,4,Noise-Tolerant Community Enforcement and the Strength of Small Stakes,6,,2640-2068,2024,TRUE,AERI
AERI-2023-0589,NA,10.1257/aeri.20230589,AER:Insights,NA,American Economic Review: Insights,2025-03-01,1,When Big Data Enables Behavioral Manipulation,7,,2640-2068,2025,TRUE,AERI
AERI-2024-0061,NA,10.1257/aeri.20240061,AER:Insights,NA,American Economic Review: Insights,2025-06-01,2,Sustainability in a Risky World,7,,2640-2068,2025,TRUE,AERI
AERI-2024-0216,NA,10.1257/aeri.20240216,AER:Insights,NA,American Economic Review: Insights,2025-06-01,2,Information Acquisition and Time-Risk Preference,7,,2640-2068,2025,TRUE,AERI
AERI-2024-0456,NA,10.1257/aeri.20240456,AER:Insights,NA,American Economic Review: Insights,2025-06-01,2,Growth and Redistribution: The Hedging Perspective,7,,2640-2068,2025,TRUE,AERI
AERI-2024-0332,NA,10.1257/aeri.20240332,AER:Insights,NA,American Economic Review: Insights,2025-09-01,3,A Theory of Fair CEO Pay,7,,2640-2068,2025,TRUE,AERI
AERI-2025-0119,NA,10.1257/aeri.20250119,AER:Insights,NA,American Economic Review: Insights,2026-03-01,1,On the Programmability and Uniformity of Digital Currencies,8,,2640-2068,2026,TRUE,AERI
AERI-2024-0624,NA,10.1257/aeri.20240624,AER:Insights,NA,American Economic Review: Insights,2026-06-01,2,Long Wars,8,,2640-2068,2026,TRUE,AERI
AERI-2024-0698,NA,10.1257/aeri.20240698,AER:Insights,NA,American Economic Review: Insights,2026-06-01,2,An Evolutionary Perspective on Updating Risk and Ambiguity Preferences,8,,2640-2068,2026,TRUE,AERI
AERI-2025-0043,NA,10.1257/aeri.20250043,AER:Insights,NA,American Economic Review: Insights,2026-06-01,2,Breaking Bad News,8,,2640-2068,2026,TRUE,AERI
AERI-2025-0233,NA,10.1257/aeri.20250233,AER:Insights,NA,American Economic Review: Insights,2026-09-01,3,Screening Adaptive Cartels,8,,2640-2068,2026,TRUE,AERI
PandP-2018-1018,NA,10.1257/pandp.20181018,AEA P&P,NA,AEA Papers and Proceedings,2018-05-01,NA,Algorithmic Fairness,108,,2574-0776,2018,TRUE,PandP
PandP-2018-1002,NA,10.1257/pandp.20181002,AEA P&P,NA,AEA Papers and Proceedings,2018-05-01,NA,Quadratic Voting: How Mechanism Design Can Radicalize Democracy,108,,2574-0776,2018,TRUE,PandP
PandP-2018-1003,NA,10.1257/pandp.20181003,AEA P&P,NA,AEA Papers and Proceedings,2018-05-01,NA,Should We Treat Data as Labor? Moving Beyond “Free”,108,,2574-0776,2018,TRUE,PandP
PandP-2018-1019,NA,10.1257/pandp.20181019,AEA P&P,NA,AEA Papers and Proceedings,2018-05-01,NA,What Can Machines Learn and What Does It Mean for Occupations and the Economy?,108,,2574-0776,2018,TRUE,PandP
PandP-2018-1021,NA,10.1257/pandp.20181021,AEA P&P,NA,AEA Papers and Proceedings,2018-05-01,NA,A Method to Link Advances in Artificial Intelligence to Occupational Abilities,108,,2574-0776,2018,TRUE,PandP
PandP-2018-1074,NA,10.1257/pandp.20181074,AEA P&P,NA,AEA Papers and Proceedings,2018-05-01,NA,From Communism to Capitalism: Private versus Public Property and Inequality in China and Russia,108,,2574-0776,2018,TRUE,PandP
PandP-2018-1097,NA,10.1257/pandp.20181097,AEA P&P,NA,AEA Papers and Proceedings,2018-05-01,NA,Cross-Country Differences in Household Stock Market Participation: The Role of Gender Norms,108,,2574-0776,2018,TRUE,PandP
PandP-2018-1101,NA,10.1257/pandp.20181101,AEA P&P,NA,AEA Papers and Proceedings,2018-05-01,NA,Gendered Language on the Economics Job Market Rumors Forum,108,,2574-0776,2018,TRUE,PandP
PandP-2018-1005,NA,10.1257/pandp.20181005,AEA P&P,NA,AEA Papers and Proceedings,2018-05-01,NA,Intergenerational Effects of Incarceration,108,,2574-0776,2018,TRUE,PandP
PandP-2018-1066,NA,10.1257/pandp.20181066,AEA P&P,NA,AEA Papers and Proceedings,2018-05-01,NA,The Disappearing Large-Firm Wage Premium,108,,2574-0776,2018,TRUE,PandP
PandP-2018-1067,NA,10.1257/pandp.20181067,AEA P&P,NA,AEA Papers and Proceedings,2018-05-01,NA,A Cross-Country Comparison of Dynamics in the Large Firm Wage Premium,108,,2574-0776,2018,TRUE,PandP
PandP-2018-1077,NA,10.1257/pandp.20181077,AEA P&P,NA,AEA Papers and Proceedings,2018-05-01,NA,What Matters for the Productivity of Kidney Exchange?,108,,2574-0776,2018,TRUE,PandP
PandP-2018-1085,NA,10.1257/pandp.20181085,AEA P&P,NA,AEA Papers and Proceedings,2018-05-01,NA,"Women's Empowerment, the Gender Gap in Desired Fertility, and Fertility Outcomes in Developing Countries",108,,2574-0776,2018,TRUE,PandP
PandP-2018-1086,NA,10.1257/pandp.20181086,AEA P&P,NA,AEA Papers and Proceedings,2018-05-01,NA,Male Social Status and Women's Work,108,,2574-0776,2018,TRUE,PandP
PandP-2018-1105,NA,10.1257/pandp.20181105,AEA P&P,NA,AEA Papers and Proceedings,2018-05-01,NA,The Effect of Parental Education on Children's Drug and Alcohol Use,108,,2574-0776,2018,TRUE,PandP
PandP-2018-1013,NA,10.1257/pandp.20181013,AEA P&P,NA,AEA Papers and Proceedings,2018-05-01,NA,Digital Financial Services Go a Long Way: Transaction Costs and Financial Inclusion,108,,2574-0776,2018,TRUE,PandP
PandP-2018-1027,NA,10.1257/pandp.20181027,AEA P&P,NA,AEA Papers and Proceedings,2018-05-01,NA,Carbon Pricing Induces Innovation: Evidence from China's Regional Carbon Market Pilots,108,,2574-0776,2018,TRUE,PandP
PandP-2018-1029,NA,10.1257/pandp.20181029,AEA P&P,NA,AEA Papers and Proceedings,2018-05-01,NA,China’s New National Carbon Market,108,,2574-0776,2018,TRUE,PandP
PandP-2018-1081,NA,10.1257/pandp.20181081,AEA P&P,NA,AEA Papers and Proceedings,2018-05-01,NA,Central Bank Forward Guidance and the Signal Value of Market Prices,108,,2574-0776,2018,TRUE,PandP
PandP-2018-1082,NA,10.1257/pandp.20181082,AEA P&P,NA,AEA Papers and Proceedings,2018-05-01,NA,Central Bank Communications and the General Public,108,,2574-0776,2018,TRUE,PandP
PandP-2018-1091,NA,10.1257/pandp.20181091,AEA P&P,NA,AEA Papers and Proceedings,2018-05-01,NA,Unequal Rewards to Firms: Stock Market Responses to the Trump Election and the 2017 Corporate Tax Reform,108,,2574-0776,2018,TRUE,PandP
PandP-2018-1124,NA,10.1257/pandp.20181124,AEA P&P,NA,AEA Papers and Proceedings,2018-05-01,NA,"Private Paternalism, the Commitment Puzzle, and Model-Free Equilibrium",108,,2574-0776,2018,TRUE,PandP
PandP-2018-1001,NA,10.1257/pandp.20181001,AEA P&P,NA,AEA Papers and Proceedings,2018-05-01,NA,Welfarism's Envy Problem Extends to Popular Judgments,108,,2574-0776,2018,TRUE,PandP
PandP-2018-1020,NA,10.1257/pandp.20181020,AEA P&P,NA,AEA Papers and Proceedings,2018-05-01,NA,Modeling Automation,108,,2574-0776,2018,TRUE,PandP
PandP-2018-1022,NA,10.1257/pandp.20181022,AEA P&P,NA,AEA Papers and Proceedings,2018-05-01,NA,Human Judgment and AI Pricing,108,,2574-0776,2018,TRUE,PandP
PandP-2018-1031,NA,10.1257/pandp.20181031,AEA P&P,NA,AEA Papers and Proceedings,2018-05-01,NA,Estimating Heterogeneous Consumer Preferences for Restaurants and Travel Time Using Mobile Location Data,108,,2574-0776,2018,TRUE,PandP
PandP-2018-1032,NA,10.1257/pandp.20181032,AEA P&P,NA,AEA Papers and Proceedings,2018-05-01,NA,The Potential of Digital Credit to Bank the Poor,108,,2574-0776,2018,TRUE,PandP
PandP-2018-1034,NA,10.1257/pandp.20181034,AEA P&P,NA,AEA Papers and Proceedings,2018-05-01,NA,Nowcasting Gentrification: Using Yelp Data to Quantify Neighborhood Change,108,,2574-0776,2018,TRUE,PandP
PandP-2018-1033,NA,10.1257/pandp.20181033,AEA P&P,NA,AEA Papers and Proceedings,2018-05-01,NA,Estimating Economic Characteristics with Phone Data,108,,2574-0776,2018,TRUE,PandP
PandP-2018-1039,NA,10.1257/pandp.20181039,AEA P&P,NA,AEA Papers and Proceedings,2018-05-01,NA,Misperceptions about Tax Audits,108,,2574-0776,2018,TRUE,PandP
PandP-2018-1040,NA,10.1257/pandp.20181040,AEA P&P,NA,AEA Papers and Proceedings,2018-05-01,NA,Ramsey Strikes Back: Optimal Commodity Taxes and Redistribution in the Presence of Salience Effects,108,,2574-0776,2018,TRUE,PandP
PandP-2018-1042,NA,10.1257/pandp.20181042,AEA P&P,NA,AEA Papers and Proceedings,2018-05-01,NA,Rationalizations and Mistakes: Optimal Policy with Normative Ambiguity,108,,2574-0776,2018,TRUE,PandP
PandP-2018-1041,NA,10.1257/pandp.20181041,AEA P&P,NA,AEA Papers and Proceedings,2018-05-01,NA,Can Information Change Personal Retirement Savings? Evidence from Social Security Benefits Statement Mailings,108,,2574-0776,2018,TRUE,PandP
PandP-2018-1073,NA,10.1257/pandp.20181073,AEA P&P,NA,AEA Papers and Proceedings,2018-05-01,NA,The Elephant Curve of Global Inequality and Growth,108,,2574-0776,2018,TRUE,PandP
PandP-2018-1075,NA,10.1257/pandp.20181075,AEA P&P,NA,AEA Papers and Proceedings,2018-05-01,NA,Applying Generalized Pareto Curves to Inequality Analysis,108,,2574-0776,2018,TRUE,PandP
PandP-2018-1087,NA,10.1257/pandp.20181087,AEA P&P,NA,AEA Papers and Proceedings,2018-05-01,NA,Challenges in the Measurement of Leakage Risk,108,,2574-0776,2018,TRUE,PandP
PandP-2018-1076,NA,10.1257/pandp.20181076,AEA P&P,NA,AEA Papers and Proceedings,2018-05-01,NA,"Extreme Inequality: Evidence from Brazil, India, the Middle East, and South Africa",108,,2574-0776,2018,TRUE,PandP
PandP-2018-1088,NA,10.1257/pandp.20181088,AEA P&P,NA,AEA Papers and Proceedings,2018-05-01,NA,How Trade Sensitive Are Energy-Intensive Sectors?,108,,2574-0776,2018,TRUE,PandP
PandP-2018-1094,NA,10.1257/pandp.20181094,AEA P&P,NA,AEA Papers and Proceedings,2018-05-01,NA,Is Altruism Sensitive to Scope? The Role of Tangibility,108,,2574-0776,2018,TRUE,PandP
PandP-2018-1095,NA,10.1257/pandp.20181095,AEA P&P,NA,AEA Papers and Proceedings,2018-05-01,NA,Mental Budgeting versus Relative Thinking,108,,2574-0776,2018,TRUE,PandP
PandP-2018-1096,NA,10.1257/pandp.20181096,AEA P&P,NA,AEA Papers and Proceedings,2018-05-01,NA,When Nudges Are Forever: Inertia in the Swedish Premium Pension Plan,108,,2574-0776,2018,TRUE,PandP
PandP-2018-1098,NA,10.1257/pandp.20181098,AEA P&P,NA,AEA Papers and Proceedings,2018-05-01,NA,Gender Norms and Relative Working Hours: Why Do Women Suffer More than Men from Working Longer Hours than Their Partners?,108,,2574-0776,2018,TRUE,PandP
PandP-2018-1102,NA,10.1257/pandp.20181102,AEA P&P,NA,AEA Papers and Proceedings,2018-05-01,NA,Representations of Men and Women in Introductory Economics Textbooks,108,,2574-0776,2018,TRUE,PandP
PandP-2018-1099,NA,10.1257/pandp.20181099,AEA P&P,NA,AEA Papers and Proceedings,2018-05-01,NA,The Language of Discrimination: Using Experimental versus Observational Data,108,,2574-0776,2018,TRUE,PandP
PandP-2018-1103,NA,10.1257/pandp.20181103,AEA P&P,NA,AEA Papers and Proceedings,2018-05-01,NA,What Can UWE Do for Economics?,108,,2574-0776,2018,TRUE,PandP
PandP-2018-1121,NA,10.1257/pandp.20181121,AEA P&P,NA,AEA Papers and Proceedings,2018-05-01,NA,A Dialogue between a Populist and an Economist,108,,2574-0776,2018,TRUE,PandP
PandP-2018-1122,NA,10.1257/pandp.20181122,AEA P&P,NA,AEA Papers and Proceedings,2018-05-01,NA,Is Populism Necessarily Bad Economics?,108,,2574-0776,2018,TRUE,PandP
PandP-2018-1123,NA,10.1257/pandp.20181123,AEA P&P,NA,AEA Papers and Proceedings,2018-05-01,NA,Economic Drivers of Populism,108,,2574-0776,2018,TRUE,PandP
PandP-2018-1108,NA,10.1257/pandp.20181108,AEA P&P,NA,AEA Papers and Proceedings,2018-05-01,NA,On the Returns to Invention within Firms: Evidence from Finland,108,,2574-0776,2018,TRUE,PandP
PandP-2018-1125,NA,10.1257/pandp.20181125,AEA P&P,NA,AEA Papers and Proceedings,2018-05-01,NA,Studying the (Economic) Consequences of Populism,108,,2574-0776,2018,TRUE,PandP
PandP-2018-1109,NA,10.1257/pandp.20181109,AEA P&P,NA,AEA Papers and Proceedings,2018-05-01,NA,"Local Violence, Academic Performance, and School Accountability",108,,2574-0776,2018,TRUE,PandP
PandP-2018-1110,NA,10.1257/pandp.20181110,AEA P&P,NA,AEA Papers and Proceedings,2018-05-01,NA,Racial Differences in Police Use of Force: Evidence from the 1960s Civil Disturbances,108,,2574-0776,2018,TRUE,PandP
PandP-2018-1111,NA,10.1257/pandp.20181111,AEA P&P,NA,AEA Papers and Proceedings,2018-05-01,NA,"Last Place? The Intersection of Ethnicity, Gender, and Race in Biomedical Authorship",108,,2574-0776,2018,TRUE,PandP
PandP-2018-1004,NA,10.1257/pandp.20181004,AEA P&P,NA,AEA Papers and Proceedings,2018-05-01,NA,Reconciling Results on Racial Differences in Police Shootings,108,,2574-0776,2018,TRUE,PandP
PandP-2018-1006,NA,10.1257/pandp.20181006,AEA P&P,NA,AEA Papers and Proceedings,2018-05-01,NA,Racial and Ethnic Sentencing Differentials in the Federal Criminal Justice System,108,,2574-0776,2018,TRUE,PandP
PandP-2018-1023,NA,10.1257/pandp.20181023,AEA P&P,NA,AEA Papers and Proceedings,2018-05-01,NA,Participating or Not? Characteristics of Female Entrepreneurs Participating in and Completing an Entrepreneurial Training Program,108,,2574-0776,2018,TRUE,PandP
PandP-2018-1025,NA,10.1257/pandp.20181025,AEA P&P,NA,AEA Papers and Proceedings,2018-05-01,NA,Mind The (Profit) Gap: Why Are Female Enterprise Owners Earning Less than Men?,108,,2574-0776,2018,TRUE,PandP
PandP-2018-1026,NA,10.1257/pandp.20181026,AEA P&P,NA,AEA Papers and Proceedings,2018-05-01,NA,Is Personal Initiative Training a Substitute or Complement to the Existing Human Capital of Women? Results from a Randomized Trial in Togo,108,,2574-0776,2018,TRUE,PandP
PandP-2018-1045,NA,10.1257/pandp.20181045,AEA P&P,NA,AEA Papers and Proceedings,2018-05-01,NA,Disability Saliency and Discrimination in Hiring,108,,2574-0776,2018,TRUE,PandP
PandP-2018-1047,NA,10.1257/pandp.20181047,AEA P&P,NA,AEA Papers and Proceedings,2018-05-01,NA,Return-to-Work Policies and Labor Supply in Disability Insurance Programs,108,,2574-0776,2018,TRUE,PandP
PandP-2018-1046,NA,10.1257/pandp.20181046,AEA P&P,NA,AEA Papers and Proceedings,2018-05-01,NA,The Effect of the Disability Insurance Application Decision on the Employment of Denied Applicants,108,,2574-0776,2018,TRUE,PandP
PandP-2018-1048,NA,10.1257/pandp.20181048,AEA P&P,NA,AEA Papers and Proceedings,2018-05-01,NA,Income Volatility and the PSID: Past Research and New Results,108,,2574-0776,2018,TRUE,PandP
PandP-2018-1050,NA,10.1257/pandp.20181050,AEA P&P,NA,AEA Papers and Proceedings,2018-05-01,NA,New Evidence on Earnings Volatility in Survey and Administrative Data,108,,2574-0776,2018,TRUE,PandP
PandP-2018-1049,NA,10.1257/pandp.20181049,AEA P&P,NA,AEA Papers and Proceedings,2018-05-01,NA,Nonlinear Persistence and Partial Insurance: Income and Consumption Dynamics in the PSID,108,,2574-0776,2018,TRUE,PandP
PandP-2018-1051,NA,10.1257/pandp.20181051,AEA P&P,NA,AEA Papers and Proceedings,2018-05-01,NA,On the Heterogeneity in Family Earnings and Income Dynamics in the PSID,108,,2574-0776,2018,TRUE,PandP
PandP-2018-1052,NA,10.1257/pandp.20181052,AEA P&P,NA,AEA Papers and Proceedings,2018-05-01,NA,Beyond the Flipped Class: The Impact of Research-Based Teaching Methods in a Macroeconomics Principles Class,108,,2574-0776,2018,TRUE,PandP
PandP-2018-1053,NA,10.1257/pandp.20181053,AEA P&P,NA,AEA Papers and Proceedings,2018-05-01,NA,From “Traditional” to Research-Based Instructional Strategies: An Assessment of Learning Gains,108,,2574-0776,2018,TRUE,PandP
PandP-2018-1054,NA,10.1257/pandp.20181054,AEA P&P,NA,AEA Papers and Proceedings,2018-05-01,NA,Low-Cost Randomized Controlled Trials in Education,108,,2574-0776,2018,TRUE,PandP
PandP-2018-1055,NA,10.1257/pandp.20181055,AEA P&P,NA,AEA Papers and Proceedings,2018-05-01,NA,A New Look at Lake Wobegon: Who’s in Your Canoe?,108,,2574-0776,2018,TRUE,PandP
PandP-2018-1068,NA,10.1257/pandp.20181068,AEA P&P,NA,AEA Papers and Proceedings,2018-05-01,NA,The Productivity-Wage Premium: Does Size Still Matter in a Service Economy?,108,,2574-0776,2018,TRUE,PandP
PandP-2018-1079,NA,10.1257/pandp.20181079,AEA P&P,NA,AEA Papers and Proceedings,2018-05-01,NA,Dynamic Incentives in Wait List Mechanisms,108,,2574-0776,2018,TRUE,PandP
PandP-2018-1083,NA,10.1257/pandp.20181083,AEA P&P,NA,AEA Papers and Proceedings,2018-05-01,NA,Dynamics of Child Mortality Inequality,108,,2574-0776,2018,TRUE,PandP
PandP-2018-1084,NA,10.1257/pandp.20181084,AEA P&P,NA,AEA Papers and Proceedings,2018-05-01,NA,Cousin Marriage Is Not Choice: Muslim Marriage and Underdevelopment,108,,2574-0776,2018,TRUE,PandP
PandP-2018-1104,NA,10.1257/pandp.20181104,AEA P&P,NA,AEA Papers and Proceedings,2018-05-01,NA,Split Families and the Future of Children: Immigration Enforcement and Foster Care Placements,108,,2574-0776,2018,TRUE,PandP
PandP-2018-1106,NA,10.1257/pandp.20181106,AEA P&P,NA,AEA Papers and Proceedings,2018-05-01,NA,"The Differential Incidence and Severity of Food Insecurity by Racial, Ethnic, and Immigrant Groups over the Great Recession in the United States",108,,2574-0776,2018,TRUE,PandP
PandP-2018-1107,NA,10.1257/pandp.20181107,AEA P&P,NA,AEA Papers and Proceedings,2018-05-01,NA,Elasticity of Medicaid Access with Respect to State Financial Distress,108,,2574-0776,2018,TRUE,PandP
PandP-2018-1113,NA,10.1257/pandp.20181113,AEA P&P,NA,AEA Papers and Proceedings,2018-05-01,NA,Trends and Disparities in Leave Use under California's Paid Family Leave Program: New Evidence from Administrative Data,108,,2574-0776,2018,TRUE,PandP
PandP-2018-1114,NA,10.1257/pandp.20181114,AEA P&P,NA,AEA Papers and Proceedings,2018-05-01,NA,Gender Peer Effects in a Predominantly Male Environment: Evidence from West Point,108,,2574-0776,2018,TRUE,PandP
PandP-2018-1115,NA,10.1257/pandp.20181115,AEA P&P,NA,AEA Papers and Proceedings,2018-05-01,NA,Time and Money: Social Security Benefits and Intergenerational Transfers,108,,2574-0776,2018,TRUE,PandP
PandP-2018-1117,NA,10.1257/pandp.20181117,AEA P&P,NA,AEA Papers and Proceedings,2018-05-01,NA,The Changing Face of Debt and Financial Fragility at Older Ages,108,,2574-0776,2018,TRUE,PandP
PandP-2018-1116,NA,10.1257/pandp.20181116,AEA P&P,NA,AEA Papers and Proceedings,2018-05-01,NA,In Debt and Approaching Retirement: Claim Social Security or Work Longer?,108,,2574-0776,2018,TRUE,PandP
PandP-2018-1118,NA,10.1257/pandp.20181118,AEA P&P,NA,AEA Papers and Proceedings,2018-05-01,NA,The Price of Labor: Evaluating the Impact of Eliminating User Fees on Maternal and Infant Health Outcomes,108,,2574-0776,2018,TRUE,PandP
PandP-2018-1007,NA,10.1257/pandp.20181007,AEA P&P,NA,AEA Papers and Proceedings,2018-05-01,NA,"Intangibles, Investment, and Efficiency",108,,2574-0776,2018,TRUE,PandP
PandP-2018-1119,NA,10.1257/pandp.20181119,AEA P&P,NA,AEA Papers and Proceedings,2018-05-01,NA,Indoor Air Pollution and Infant Mortality: A New Approach,108,,2574-0776,2018,TRUE,PandP
PandP-2018-1120,NA,10.1257/pandp.20181120,AEA P&P,NA,AEA Papers and Proceedings,2018-05-01,NA,Short-Term Impacts of a Pay-it-Forward Livestock Transfer and Training Program in Nepal,108,,2574-0776,2018,TRUE,PandP
PandP-2018-1010,NA,10.1257/pandp.20181010,AEA P&P,NA,AEA Papers and Proceedings,2018-05-01,NA,"Ownership, Concentration, and Investment",108,,2574-0776,2018,TRUE,PandP
PandP-2018-1011,NA,10.1257/pandp.20181011,AEA P&P,NA,AEA Papers and Proceedings,2018-05-01,NA,Workplace Signaling and Financial Commitment: Evidence from a Field Experiment,108,,2574-0776,2018,TRUE,PandP
PandP-2018-1014,NA,10.1257/pandp.20181014,AEA P&P,NA,AEA Papers and Proceedings,2018-05-01,NA,Salary Delays and Overdrafts in Rural Ghana,108,,2574-0776,2018,TRUE,PandP
PandP-2018-1028,NA,10.1257/pandp.20181028,AEA P&P,NA,AEA Papers and Proceedings,2018-05-01,NA,"China's Rate-Based Approach to Reducing CO<sub>2</sub> Emissions: Attractions, Limitations, and Alternatives",108,,2574-0776,2018,TRUE,PandP
PandP-2018-1035,NA,10.1257/pandp.20181035,AEA P&P,NA,AEA Papers and Proceedings,2018-05-01,NA,Measuring Welfare with Massive Online Choice Experiments: A Brief Introduction,108,,2574-0776,2018,TRUE,PandP
PandP-2018-1036,NA,10.1257/pandp.20181036,AEA P&P,NA,AEA Papers and Proceedings,2018-05-01,NA,The Empirics of Social Progress: The Interplay between Subjective Well-Being and Societal Performance,108,,2574-0776,2018,TRUE,PandP
PandP-2018-1037,NA,10.1257/pandp.20181037,AEA P&P,NA,AEA Papers and Proceedings,2018-05-01,NA,Using Online Prices for Measuring Real Consumption across Countries,108,,2574-0776,2018,TRUE,PandP
PandP-2018-1038,NA,10.1257/pandp.20181038,AEA P&P,NA,AEA Papers and Proceedings,2018-05-01,NA,"Internet Rising, Prices Falling: Measuring Inflation in a World of E-Commerce",108,,2574-0776,2018,TRUE,PandP
PandP-2018-1057,NA,10.1257/pandp.20181057,AEA P&P,NA,AEA Papers and Proceedings,2018-05-01,NA,Global Financial Cycles and the Exchange Rate Regime: A Perspective from Emerging Markets,108,,2574-0776,2018,TRUE,PandP
PandP-2018-1056,NA,10.1257/pandp.20181056,AEA P&P,NA,AEA Papers and Proceedings,2018-05-01,NA,Reach for Yield and Fickle Capital Flows,108,,2574-0776,2018,TRUE,PandP
PandP-2018-1058,NA,10.1257/pandp.20181058,AEA P&P,NA,AEA Papers and Proceedings,2018-05-01,NA,Optimal Payment Areas or Optimal Currency Areas?,108,,2574-0776,2018,TRUE,PandP
PandP-2018-1059,NA,10.1257/pandp.20181059,AEA P&P,NA,AEA Papers and Proceedings,2018-05-01,NA,Financial Cycles and Credit Growth across Countries,108,,2574-0776,2018,TRUE,PandP
PandP-2018-1060,NA,10.1257/pandp.20181060,AEA P&P,NA,AEA Papers and Proceedings,2018-05-01,NA,The Effects of Tax Changes at the Zero Lower Bound: Evidence from Japan,108,,2574-0776,2018,TRUE,PandP
PandP-2018-1061,NA,10.1257/pandp.20181061,AEA P&P,NA,AEA Papers and Proceedings,2018-05-01,NA,Unconventional Fiscal Policy,108,,2574-0776,2018,TRUE,PandP
PandP-2018-1062,NA,10.1257/pandp.20181062,AEA P&P,NA,AEA Papers and Proceedings,2018-05-01,NA,What Do We Know about the Effects of Austerity?,108,,2574-0776,2018,TRUE,PandP
PandP-2018-1063,NA,10.1257/pandp.20181063,AEA P&P,NA,AEA Papers and Proceedings,2018-05-01,NA,Exchange Rates and the Working Capital Channel of Trade Fluctuations,108,,2574-0776,2018,TRUE,PandP
PandP-2018-1064,NA,10.1257/pandp.20181064,AEA P&P,NA,AEA Papers and Proceedings,2018-05-01,NA,Foreign Safe Asset Demand for US Treasurys and the Dollar,108,,2574-0776,2018,TRUE,PandP
PandP-2018-1065,NA,10.1257/pandp.20181065,AEA P&P,NA,AEA Papers and Proceedings,2018-05-01,NA,"Trade Invoicing, Bank Funding, and Central Bank Reserve Holdings",108,,2574-0776,2018,TRUE,PandP
PandP-2018-1069,NA,10.1257/pandp.20181069,AEA P&P,NA,AEA Papers and Proceedings,2018-05-01,NA,The Welfare Consequences of Income-Induced Expenditure Switching,108,,2574-0776,2018,TRUE,PandP
PandP-2018-1070,NA,10.1257/pandp.20181070,AEA P&P,NA,AEA Papers and Proceedings,2018-05-01,NA,Wealth Redistribution after Exchange Rate Devaluations,108,,2574-0776,2018,TRUE,PandP
PandP-2018-1071,NA,10.1257/pandp.20181071,AEA P&P,NA,AEA Papers and Proceedings,2018-05-01,NA,What Is the Impact of Food Stamps on Prices and Product Variety? The Importance of the Supply Response,108,,2574-0776,2018,TRUE,PandP
PandP-2018-1072,NA,10.1257/pandp.20181072,AEA P&P,NA,AEA Papers and Proceedings,2018-05-01,NA,The Geographic Spread of a Large Devaluation,108,,2574-0776,2018,TRUE,PandP
PandP-2018-1080,NA,10.1257/pandp.20181080,AEA P&P,NA,AEA Papers and Proceedings,2018-05-01,NA,Through a Crystal Ball Darkly: The Future of Monetary Policy Communication,108,,2574-0776,2018,TRUE,PandP
PandP-.108-.605,NA,10.1257/pandp.108.605,AEA P&P,NA,AEA Papers and Proceedings,2018-05-01,NA,"Minutes of the Annual Business Meeting, Philadelphia, PA, January 5, 2016",108,,2574-0776,2018,TRUE,PandP
PandP-2018-1092,NA,10.1257/pandp.20181092,AEA P&P,NA,AEA Papers and Proceedings,2018-05-01,NA,"Economic Expectations, Voting, and Economic Decisions around Elections",108,,2574-0776,2018,TRUE,PandP
PandP-.108-.608,NA,10.1257/pandp.108.608,AEA P&P,NA,AEA Papers and Proceedings,2018-05-01,NA,Report of the Secretary,108,,2574-0776,2018,TRUE,PandP
PandP-.108-.612,NA,10.1257/pandp.108.612,AEA P&P,NA,AEA Papers and Proceedings,2018-05-01,NA,Report of the Treasurer,108,,2574-0776,2018,TRUE,PandP
PandP-.108-.616,NA,10.1257/pandp.108.616,AEA P&P,NA,AEA Papers and Proceedings,2018-05-01,NA,American Economic Association Universal Academic Questionnaire Summary Statistics,108,,2574-0776,2018,TRUE,PandP
PandP-.108-.621,NA,10.1257/pandp.108.621,AEA P&P,NA,AEA Papers and Proceedings,2018-05-01,NA,"Minutes of the Meeting of the Executive Committee Chicago, IL April 14, 2017",108,,2574-0776,2018,TRUE,PandP
PandP-.108-.628,NA,10.1257/pandp.108.628,AEA P&P,NA,AEA Papers and Proceedings,2018-05-01,NA,"Minutes of the Meeting of the Executive Committee Philadelphia, PA January 4, 2018",108,,2574-0776,2018,TRUE,PandP
PandP-.108-.636,NA,10.1257/pandp.108.636,AEA P&P,NA,AEA Papers and Proceedings,2018-05-01,NA,American Economic Review,108,,2574-0776,2018,TRUE,PandP
PandP-.108-.652,NA,10.1257/pandp.108.652,AEA P&P,NA,AEA Papers and Proceedings,2018-05-01,NA,American Economic Review: Insights,108,,2574-0776,2018,TRUE,PandP
PandP-.108-.654,NA,10.1257/pandp.108.654,AEA P&P,NA,AEA Papers and Proceedings,2018-05-01,NA,Journal of Economic Literature,108,,2574-0776,2018,TRUE,PandP
PandP-.108-.657,NA,10.1257/pandp.108.657,AEA P&P,NA,AEA Papers and Proceedings,2018-05-01,NA,Journal of Economic Perspectives,108,,2574-0776,2018,TRUE,PandP
PandP-.108-.660,NA,10.1257/pandp.108.660,AEA P&P,NA,AEA Papers and Proceedings,2018-05-01,NA,American Economic Journal: Applied Economics,108,,2574-0776,2018,TRUE,PandP
PandP-.108-.668,NA,10.1257/pandp.108.668,AEA P&P,NA,AEA Papers and Proceedings,2018-05-01,NA,American Economic Journal: Economic Policy,108,,2574-0776,2018,TRUE,PandP
PandP-.108-.677,NA,10.1257/pandp.108.677,AEA P&P,NA,AEA Papers and Proceedings,2018-05-01,NA,American Economic Journal: Macroeconomics,108,,2574-0776,2018,TRUE,PandP
PandP-.108-.686,NA,10.1257/pandp.108.686,AEA P&P,NA,AEA Papers and Proceedings,2018-05-01,NA,American Economic Journal: Microeconomics,108,,2574-0776,2018,TRUE,PandP
PandP-.108-.694,NA,10.1257/pandp.108.694,AEA P&P,NA,AEA Papers and Proceedings,2018-05-01,NA,Job Openings for Economists,108,,2574-0776,2018,TRUE,PandP
PandP-.108-.697,NA,10.1257/pandp.108.697,AEA P&P,NA,AEA Papers and Proceedings,2018-05-01,NA,Committee on Economic Education,108,,2574-0776,2018,TRUE,PandP
PandP-.108-.704,NA,10.1257/pandp.108.704,AEA P&P,NA,AEA Papers and Proceedings,2018-05-01,NA,Committee on the Status of Women in the Economics Profession (CSWEP),108,,2574-0776,2018,TRUE,PandP
PandP-.108-.722,NA,10.1257/pandp.108.722,AEA P&P,NA,AEA Papers and Proceedings,2018-05-01,NA,Committee on the Status of Minority Groups in the Economics Profession (CSMGEP),108,,2574-0776,2018,TRUE,PandP
PandP-.108-.736,NA,10.1257/pandp.108.736,AEA P&P,NA,AEA Papers and Proceedings,2018-05-01,NA,American Economic Association Committee on Statistics (AEAStat),108,,2574-0776,2018,TRUE,PandP
PandP-.108-.742,NA,10.1257/pandp.108.742,AEA P&P,NA,AEA Papers and Proceedings,2018-05-01,NA,Report of the Search Committee for the Editor of the AEJ: Macroeconomics,108,,2574-0776,2018,TRUE,PandP
PandP-.108-.739,NA,10.1257/pandp.108.739,AEA P&P,NA,AEA Papers and Proceedings,2018-05-01,NA,Committee on Government Relations,108,,2574-0776,2018,TRUE,PandP
PandP-.108-.619,NA,10.1257/pandp.108.619,AEA P&P,NA,AEA Papers and Proceedings,2018-05-01,NA,List of Online Reports,108,,2574-0776,2018,TRUE,PandP
PandP-.108-.743,NA,10.1257/pandp.108.743,AEA P&P,NA,AEA Papers and Proceedings,2018-05-01,NA,Report by Committee to Appoint the Lead Editor to AER: Insights,108,,2574-0776,2018,TRUE,PandP
PandP-.108-.745,NA,10.1257/pandp.108.745,AEA P&P,NA,AEA Papers and Proceedings,2018-05-01,NA,Report of the Search Committee to Appoint a Data Editor for the AEA,108,,2574-0776,2018,TRUE,PandP
PandP-2018-1089,NA,10.1257/pandp.20181089,AEA P&P,NA,AEA Papers and Proceedings,2018-05-01,NA,Regulating Mismeasured Pollution: Implications of Firm Heterogeneity for Environmental Policy,108,,2574-0776,2018,TRUE,PandP
PandP-2018-1030,NA,10.1257/pandp.20181030,AEA P&P,NA,AEA Papers and Proceedings,2018-05-01,NA,Institutions and Emissions Trading in China,108,,2574-0776,2018,TRUE,PandP
PandP-2018-1090,NA,10.1257/pandp.20181090,AEA P&P,NA,AEA Papers and Proceedings,2018-05-01,NA,The “Standard Error” of Event Studies: Lessons from the 2016 Election,108,,2574-0776,2018,TRUE,PandP
PandP-.109-.718,NA,10.1257/pandp.109.718,AEA P&P,NA,AEA Papers and Proceedings,2019-05-01,NA,Report by the AEA Data Editor,109,,2574-0776,2019,TRUE,PandP
PandP-2019-1000,NA,10.1257/pandp.20191000,AEA P&P,NA,AEA Papers and Proceedings,2019-05-01,NA,The Impact of Big Data on Firm Performance: An Empirical Investigation,109,,2574-0776,2019,TRUE,PandP
PandP-2019-1001,NA,10.1257/pandp.20191001,AEA P&P,NA,AEA Papers and Proceedings,2019-05-01,NA,Big Data and Firm Dynamics,109,,2574-0776,2019,TRUE,PandP
PandP-2019-1012,NA,10.1257/pandp.20191012,AEA P&P,NA,AEA Papers and Proceedings,2019-05-01,NA,How FinTech Enters China’s Credit Market,109,,2574-0776,2019,TRUE,PandP
PandP-2019-1046,NA,10.1257/pandp.20191046,AEA P&P,NA,AEA Papers and Proceedings,2019-05-01,NA,Four Years Later: Insurance Coverage and Access to Care Continue to Diverge between ACA Medicaid Expansion and Non-Expansion States,109,,2574-0776,2019,TRUE,PandP
PandP-2019-1062,NA,10.1257/pandp.20191062,AEA P&P,NA,AEA Papers and Proceedings,2019-05-01,NA,Does Environmental Policy Affect Income Inequality? Evidence from the Clean Air Act,109,,2574-0776,2019,TRUE,PandP
PandP-2019-1064,NA,10.1257/pandp.20191064,AEA P&P,NA,AEA Papers and Proceedings,2019-05-01,NA,Bringing Satellite-Based Air Quality Estimates Down to Earth,109,,2574-0776,2019,TRUE,PandP
PandP-2019-1072,NA,10.1257/pandp.20191072,AEA P&P,NA,AEA Papers and Proceedings,2019-05-01,NA,Parental Aspirations for Children’s Education: Is There a “Girl Effect”? Experimental Evidence from Rural Ethiopia,109,,2574-0776,2019,TRUE,PandP
PandP-2019-1078,NA,10.1257/pandp.20191078,AEA P&P,NA,AEA Papers and Proceedings,2019-05-01,NA,Child Penalties across Countries: Evidence and Explanations,109,,2574-0776,2019,TRUE,PandP
PandP-2019-1095,NA,10.1257/pandp.20191095,AEA P&P,NA,AEA Papers and Proceedings,2019-05-01,NA,Traditional Medicine in Central Africa,109,,2574-0776,2019,TRUE,PandP
PandP-2019-1110,NA,10.1257/pandp.20191110,AEA P&P,NA,AEA Papers and Proceedings,2019-05-01,NA,"Work of the Past, Work of the Future",109,,2574-0776,2019,TRUE,PandP
PandP-.109-.579,NA,10.1257/pandp.109.579,AEA P&P,NA,AEA Papers and Proceedings,2019-05-01,NA,"Minutes of the Annual Business Meeting Atlanta, GA, January 4, 2019",109,,2574-0776,2019,TRUE,PandP
PandP-.109-.582,NA,10.1257/pandp.109.582,AEA P&P,NA,AEA Papers and Proceedings,2019-05-01,NA,Report of the Secretary,109,,2574-0776,2019,TRUE,PandP
PandP-.109-.586,NA,10.1257/pandp.109.586,AEA P&P,NA,AEA Papers and Proceedings,2019-05-01,NA,Report of the Treasurer,109,,2574-0776,2019,TRUE,PandP
PandP-.109-.590,NA,10.1257/pandp.109.590,AEA P&P,NA,AEA Papers and Proceedings,2019-05-01,NA,American Economic Association Universal Academic Questionnaire Summary Statistics,109,,2574-0776,2019,TRUE,PandP
PandP-.109-.593,NA,10.1257/pandp.109.593,AEA P&P,NA,AEA Papers and Proceedings,2019-05-01,NA,List of Online Reports,109,,2574-0776,2019,TRUE,PandP
PandP-.109-.595,NA,10.1257/pandp.109.595,AEA P&P,NA,AEA Papers and Proceedings,2019-05-01,NA,"Minutes of the Meeting of the Executive Committee Chicago, IL April 20, 2018",109,,2574-0776,2019,TRUE,PandP
PandP-.109-.603,NA,10.1257/pandp.109.603,AEA P&P,NA,AEA Papers and Proceedings,2019-05-01,NA,"Minutes of the Meeting of the Executive Committee Atlanta, GA January 3, 2019",109,,2574-0776,2019,TRUE,PandP
PandP-.109-.612,NA,10.1257/pandp.109.612,AEA P&P,NA,AEA Papers and Proceedings,2019-05-01,NA,American Economic Review,109,,2574-0776,2019,TRUE,PandP
PandP-.109-.627,NA,10.1257/pandp.109.627,AEA P&P,NA,AEA Papers and Proceedings,2019-05-01,NA,American Economic Review: Insights,109,,2574-0776,2019,TRUE,PandP
PandP-.109-.633,NA,10.1257/pandp.109.633,AEA P&P,NA,AEA Papers and Proceedings,2019-05-01,NA,Journal of Economic Literature,109,,2574-0776,2019,TRUE,PandP
PandP-.109-.636,NA,10.1257/pandp.109.636,AEA P&P,NA,AEA Papers and Proceedings,2019-05-01,NA,Journal of Economic Perspectives,109,,2574-0776,2019,TRUE,PandP
PandP-.109-.639,NA,10.1257/pandp.109.639,AEA P&P,NA,AEA Papers and Proceedings,2019-05-01,NA,American Economic Journal: Applied Economics,109,,2574-0776,2019,TRUE,PandP
PandP-.109-.646,NA,10.1257/pandp.109.646,AEA P&P,NA,AEA Papers and Proceedings,2019-05-01,NA,American Economic Journal: Economic Policy,109,,2574-0776,2019,TRUE,PandP
PandP-.109-.653,NA,10.1257/pandp.109.653,AEA P&P,NA,AEA Papers and Proceedings,2019-05-01,NA,American Economic Journal: Macroeconomics,109,,2574-0776,2019,TRUE,PandP
PandP-.109-.660,NA,10.1257/pandp.109.660,AEA P&P,NA,AEA Papers and Proceedings,2019-05-01,NA,American Economic Journal: Microeconomics,109,,2574-0776,2019,TRUE,PandP
PandP-.109-.666,NA,10.1257/pandp.109.666,AEA P&P,NA,AEA Papers and Proceedings,2019-05-01,NA,Job Openings for Economists,109,,2574-0776,2019,TRUE,PandP
PandP-.109-.669,NA,10.1257/pandp.109.669,AEA P&P,NA,AEA Papers and Proceedings,2019-05-01,NA,Committee on Economic Education,109,,2574-0776,2019,TRUE,PandP
PandP-.109-.676,NA,10.1257/pandp.109.676,AEA P&P,NA,AEA Papers and Proceedings,2019-05-01,NA,Committee on the Status of Women in the Economics Profession (CSWEP),109,,2574-0776,2019,TRUE,PandP
PandP-.109-.695,NA,10.1257/pandp.109.695,AEA P&P,NA,AEA Papers and Proceedings,2019-05-01,NA,Committee on the Status of Minority Groups in the Economics Profession (CSMGEP),109,,2574-0776,2019,TRUE,PandP
PandP-.109-.709,NA,10.1257/pandp.109.709,AEA P&P,NA,AEA Papers and Proceedings,2019-05-01,NA,"Committee on Equity, Diversity, and Professional Conduct",109,,2574-0776,2019,TRUE,PandP
PandP-.109-.712,NA,10.1257/pandp.109.712,AEA P&P,NA,AEA Papers and Proceedings,2019-05-01,NA,American Economic Association Committee on Statistics (AEAStat),109,,2574-0776,2019,TRUE,PandP
PandP-.109-.715,NA,10.1257/pandp.109.715,AEA P&P,NA,AEA Papers and Proceedings,2019-05-01,NA,Committee on Government Relations,109,,2574-0776,2019,TRUE,PandP
PandP-.109-.717,NA,10.1257/pandp.109.717,AEA P&P,NA,AEA Papers and Proceedings,2019-05-01,NA,Report of the Search Committee for the Editor of AEJ: Economic Policy,109,,2574-0776,2019,TRUE,PandP
PandP-2019-1003,NA,10.1257/pandp.20191003,AEA P&P,NA,AEA Papers and Proceedings,2019-05-01,NA,Empirical Bayes Estimation of Treatment Effects with Many A/B Tests: An Overview,109,,2574-0776,2019,TRUE,PandP
PandP-2019-1004,NA,10.1257/pandp.20191004,AEA P&P,NA,AEA Papers and Proceedings,2019-05-01,NA,Minding Your Ps and Qs: Going from Micro to Macro in Measuring Prices and Quantities,109,,2574-0776,2019,TRUE,PandP
PandP-2019-1005,NA,10.1257/pandp.20191005,AEA P&P,NA,AEA Papers and Proceedings,2019-05-01,NA,Measuring Productivity: Lessons from Tailored Surveys and Productivity Benchmarking,109,,2574-0776,2019,TRUE,PandP
PandP-2019-1006,NA,10.1257/pandp.20191006,AEA P&P,NA,AEA Papers and Proceedings,2019-05-01,NA,Aggregation and the Gravity Equation,109,,2574-0776,2019,TRUE,PandP
PandP-2019-1007,NA,10.1257/pandp.20191007,AEA P&P,NA,AEA Papers and Proceedings,2019-05-01,NA,The Rise of the Dollar and Fall of the Euro as International Currencies,109,,2574-0776,2019,TRUE,PandP
PandP-2019-1008,NA,10.1257/pandp.20191008,AEA P&P,NA,AEA Papers and Proceedings,2019-05-01,NA,Exports and Invoicing: Evidence from the 2015 Swiss Franc Appreciation,109,,2574-0776,2019,TRUE,PandP
PandP-2019-1009,NA,10.1257/pandp.20191009,AEA P&P,NA,AEA Papers and Proceedings,2019-05-01,NA,Dollar Invoicing and the Heterogeneity of Exchange Rate Pass-Through,109,,2574-0776,2019,TRUE,PandP
PandP-2019-1010,NA,10.1257/pandp.20191010,AEA P&P,NA,AEA Papers and Proceedings,2019-05-01,NA,Mobile Wallet and Entrepreneurial Growth,109,,2574-0776,2019,TRUE,PandP
PandP-2019-1011,NA,10.1257/pandp.20191011,AEA P&P,NA,AEA Papers and Proceedings,2019-05-01,NA,Generational Differences in Managing Personal Finances,109,,2574-0776,2019,TRUE,PandP
PandP-2019-1013,NA,10.1257/pandp.20191013,AEA P&P,NA,AEA Papers and Proceedings,2019-05-01,NA,A Reason to Wait: The Effect of Legal Status on Teen Pregnancy,109,,2574-0776,2019,TRUE,PandP
PandP-2019-1014,NA,10.1257/pandp.20191014,AEA P&P,NA,AEA Papers and Proceedings,2019-05-01,NA,A Cautionary Tale about Emergency Financial Assistance without Services: Evidence from a Randomized Controlled Trial Evaluation at a Community College,109,,2574-0776,2019,TRUE,PandP
PandP-2019-1015,NA,10.1257/pandp.20191015,AEA P&P,NA,AEA Papers and Proceedings,2019-05-01,NA,Attainment Effects of Student Loans and Pell Grants,109,,2574-0776,2019,TRUE,PandP
PandP-2019-1016,NA,10.1257/pandp.20191016,AEA P&P,NA,AEA Papers and Proceedings,2019-05-01,NA,Exploring Variation in College Counselor Effectiveness,109,,2574-0776,2019,TRUE,PandP
PandP-2019-1017,NA,10.1257/pandp.20191017,AEA P&P,NA,AEA Papers and Proceedings,2019-05-01,NA,Currency Substitution under Transaction Costs,109,,2574-0776,2019,TRUE,PandP
PandP-2019-1018,NA,10.1257/pandp.20191018,AEA P&P,NA,AEA Papers and Proceedings,2019-05-01,NA,"Blockchains, Coordination, and Forks",109,,2574-0776,2019,TRUE,PandP
PandP-2019-1019,NA,10.1257/pandp.20191019,AEA P&P,NA,AEA Papers and Proceedings,2019-05-01,NA,An Economist’s Perspective on the Bitcoin Payment System,109,,2574-0776,2019,TRUE,PandP
PandP-2019-1020,NA,10.1257/pandp.20191020,AEA P&P,NA,AEA Papers and Proceedings,2019-05-01,NA,Price Discovery in Cryptocurrency Markets,109,,2574-0776,2019,TRUE,PandP
PandP-2019-1021,NA,10.1257/pandp.20191021,AEA P&P,NA,AEA Papers and Proceedings,2019-05-01,NA,Who Pays for Rent Control? Heterogeneous Landlord Response to San Francisco’s Rent Control Expansion,109,,2574-0776,2019,TRUE,PandP
PandP-2019-1022,NA,10.1257/pandp.20191022,AEA P&P,NA,AEA Papers and Proceedings,2019-05-01,NA,Ending Rent Control Reduced Crime in Cambridge,109,,2574-0776,2019,TRUE,PandP
PandP-2019-1023,NA,10.1257/pandp.20191023,AEA P&P,NA,AEA Papers and Proceedings,2019-05-01,NA,The Effects of Second-Generation Rent Control on Land Values,109,,2574-0776,2019,TRUE,PandP
PandP-2019-1024,NA,10.1257/pandp.20191024,AEA P&P,NA,AEA Papers and Proceedings,2019-05-01,NA,Spatial Misallocation and Rent Controls,109,,2574-0776,2019,TRUE,PandP
PandP-2019-1025,NA,10.1257/pandp.20191025,AEA P&P,NA,AEA Papers and Proceedings,2019-05-01,NA,Housing Supply Dynamics under Rent Control: What Can Evictions Tell Us?,109,,2574-0776,2019,TRUE,PandP
PandP-2019-1026,NA,10.1257/pandp.20191026,AEA P&P,NA,AEA Papers and Proceedings,2019-05-01,NA,"Now You See Me, Now You Don’t: The Geography of Police Stops",109,,2574-0776,2019,TRUE,PandP
PandP-2019-1027,NA,10.1257/pandp.20191027,AEA P&P,NA,AEA Papers and Proceedings,2019-05-01,NA,Using Shifts in Deployment and Operations to Test for Racial Bias in Police Stops,109,,2574-0776,2019,TRUE,PandP
PandP-2019-1028,NA,10.1257/pandp.20191028,AEA P&P,NA,AEA Papers and Proceedings,2019-05-01,NA,Police Use of Force as an Extension of Arrests: Examining Disparities across Civilian and Officer Race,109,,2574-0776,2019,TRUE,PandP
PandP-2019-1029,NA,10.1257/pandp.20191029,AEA P&P,NA,AEA Papers and Proceedings,2019-05-01,NA,The Introduction of Tasers and Police Use of Firearms: Evidence from the Chicago Police Department,109,,2574-0776,2019,TRUE,PandP
PandP-2019-1031,NA,10.1257/pandp.20191031,AEA P&P,NA,AEA Papers and Proceedings,2019-05-01,NA,How (Not) to Allocate Affordable Housing,109,,2574-0776,2019,TRUE,PandP
PandP-2019-1032,NA,10.1257/pandp.20191032,AEA P&P,NA,AEA Papers and Proceedings,2019-05-01,NA,Matching with Stochastic Arrival,109,,2574-0776,2019,TRUE,PandP
PandP-2019-1035,NA,10.1257/pandp.20191035,AEA P&P,NA,AEA Papers and Proceedings,2019-05-01,NA,Simplified Distributional National Accounts,109,,2574-0776,2019,TRUE,PandP
PandP-2019-1036,NA,10.1257/pandp.20191036,AEA P&P,NA,AEA Papers and Proceedings,2019-05-01,NA,Unequal Distributions: EG DNA versus DINA Approach,109,,2574-0776,2019,TRUE,PandP
PandP-2019-1037,NA,10.1257/pandp.20191037,AEA P&P,NA,AEA Papers and Proceedings,2019-05-01,NA,Improving the Measure of the Distribution of Personal Income,109,,2574-0776,2019,TRUE,PandP
PandP-2019-1038,NA,10.1257/pandp.20191038,AEA P&P,NA,AEA Papers and Proceedings,2019-05-01,NA,Top 1 Percent Income Shares: Comparing Estimates Using Tax Data,109,,2574-0776,2019,TRUE,PandP
PandP-2019-1039,NA,10.1257/pandp.20191039,AEA P&P,NA,AEA Papers and Proceedings,2019-05-01,NA,The Rise of the Gig Economy: Fact or Fiction?,109,,2574-0776,2019,TRUE,PandP
PandP-2019-1040,NA,10.1257/pandp.20191040,AEA P&P,NA,AEA Papers and Proceedings,2019-05-01,NA,The Evolution of the Online Platform Economy: Evidence from Five Years of Banking Data,109,,2574-0776,2019,TRUE,PandP
PandP-2019-1041,NA,10.1257/pandp.20191041,AEA P&P,NA,AEA Papers and Proceedings,2019-05-01,NA,What Do Big Data Tell Us about Why People Take Gig Economy Jobs?,109,,2574-0776,2019,TRUE,PandP
PandP-2019-1042,NA,10.1257/pandp.20191042,AEA P&P,NA,AEA Papers and Proceedings,2019-05-01,NA,Older Workers and the Gig Economy,109,,2574-0776,2019,TRUE,PandP
PandP-2019-1043,NA,10.1257/pandp.20191043,AEA P&P,NA,AEA Papers and Proceedings,2019-05-01,NA,Profit Shifting in a Globalized World,109,,2574-0776,2019,TRUE,PandP
PandP-2019-1044,NA,10.1257/pandp.20191044,AEA P&P,NA,AEA Papers and Proceedings,2019-05-01,NA,How Elastic is the Demand for Tax Havens? Evidence from the US Possessions Corporations Tax Credit<sup>†</sup>,109,,2574-0776,2019,TRUE,PandP
PandP-2019-1045,NA,10.1257/pandp.20191045,AEA P&P,NA,AEA Papers and Proceedings,2019-05-01,NA,Challenges of Monitoring Tax Compliance by Multinational Firms: Evidence from Chile,109,,2574-0776,2019,TRUE,PandP
PandP-2019-1047,NA,10.1257/pandp.20191047,AEA P&P,NA,AEA Papers and Proceedings,2019-05-01,NA,Does Elite Capture Matter? Local Elites and Targeted Welfare Programs in Indonesia,109,,2574-0776,2019,TRUE,PandP
PandP-2019-1048,NA,10.1257/pandp.20191048,AEA P&P,NA,AEA Papers and Proceedings,2019-05-01,NA,Long-Term Treatment Effects of Job Search Assistance and Training: A Summary of Recent Evidence,109,,2574-0776,2019,TRUE,PandP
PandP-2019-1049,NA,10.1257/pandp.20191049,AEA P&P,NA,AEA Papers and Proceedings,2019-05-01,NA,Noisy Memory and Over-Reaction to News,109,,2574-0776,2019,TRUE,PandP
PandP-2019-1050,NA,10.1257/pandp.20191050,AEA P&P,NA,AEA Papers and Proceedings,2019-05-01,NA,Cognitive Abilities and Inflation Expectations,109,,2574-0776,2019,TRUE,PandP
PandP-2019-1051,NA,10.1257/pandp.20191051,AEA P&P,NA,AEA Papers and Proceedings,2019-05-01,NA,Emotional Tagging and Belief Formation: The Long-Lasting Effects of Experiencing Communism,109,,2574-0776,2019,TRUE,PandP
PandP-2019-1052,NA,10.1257/pandp.20191052,AEA P&P,NA,AEA Papers and Proceedings,2019-05-01,NA,Memory and Reference Prices: An Application to Rental Choice,109,,2574-0776,2019,TRUE,PandP
PandP-2019-1053,NA,10.1257/pandp.20191053,AEA P&P,NA,AEA Papers and Proceedings,2019-05-01,NA,New Evidence on the Cyclicality of Employer-to-Employer Flows from Canada,109,,2574-0776,2019,TRUE,PandP
PandP-2019-1054,NA,10.1257/pandp.20191054,AEA P&P,NA,AEA Papers and Proceedings,2019-05-01,NA,Flow Origins of Labor Force Participation Fluctuations,109,,2574-0776,2019,TRUE,PandP
PandP-2019-1055,NA,10.1257/pandp.20191055,AEA P&P,NA,AEA Papers and Proceedings,2019-05-01,NA,Is Inflation Just Around the Corner? The Phillips Curve and Global Inflationary Pressures,109,,2574-0776,2019,TRUE,PandP
PandP-2019-1056,NA,10.1257/pandp.20191056,AEA P&P,NA,AEA Papers and Proceedings,2019-05-01,NA,"Macroprudential Policy: What We’ve Learned, Don’t Know, and Need to Do",109,,2574-0776,2019,TRUE,PandP
PandP-2019-1057,NA,10.1257/pandp.20191057,AEA P&P,NA,AEA Papers and Proceedings,2019-05-01,NA,China versus the United States: IMS Meets IPS,109,,2574-0776,2019,TRUE,PandP
PandP-2019-1058,NA,10.1257/pandp.20191058,AEA P&P,NA,AEA Papers and Proceedings,2019-05-01,NA,Some Principles for Regulating Cyber Risk,109,,2574-0776,2019,TRUE,PandP
PandP-2019-1059,NA,10.1257/pandp.20191059,AEA P&P,NA,AEA Papers and Proceedings,2019-05-01,NA,Intergenerational Human Capital Spillovers: Indonesia’s School Construction and Its Effects on the Next Generation,109,,2574-0776,2019,TRUE,PandP
PandP-2019-1060,NA,10.1257/pandp.20191060,AEA P&P,NA,AEA Papers and Proceedings,2019-05-01,NA,"The Right to Education Act: Trends in Enrollment, Test Scores, and School Quality",109,,2574-0776,2019,TRUE,PandP
PandP-2019-1061,NA,10.1257/pandp.20191061,AEA P&P,NA,AEA Papers and Proceedings,2019-05-01,NA,US Criminal Deportations and Human Capital in Central America,109,,2574-0776,2019,TRUE,PandP
PandP-2019-1063,NA,10.1257/pandp.20191063,AEA P&P,NA,AEA Papers and Proceedings,2019-05-01,NA,Discrimination in Ambient Air Pollution Monitoring?,109,,2574-0776,2019,TRUE,PandP
PandP-2019-1065,NA,10.1257/pandp.20191065,AEA P&P,NA,AEA Papers and Proceedings,2019-05-01,NA,Fading Stars,109,,2574-0776,2019,TRUE,PandP
PandP-2019-1066,NA,10.1257/pandp.20191066,AEA P&P,NA,AEA Papers and Proceedings,2019-05-01,NA,Common Ownership and the Secular Stagnation Hypothesis,109,,2574-0776,2019,TRUE,PandP
PandP-2019-1068,NA,10.1257/pandp.20191068,AEA P&P,NA,AEA Papers and Proceedings,2019-05-01,NA,Measuring Labor Market Power Two Ways,109,,2574-0776,2019,TRUE,PandP
PandP-2019-1069,NA,10.1257/pandp.20191069,AEA P&P,NA,AEA Papers and Proceedings,2019-05-01,NA,Ensemble Methods for Causal Effects in Panel Data Settings,109,,2574-0776,2019,TRUE,PandP
PandP-2019-1070,NA,10.1257/pandp.20191070,AEA P&P,NA,AEA Papers and Proceedings,2019-05-01,NA,Augmenting Pre-Analysis Plans with Machine Learning,109,,2574-0776,2019,TRUE,PandP
PandP-2019-1071,NA,10.1257/pandp.20191071,AEA P&P,NA,AEA Papers and Proceedings,2019-05-01,NA,Mastering Panel Metrics: Causal Impact of Democracy on Growth,109,,2574-0776,2019,TRUE,PandP
PandP-2019-1073,NA,10.1257/pandp.20191073,AEA P&P,NA,AEA Papers and Proceedings,2019-05-01,NA,"Entertainment, Education, and Attitudes Toward Domestic Violence",109,,2574-0776,2019,TRUE,PandP
PandP-2019-1074,NA,10.1257/pandp.20191074,AEA P&P,NA,AEA Papers and Proceedings,2019-05-01,NA,Changing Family Attitudes to Promote Female Employment,109,,2574-0776,2019,TRUE,PandP
PandP-2019-1077,NA,10.1257/pandp.20191077,AEA P&P,NA,AEA Papers and Proceedings,2019-05-01,NA,The Gender Socialization of Children Growing Up in Nontraditional Families,109,,2574-0776,2019,TRUE,PandP
PandP-2019-1079,NA,10.1257/pandp.20191079,AEA P&P,NA,AEA Papers and Proceedings,2019-05-01,NA,A Well-Being Snapshot in a Changing World,109,,2574-0776,2019,TRUE,PandP
PandP-2019-1081,NA,10.1257/pandp.20191081,AEA P&P,NA,AEA Papers and Proceedings,2019-05-01,NA,Economic Institutions and Social Progress,109,,2574-0776,2019,TRUE,PandP
PandP-2019-1082,NA,10.1257/pandp.20191082,AEA P&P,NA,AEA Papers and Proceedings,2019-05-01,NA,Monetary Policy Strategies for a Low-Rate Environment,109,,2574-0776,2019,TRUE,PandP
PandP-2019-1083,NA,10.1257/pandp.20191083,AEA P&P,NA,AEA Papers and Proceedings,2019-05-01,NA,Monetary Policy Frameworks and the Effective Lower Bound on Interest Rates,109,,2574-0776,2019,TRUE,PandP
PandP-2019-1084,NA,10.1257/pandp.20191084,AEA P&P,NA,AEA Papers and Proceedings,2019-05-01,NA,Policy Options at the Zero Lower Bound When Foresight is Limited,109,,2574-0776,2019,TRUE,PandP
PandP-2019-1085,NA,10.1257/pandp.20191085,AEA P&P,NA,AEA Papers and Proceedings,2019-05-01,NA,Disenfranchisement and Economic Inequality: Downstream Effects of Shelby County v. Holder,109,,2574-0776,2019,TRUE,PandP
PandP-2019-1086,NA,10.1257/pandp.20191086,AEA P&P,NA,AEA Papers and Proceedings,2019-05-01,NA,Labor Market Conditions and Discrimination: Is There a Link?,109,,2574-0776,2019,TRUE,PandP
PandP-2019-1087,NA,10.1257/pandp.20191087,AEA P&P,NA,AEA Papers and Proceedings,2019-05-01,NA,Student Debt and Labor Market Outcomes,109,,2574-0776,2019,TRUE,PandP
PandP-2019-1088,NA,10.1257/pandp.20191088,AEA P&P,NA,AEA Papers and Proceedings,2019-05-01,NA,"Minimum Wages, Morality, and Efficiency: A Choice Experiment",109,,2574-0776,2019,TRUE,PandP
PandP-2019-1089,NA,10.1257/pandp.20191089,AEA P&P,NA,AEA Papers and Proceedings,2019-05-01,NA,The Burgeoning Health Care Needs of Aging Prisoners,109,,2574-0776,2019,TRUE,PandP
PandP-2019-1090,NA,10.1257/pandp.20191090,AEA P&P,NA,AEA Papers and Proceedings,2019-05-01,NA,Examining Medicaid Expansion and the Treatment of Substance Use Disorders,109,,2574-0776,2019,TRUE,PandP
PandP-2019-1091,NA,10.1257/pandp.20191091,AEA P&P,NA,AEA Papers and Proceedings,2019-05-01,NA,"Drug Violence, Immigration Enforcement, and Selectivity: Evidence from Mexican Immigrants",109,,2574-0776,2019,TRUE,PandP
PandP-2019-1092,NA,10.1257/pandp.20191092,AEA P&P,NA,AEA Papers and Proceedings,2019-05-01,NA,The Child Left Behind: Parental Incarceration and Adult Human Capital in the United States,109,,2574-0776,2019,TRUE,PandP
PandP-2019-1093,NA,10.1257/pandp.20191093,AEA P&P,NA,AEA Papers and Proceedings,2019-05-01,NA,The Quality of Banks at Stigmatized Lending Facilities,109,,2574-0776,2019,TRUE,PandP
PandP-2019-1094,NA,10.1257/pandp.20191094,AEA P&P,NA,AEA Papers and Proceedings,2019-05-01,NA,Does Getting Health Insurance Affect Women’s Fertility? Evidence from the United Mine Workers’ Health Insurance,109,,2574-0776,2019,TRUE,PandP
PandP-2019-1096,NA,10.1257/pandp.20191096,AEA P&P,NA,AEA Papers and Proceedings,2019-05-01,NA,Gender Equality and Positive Action: Evidence from UK Universities,109,,2574-0776,2019,TRUE,PandP
PandP-2019-1097,NA,10.1257/pandp.20191097,AEA P&P,NA,AEA Papers and Proceedings,2019-05-01,NA,Does Simple Information Provision Lead to More Diverse Classrooms? Evidence from a Field Experiment on Undergraduate Economics,109,,2574-0776,2019,TRUE,PandP
PandP-2019-1098,NA,10.1257/pandp.20191098,AEA P&P,NA,AEA Papers and Proceedings,2019-05-01,NA,Does Maternal Education Decrease Female Genital Cutting?,109,,2574-0776,2019,TRUE,PandP
PandP-2019-1099,NA,10.1257/pandp.20191099,AEA P&P,NA,AEA Papers and Proceedings,2019-05-01,NA,Information and Communication in Organizations,109,,2574-0776,2019,TRUE,PandP
PandP-2019-1100,NA,10.1257/pandp.20191100,AEA P&P,NA,AEA Papers and Proceedings,2019-05-01,NA,Neutral Bargaining in Financial Over-The-Counter Markets,109,,2574-0776,2019,TRUE,PandP
PandP-2019-1101,NA,10.1257/pandp.20191101,AEA P&P,NA,AEA Papers and Proceedings,2019-05-01,NA,Optimal Information Design for Search Goods,109,,2574-0776,2019,TRUE,PandP
PandP-2019-1102,NA,10.1257/pandp.20191102,AEA P&P,NA,AEA Papers and Proceedings,2019-05-01,NA,Toward the Next Generation of Scholarship: Challenges and Opportunities for Full Participation in PhD Training in Economics,109,,2574-0776,2019,TRUE,PandP
PandP-2019-1103,NA,10.1257/pandp.20191103,AEA P&P,NA,AEA Papers and Proceedings,2019-05-01,NA,The Gender Gap in Undergraduate Economics Course Persistence and Degree Selection,109,,2574-0776,2019,TRUE,PandP
PandP-2019-1104,NA,10.1257/pandp.20191104,AEA P&P,NA,AEA Papers and Proceedings,2019-05-01,NA,Gender Bias and Temporal Effects in Standard Evaluations of Teaching,109,,2574-0776,2019,TRUE,PandP
PandP-2019-1105,NA,10.1257/pandp.20191105,AEA P&P,NA,AEA Papers and Proceedings,2019-05-01,NA,Grades in Economics and Other Undergraduate Courses,109,,2574-0776,2019,TRUE,PandP
PandP-2019-1106,NA,10.1257/pandp.20191106,AEA P&P,NA,AEA Papers and Proceedings,2019-05-01,NA,Why the Economics Profession Must Actively Participate in the Privacy Protection Debate,109,,2574-0776,2019,TRUE,PandP
PandP-2019-1107,NA,10.1257/pandp.20191107,AEA P&P,NA,AEA Papers and Proceedings,2019-05-01,NA,Differential Privacy and Census Data: Implications for Social and Economic Research,109,,2574-0776,2019,TRUE,PandP
PandP-2019-1108,NA,10.1257/pandp.20191108,AEA P&P,NA,AEA Papers and Proceedings,2019-05-01,NA,Reconciling Data Access and Privacy: Building a Sustainable Model for the Future,109,,2574-0776,2019,TRUE,PandP
PandP-2019-1109,NA,10.1257/pandp.20191109,AEA P&P,NA,AEA Papers and Proceedings,2019-05-01,NA,A Practical Method to Reduce Privacy Loss When Disclosing Statistics Based on Small Samples,109,,2574-0776,2019,TRUE,PandP
PandP-2020-1102,NA,10.1257/pandp.20201102,AEA P&P,NA,AEA Papers and Proceedings,2020-05-01,NA,A Skeptic’s Guide to Modern Monetary Theory,110,,2574-0776,2020,TRUE,PandP
PandP-.110-.627,NA,10.1257/pandp.110.627,AEA P&P,NA,AEA Papers and Proceedings,2020-05-01,NA,"Minutes of the Annual Business Meeting, San Diego, CA, January 3, 2020",110,,2574-0776,2020,TRUE,PandP
PandP-.110-.631,NA,10.1257/pandp.110.631,AEA P&P,NA,AEA Papers and Proceedings,2020-05-01,NA,Report of the Secretary,110,,2574-0776,2020,TRUE,PandP
PandP-.110-.635,NA,10.1257/pandp.110.635,AEA P&P,NA,AEA Papers and Proceedings,2020-05-01,NA,Report of the Treasurer,110,,2574-0776,2020,TRUE,PandP
PandP-.110-.639,NA,10.1257/pandp.110.639,AEA P&P,NA,AEA Papers and Proceedings,2020-05-01,NA,American Economic Association 2019–2020 Universal Academic Questionnaire Summary Statistics,110,,2574-0776,2020,TRUE,PandP
PandP-.110-.642,NA,10.1257/pandp.110.642,AEA P&P,NA,AEA Papers and Proceedings,2020-05-01,NA,List of Online Reports,110,,2574-0776,2020,TRUE,PandP
PandP-.110-.643,NA,10.1257/pandp.110.643,AEA P&P,NA,AEA Papers and Proceedings,2020-05-01,NA,"Minutes of the Meeting of the Executive Committee Chicago, IL, April 26, 2019",110,,2574-0776,2020,TRUE,PandP
PandP-.110-.650,NA,10.1257/pandp.110.650,AEA P&P,NA,AEA Papers and Proceedings,2020-05-01,NA,"Minutes of the Meeting of the Executive Committee San Diego, CA, January 2, 2020",110,,2574-0776,2020,TRUE,PandP
PandP-.110-.660,NA,10.1257/pandp.110.660,AEA P&P,NA,AEA Papers and Proceedings,2020-05-01,NA,American Economic Review,110,,2574-0776,2020,TRUE,PandP
PandP-.110-.675,NA,10.1257/pandp.110.675,AEA P&P,NA,AEA Papers and Proceedings,2020-05-01,NA,American Economic Review: Insights,110,,2574-0776,2020,TRUE,PandP
PandP-.110-.682,NA,10.1257/pandp.110.682,AEA P&P,NA,AEA Papers and Proceedings,2020-05-01,NA,Journal of Economic Literature,110,,2574-0776,2020,TRUE,PandP
PandP-.110-.686,NA,10.1257/pandp.110.686,AEA P&P,NA,AEA Papers and Proceedings,2020-05-01,NA,Journal of Economic Perspectives,110,,2574-0776,2020,TRUE,PandP
PandP-.110-.689,NA,10.1257/pandp.110.689,AEA P&P,NA,AEA Papers and Proceedings,2020-05-01,NA,American Economic Journal: Applied Economics,110,,2574-0776,2020,TRUE,PandP
PandP-.110-.695,NA,10.1257/pandp.110.695,AEA P&P,NA,AEA Papers and Proceedings,2020-05-01,NA,American Economic Journal: Economic Policy,110,,2574-0776,2020,TRUE,PandP
PandP-.110-.703,NA,10.1257/pandp.110.703,AEA P&P,NA,AEA Papers and Proceedings,2020-05-01,NA,American Economic Journal: Macroeconomics,110,,2574-0776,2020,TRUE,PandP
PandP-.110-.710,NA,10.1257/pandp.110.710,AEA P&P,NA,AEA Papers and Proceedings,2020-05-01,NA,American Economic Journal: Microeconomics,110,,2574-0776,2020,TRUE,PandP
PandP-.110-.716,NA,10.1257/pandp.110.716,AEA P&P,NA,AEA Papers and Proceedings,2020-05-01,NA,Job Openings for Economists,110,,2574-0776,2020,TRUE,PandP
PandP-.110-.719,NA,10.1257/pandp.110.719,AEA P&P,NA,AEA Papers and Proceedings,2020-05-01,NA,Committee on Economic Education,110,,2574-0776,2020,TRUE,PandP
PandP-.110-.726,NA,10.1257/pandp.110.726,AEA P&P,NA,AEA Papers and Proceedings,2020-05-01,NA,Committee on the Status of Women in the Economics Profession (CSWEP),110,,2574-0776,2020,TRUE,PandP
PandP-.110-.737,NA,10.1257/pandp.110.737,AEA P&P,NA,AEA Papers and Proceedings,2020-05-01,NA,Committee on the Status of Minority Groups in the Economics Profession (CSMGEP),110,,2574-0776,2020,TRUE,PandP
PandP-.110-.752,NA,10.1257/pandp.110.752,AEA P&P,NA,AEA Papers and Proceedings,2020-05-01,NA,Committee on Status of LGBTQ+ Individuals in the Economics Profession (CSQIEP),110,,2574-0776,2020,TRUE,PandP
PandP-.110-.754,NA,10.1257/pandp.110.754,AEA P&P,NA,AEA Papers and Proceedings,2020-05-01,NA,"Committee on Equity, Diversity, and Professional Conduct (CEDPC)",110,,2574-0776,2020,TRUE,PandP
PandP-.110-.755,NA,10.1257/pandp.110.755,AEA P&P,NA,AEA Papers and Proceedings,2020-05-01,NA,American Economic Association Committee on Statistics (AEAStat),110,,2574-0776,2020,TRUE,PandP
PandP-.110-.759,NA,10.1257/pandp.110.759,AEA P&P,NA,AEA Papers and Proceedings,2020-05-01,NA,Committee on Government Relations (CGR),110,,2574-0776,2020,TRUE,PandP
PandP-.110-.762,NA,10.1257/pandp.110.762,AEA P&P,NA,AEA Papers and Proceedings,2020-05-01,NA,Report of the Search Committee for the Editor of the <i>AEJ: Applied Economics</i>,110,,2574-0776,2020,TRUE,PandP
PandP-.110-.763,NA,10.1257/pandp.110.763,AEA P&P,NA,AEA Papers and Proceedings,2020-05-01,NA,Report of the Search Committee for the Editor of the <i>AEJ: Microeconomics</i>,110,,2574-0776,2020,TRUE,PandP
PandP-.110-.764,NA,10.1257/pandp.110.764,AEA P&P,NA,AEA Papers and Proceedings,2020-05-01,NA,Report by the AEA Data Editor,110,,2574-0776,2020,TRUE,PandP
PandP-.110-.776,NA,10.1257/pandp.110.776,AEA P&P,NA,AEA Papers and Proceedings,2020-05-01,NA,AEA Data and Code Availability Policy,110,,2574-0776,2020,TRUE,PandP
PandP-2020-1000,NA,10.1257/pandp.20201000,AEA P&P,NA,AEA Papers and Proceedings,2020-05-01,NA,Economics after Neoliberalism: Introducing the EfIP Project,110,,2574-0776,2020,TRUE,PandP
PandP-2020-1001,NA,10.1257/pandp.20201001,AEA P&P,NA,AEA Papers and Proceedings,2020-05-01,NA,Shrinking Capitalism,110,,2574-0776,2020,TRUE,PandP
PandP-2020-1002,NA,10.1257/pandp.20201002,AEA P&P,NA,AEA Papers and Proceedings,2020-05-01,NA,The Political Limits of Economics,110,,2574-0776,2020,TRUE,PandP
PandP-2020-1016,NA,10.1257/pandp.20201016,AEA P&P,NA,AEA Papers and Proceedings,2020-05-01,NA,The Economics of Viral Outbreaks,110,,2574-0776,2020,TRUE,PandP
PandP-2020-1022,NA,10.1257/pandp.20201022,AEA P&P,NA,AEA Papers and Proceedings,2020-05-01,NA,Banking Panics as Endogenous Disasters and the Welfare Gains from Macroprudential Policy,110,,2574-0776,2020,TRUE,PandP
PandP-2020-1025,NA,10.1257/pandp.20201025,AEA P&P,NA,AEA Papers and Proceedings,2020-05-01,NA,Theory and Measurement of Common Ownership,110,,2574-0776,2020,TRUE,PandP
PandP-2020-1028,NA,10.1257/pandp.20201028,AEA P&P,NA,AEA Papers and Proceedings,2020-05-01,NA,"Active Investors, Passive Investors, and Common Ownership",110,,2574-0776,2020,TRUE,PandP
PandP-2020-1034,NA,10.1257/pandp.20201034,AEA P&P,NA,AEA Papers and Proceedings,2020-05-01,NA,The Allocation of Decision Authority to Human and Artificial Intelligence,110,,2574-0776,2020,TRUE,PandP
PandP-2020-1036,NA,10.1257/pandp.20201036,AEA P&P,NA,AEA Papers and Proceedings,2020-05-01,NA,An Economic Perspective on Algorithmic Fairness,110,,2574-0776,2020,TRUE,PandP
PandP-2020-1037,NA,10.1257/pandp.20201037,AEA P&P,NA,AEA Papers and Proceedings,2020-05-01,NA,Algorithmic Social Engineering,110,,2574-0776,2020,TRUE,PandP
PandP-2020-1054,NA,10.1257/pandp.20201054,AEA P&P,NA,AEA Papers and Proceedings,2020-05-01,NA,Measuring the Impact of Free Goods on Real Household Consumption,110,,2574-0776,2020,TRUE,PandP
PandP-2020-1059,NA,10.1257/pandp.20201059,AEA P&P,NA,AEA Papers and Proceedings,2020-05-01,NA,In Praise of Confidence Intervals,110,,2574-0776,2020,TRUE,PandP
PandP-2020-1060,NA,10.1257/pandp.20201060,AEA P&P,NA,AEA Papers and Proceedings,2020-05-01,NA,Internalizing Externalities: Designing Effective Data Policies,110,,2574-0776,2020,TRUE,PandP
PandP-2020-1066,NA,10.1257/pandp.20201066,AEA P&P,NA,AEA Papers and Proceedings,2020-05-01,NA,Visible Hands: Governance of Value Creation—Within Firms and Beyond,110,,2574-0776,2020,TRUE,PandP
PandP-2020-1067,NA,10.1257/pandp.20201067,AEA P&P,NA,AEA Papers and Proceedings,2020-05-01,NA,Tackling Climate Change Requires Organizational Purpose,110,,2574-0776,2020,TRUE,PandP
PandP-2020-1068,NA,10.1257/pandp.20201068,AEA P&P,NA,AEA Papers and Proceedings,2020-05-01,NA,Measuring Collaboration in Modern Organizations,110,,2574-0776,2020,TRUE,PandP
PandP-2020-1072,NA,10.1257/pandp.20201072,AEA P&P,NA,AEA Papers and Proceedings,2020-05-01,NA,The Polarization of Reality,110,,2574-0776,2020,TRUE,PandP
PandP-2020-1088,NA,10.1257/pandp.20201088,AEA P&P,NA,AEA Papers and Proceedings,2020-05-01,NA,"Diversity, Immigration, and Redistribution",110,,2574-0776,2020,TRUE,PandP
PandP-2020-1091,NA,10.1257/pandp.20201091,AEA P&P,NA,AEA Papers and Proceedings,2020-05-01,NA,"Knowledge, Stories, and Culture in Organizations",110,,2574-0776,2020,TRUE,PandP
PandP-2020-1093,NA,10.1257/pandp.20201093,AEA P&P,NA,AEA Papers and Proceedings,2020-05-01,NA,Stories at Work,110,,2574-0776,2020,TRUE,PandP
PandP-2020-1103,NA,10.1257/pandp.20201103,AEA P&P,NA,AEA Papers and Proceedings,2020-05-01,NA,Are Large Deficits and Debt Dangerous?,110,,2574-0776,2020,TRUE,PandP
PandP-2020-1104,NA,10.1257/pandp.20201104,AEA P&P,NA,AEA Papers and Proceedings,2020-05-01,NA,Leveraging Posterity’s Prosperity?,110,,2574-0776,2020,TRUE,PandP
PandP-2020-1105,NA,10.1257/pandp.20201105,AEA P&P,NA,AEA Papers and Proceedings,2020-05-01,NA,Simulating the Blanchard Conjecture in a Multiperiod Life Cycle Model,110,,2574-0776,2020,TRUE,PandP
PandP-2020-1107,NA,10.1257/pandp.20201107,AEA P&P,NA,AEA Papers and Proceedings,2020-05-01,NA,What Happens after an Abortion Denial? A Review of Results from the Turnaway Study,110,,2574-0776,2020,TRUE,PandP
PandP-2021-1016,NA,10.1257/pandp.20211016,AEA P&P,NA,AEA Papers and Proceedings,2021-05-01,NA,Disparities in Health Care and Medical Evaluations by Gender: A Review of Evidence and Mechanisms,111,,2574-0776,2021,TRUE,PandP
PandP-2021-1054,NA,10.1257/pandp.20211054,AEA P&P,NA,AEA Papers and Proceedings,2021-05-01,NA,Constrained Retrospective Search,111,,2574-0776,2021,TRUE,PandP
PandP-2021-1078,NA,10.1257/pandp.20211078,AEA P&P,NA,AEA Papers and Proceedings,2021-05-01,NA,On the Inequity of Predicting A While Hoping for B,111,,2574-0776,2021,TRUE,PandP
PandP-.111-.633,NA,10.1257/pandp.111.633,AEA P&P,NA,AEA Papers and Proceedings,2021-05-01,NA,"Minutes of the Annual Business Meeting via Zoom, January 3, 2021",111,,2574-0776,2021,TRUE,PandP
PandP-.111-.637,NA,10.1257/pandp.111.637,AEA P&P,NA,AEA Papers and Proceedings,2021-05-01,NA,Report of the Secretary,111,,2574-0776,2021,TRUE,PandP
PandP-.111-.642,NA,10.1257/pandp.111.642,AEA P&P,NA,AEA Papers and Proceedings,2021-05-01,NA,Report of the Treasurer,111,,2574-0776,2021,TRUE,PandP
PandP-.111-.647,NA,10.1257/pandp.111.647,AEA P&P,NA,AEA Papers and Proceedings,2021-05-01,NA,American Economic Association 2020–2021 Universal Academic Questionnaire Summary Statistics,111,,2574-0776,2021,TRUE,PandP
PandP-.111-.650,NA,10.1257/pandp.111.650,AEA P&P,NA,AEA Papers and Proceedings,2021-05-01,NA,List of Online Reports,111,,2574-0776,2021,TRUE,PandP
PandP-.111-.651,NA,10.1257/pandp.111.651,AEA P&P,NA,AEA Papers and Proceedings,2021-05-01,NA,"Minutes of the Meeting of the Executive Committee via Zoom, April 24, 2020",111,,2574-0776,2021,TRUE,PandP
PandP-.111-.659,NA,10.1257/pandp.111.659,AEA P&P,NA,AEA Papers and Proceedings,2021-05-01,NA,"Minutes of the Meeting of the Executive Committee via Zoom, January 2, 2021",111,,2574-0776,2021,TRUE,PandP
PandP-.111-.669,NA,10.1257/pandp.111.669,AEA P&P,NA,AEA Papers and Proceedings,2021-05-01,NA,<i>American Economic Review</i>,111,,2574-0776,2021,TRUE,PandP
PandP-.111-.686,NA,10.1257/pandp.111.686,AEA P&P,NA,AEA Papers and Proceedings,2021-05-01,NA,<i>American Economic Review: Insights</i>,111,,2574-0776,2021,TRUE,PandP
PandP-.111-.694,NA,10.1257/pandp.111.694,AEA P&P,NA,AEA Papers and Proceedings,2021-05-01,NA,<i>Journal of Economic Literature</i>,111,,2574-0776,2021,TRUE,PandP
PandP-.111-.698,NA,10.1257/pandp.111.698,AEA P&P,NA,AEA Papers and Proceedings,2021-05-01,NA,<i>Journal of Economic Perspectives</i>,111,,2574-0776,2021,TRUE,PandP
PandP-.111-.701,NA,10.1257/pandp.111.701,AEA P&P,NA,AEA Papers and Proceedings,2021-05-01,NA,<i>American Economic Journal: Applied Economics</i>,111,,2574-0776,2021,TRUE,PandP
PandP-.111-.708,NA,10.1257/pandp.111.708,AEA P&P,NA,AEA Papers and Proceedings,2021-05-01,NA,<i>American Economic Journal: Economic Policy</i>,111,,2574-0776,2021,TRUE,PandP
PandP-.111-.718,NA,10.1257/pandp.111.718,AEA P&P,NA,AEA Papers and Proceedings,2021-05-01,NA,<i>American Economic Journal: Macroeconomics</i>,111,,2574-0776,2021,TRUE,PandP
PandP-.111-.725,NA,10.1257/pandp.111.725,AEA P&P,NA,AEA Papers and Proceedings,2021-05-01,NA,<i>American Economic Journal: Microeconomics</i>,111,,2574-0776,2021,TRUE,PandP
PandP-.111-.732,NA,10.1257/pandp.111.732,AEA P&P,NA,AEA Papers and Proceedings,2021-05-01,NA,<i>Job Openings for Economists</i>,111,,2574-0776,2021,TRUE,PandP
PandP-.111-.735,NA,10.1257/pandp.111.735,AEA P&P,NA,AEA Papers and Proceedings,2021-05-01,NA,Committee on Economic Education,111,,2574-0776,2021,TRUE,PandP
PandP-.111-.742,NA,10.1257/pandp.111.742,AEA P&P,NA,AEA Papers and Proceedings,2021-05-01,NA,Committee on the Status of Women in the Economics Profession (CSWEP),111,,2574-0776,2021,TRUE,PandP
PandP-.111-.764,NA,10.1257/pandp.111.764,AEA P&P,NA,AEA Papers and Proceedings,2021-05-01,NA,Committee on the Status of Minority Groups in the Economics Profession (CSMGEP),111,,2574-0776,2021,TRUE,PandP
PandP-.111-.780,NA,10.1257/pandp.111.780,AEA P&P,NA,AEA Papers and Proceedings,2021-05-01,NA,Committee on the Status of LGBTQ+ Individuals in the Economics Profession (CSQIEP),111,,2574-0776,2021,TRUE,PandP
PandP-.111-.782,NA,10.1257/pandp.111.782,AEA P&P,NA,AEA Papers and Proceedings,2021-05-01,NA,American Economic Association Committee on Statistics (AEAStat),111,,2574-0776,2021,TRUE,PandP
PandP-.111-.785,NA,10.1257/pandp.111.785,AEA P&P,NA,AEA Papers and Proceedings,2021-05-01,NA,Committee on Government Relations (CGR),111,,2574-0776,2021,TRUE,PandP
PandP-.111-.787,NA,10.1257/pandp.111.787,AEA P&P,NA,AEA Papers and Proceedings,2021-05-01,NA,Report of the Task Force on Best Practices for Professional Conduct in Economics,111,,2574-0776,2021,TRUE,PandP
PandP-.111-.789,NA,10.1257/pandp.111.789,AEA P&P,NA,AEA Papers and Proceedings,2021-05-01,NA,Report of the Task Force on Outreach to High School and Undergraduate Students in Economics,111,,2574-0776,2021,TRUE,PandP
PandP-.111-.801,NA,10.1257/pandp.111.801,AEA P&P,NA,AEA Papers and Proceedings,2021-05-01,NA,Report of the Ad Hoc Committee on the Job Market,111,,2574-0776,2021,TRUE,PandP
PandP-.111-.803,NA,10.1257/pandp.111.803,AEA P&P,NA,AEA Papers and Proceedings,2021-05-01,NA,Report of the AEA Ombudsperson,111,,2574-0776,2021,TRUE,PandP
PandP-.111-.807,NA,10.1257/pandp.111.807,AEA P&P,NA,AEA Papers and Proceedings,2021-05-01,NA,Report of the Search Committee for the Editor of the <i>Journal of Economic Perspectives (JEP)</i>,111,,2574-0776,2021,TRUE,PandP
PandP-.111-.808,NA,10.1257/pandp.111.808,AEA P&P,NA,AEA Papers and Proceedings,2021-05-01,NA,Report by the AEA Data Editor,111,,2574-0776,2021,TRUE,PandP
PandP-.111-.818,NA,10.1257/pandp.111.818,AEA P&P,NA,AEA Papers and Proceedings,2021-05-01,NA,AEA Data and Code Availability Policy,111,,2574-0776,2021,TRUE,PandP
PandP-.111-.824,NA,10.1257/pandp.111.824,AEA P&P,NA,AEA Papers and Proceedings,2021-05-01,NA,"Best Practices for Economists: Building a More Diverse, Inclusive, and Productive Profession",111,,2574-0776,2021,TRUE,PandP
PandP-2021-1033,NA,10.1257/pandp.20211033,AEA P&P,NA,AEA Papers and Proceedings,2021-05-01,NA,Environmental Protection or Environmental Protectionism? Evidence from Tail Pipe Emission Standards in China,111,,2574-0776,2021,TRUE,PandP
PandP-2021-1035,NA,10.1257/pandp.20211035,AEA P&P,NA,AEA Papers and Proceedings,2021-05-01,NA,Inference for Support Vector Regression under <i>ℓ</i><sub>1</sub> Regularization,111,,2574-0776,2021,TRUE,PandP
PandP-2021-1037,NA,10.1257/pandp.20211037,AEA P&P,NA,AEA Papers and Proceedings,2021-05-01,NA,Adversarial Inference Is Efficient,111,,2574-0776,2021,TRUE,PandP
PandP-2021-1048,NA,10.1257/pandp.20211048,AEA P&P,NA,AEA Papers and Proceedings,2021-05-01,NA,Maintaining and Enhancing Labor Statistics during the COVID-19 Pandemic,111,,2574-0776,2021,TRUE,PandP
PandP-2021-1051,NA,10.1257/pandp.20211051,AEA P&P,NA,AEA Papers and Proceedings,2021-05-01,NA,Arrow Meets Hotelling: Modeling Spatial Innovation,111,,2574-0776,2021,TRUE,PandP
PandP-2021-1053,NA,10.1257/pandp.20211053,AEA P&P,NA,AEA Papers and Proceedings,2021-05-01,NA,Learning and Corruption on Monitoring Chains,111,,2574-0776,2021,TRUE,PandP
PandP-2021-1086,NA,10.1257/pandp.20211086,AEA P&P,NA,AEA Papers and Proceedings,2021-05-01,NA,Confidence Men? Evidence on Confidence and Gender among Top Economists,111,,2574-0776,2021,TRUE,PandP
PandP-2021-1091,NA,10.1257/pandp.20211091,AEA P&P,NA,AEA Papers and Proceedings,2021-05-01,NA,Long-Term Employment Effects from Job Losses during the COVID-19 Crisis? A Comparison to the Great Recession and Its Slow Recovery,111,,2574-0776,2021,TRUE,PandP
PandP-2021-1106,NA,10.1257/pandp.20211106,AEA P&P,NA,AEA Papers and Proceedings,2021-05-01,NA,The Economics of Crisis Innovation Policy: A Historical Perspective,111,,2574-0776,2021,TRUE,PandP
PandP-2021-1107,NA,10.1257/pandp.20211107,AEA P&P,NA,AEA Papers and Proceedings,2021-05-01,NA,Keynesian Production Networks and the COVID-19 Crisis: A Simple Benchmark,111,,2574-0776,2021,TRUE,PandP
PandP-2021-1112,NA,10.1257/pandp.20211112,AEA P&P,NA,AEA Papers and Proceedings,2021-05-01,NA,A Model of Occupational Licensing and Statistical Discrimination,111,,2574-0776,2021,TRUE,PandP
PandP-2022-1126,NA,10.1257/pandp.20221126,AEA P&P,NA,AEA Papers and Proceedings,2022-05-01,NA,"On the Dynamics of Human Behavior: The Past, Present, and Future of Culture, Conflict, and Cooperation",112,,2574-0776,2022,TRUE,PandP
PandP-.112-.643,NA,10.1257/pandp.112.643,AEA P&P,NA,AEA Papers and Proceedings,2022-05-01,NA,"Minutes of the Annual Business Meeting, via Zoom, January 7, 2022",112,,2574-0776,2022,TRUE,PandP
PandP-.112-.646,NA,10.1257/pandp.112.646,AEA P&P,NA,AEA Papers and Proceedings,2022-05-01,NA,Report of the Secretary,112,,2574-0776,2022,TRUE,PandP
PandP-.112-.650,NA,10.1257/pandp.112.650,AEA P&P,NA,AEA Papers and Proceedings,2022-05-01,NA,Report of the Treasurer,112,,2574-0776,2022,TRUE,PandP
PandP-.112-.655,NA,10.1257/pandp.112.655,AEA P&P,NA,AEA Papers and Proceedings,2022-05-01,NA,American Economic Association 2021—2022 Universal Academic Questionnaire Summary Statistics,112,,2574-0776,2022,TRUE,PandP
PandP-.112-.658,NA,10.1257/pandp.112.658,AEA P&P,NA,AEA Papers and Proceedings,2022-05-01,NA,List of Online Reports,112,,2574-0776,2022,TRUE,PandP
PandP-.112-.659,NA,10.1257/pandp.112.659,AEA P&P,NA,AEA Papers and Proceedings,2022-05-01,NA,"Minutes of the Meeting of the Executive Committee, via Zoom, April 16, 2021",112,,2574-0776,2022,TRUE,PandP
PandP-.112-.664,NA,10.1257/pandp.112.664,AEA P&P,NA,AEA Papers and Proceedings,2022-05-01,NA,"Minutes of the Meeting of the Executive Committee, via Zoom, January 6, 2022",112,,2574-0776,2022,TRUE,PandP
PandP-.112-.673,NA,10.1257/pandp.112.673,AEA P&P,NA,AEA Papers and Proceedings,2022-05-01,NA,<i>American Economic Review</i>,112,,2574-0776,2022,TRUE,PandP
PandP-.112-.687,NA,10.1257/pandp.112.687,AEA P&P,NA,AEA Papers and Proceedings,2022-05-01,NA,<i>American Economic Review: Insights</i>,112,,2574-0776,2022,TRUE,PandP
PandP-.112-.695,NA,10.1257/pandp.112.695,AEA P&P,NA,AEA Papers and Proceedings,2022-05-01,NA,<i>Journal of Economic Literature</i>,112,,2574-0776,2022,TRUE,PandP
PandP-.112-.699,NA,10.1257/pandp.112.699,AEA P&P,NA,AEA Papers and Proceedings,2022-05-01,NA,<i>Journal of Economic Perspectives</i>,112,,2574-0776,2022,TRUE,PandP
PandP-.112-.702,NA,10.1257/pandp.112.702,AEA P&P,NA,AEA Papers and Proceedings,2022-05-01,NA,<i>American Economic Journal: Applied Economics</i>,112,,2574-0776,2022,TRUE,PandP
PandP-.112-.709,NA,10.1257/pandp.112.709,AEA P&P,NA,AEA Papers and Proceedings,2022-05-01,NA,<i>American Economic Journal: Economic Policy</i>,112,,2574-0776,2022,TRUE,PandP
PandP-.112-.721,NA,10.1257/pandp.112.721,AEA P&P,NA,AEA Papers and Proceedings,2022-05-01,NA,<i>American Economic Journal: Macroeconomics</i>,112,,2574-0776,2022,TRUE,PandP
PandP-.112-.729,NA,10.1257/pandp.112.729,AEA P&P,NA,AEA Papers and Proceedings,2022-05-01,NA,<i>American Economic Journal: Microeconomics</i>,112,,2574-0776,2022,TRUE,PandP
PandP-.112-.737,NA,10.1257/pandp.112.737,AEA P&P,NA,AEA Papers and Proceedings,2022-05-01,NA,<i>Job Openings for Economists</i>,112,,2574-0776,2022,TRUE,PandP
PandP-.112-.740,NA,10.1257/pandp.112.740,AEA P&P,NA,AEA Papers and Proceedings,2022-05-01,NA,Committee on Economic Education,112,,2574-0776,2022,TRUE,PandP
PandP-.112-.746,NA,10.1257/pandp.112.746,AEA P&P,NA,AEA Papers and Proceedings,2022-05-01,NA,Committee on the Status of Women in the Economics Profession (CSWEP),112,,2574-0776,2022,TRUE,PandP
PandP-.112-.768,NA,10.1257/pandp.112.768,AEA P&P,NA,AEA Papers and Proceedings,2022-05-01,NA,Committee on the Status of Minority Groups in the Economics Profession (CSMGEP),112,,2574-0776,2022,TRUE,PandP
PandP-.112-.786,NA,10.1257/pandp.112.786,AEA P&P,NA,AEA Papers and Proceedings,2022-05-01,NA,"Committee on Equity, Diversity, and Professional Conduct",112,,2574-0776,2022,TRUE,PandP
PandP-.112-.789,NA,10.1257/pandp.112.789,AEA P&P,NA,AEA Papers and Proceedings,2022-05-01,NA,Committee on the Status of LGBTQ+ Individuals in the Economics Profession (CSQIEP),112,,2574-0776,2022,TRUE,PandP
PandP-.112-.791,NA,10.1257/pandp.112.791,AEA P&P,NA,AEA Papers and Proceedings,2022-05-01,NA,American Economic Association Committee on Statistics (AEAStat),112,,2574-0776,2022,TRUE,PandP
PandP-.112-.795,NA,10.1257/pandp.112.795,AEA P&P,NA,AEA Papers and Proceedings,2022-05-01,NA,Committee on Government Relations (CGR),112,,2574-0776,2022,TRUE,PandP
PandP-.112-.797,NA,10.1257/pandp.112.797,AEA P&P,NA,AEA Papers and Proceedings,2022-05-01,NA,Report of the Task Force on Best Practices for Professional Conduct in Economics,112,,2574-0776,2022,TRUE,PandP
PandP-.112-.799,NA,10.1257/pandp.112.799,AEA P&P,NA,AEA Papers and Proceedings,2022-05-01,NA,Report of the AEA Task Force on Outreach to High School and College Students,112,,2574-0776,2022,TRUE,PandP
PandP-.112-.802,NA,10.1257/pandp.112.802,AEA P&P,NA,AEA Papers and Proceedings,2022-05-01,NA,Report of the AEA ad hoc Committee on the Job Market,112,,2574-0776,2022,TRUE,PandP
PandP-.112-.805,NA,10.1257/pandp.112.805,AEA P&P,NA,AEA Papers and Proceedings,2022-05-01,NA,Report of the AEA Ombudsperson,112,,2574-0776,2022,TRUE,PandP
PandP-.112-.811,NA,10.1257/pandp.112.811,AEA P&P,NA,AEA Papers and Proceedings,2022-05-01,NA,Report of the Search Committee for the Editor of the <i>American Economic Review</i> (<i>AER</i>),112,,2574-0776,2022,TRUE,PandP
PandP-.112-.812,NA,10.1257/pandp.112.812,AEA P&P,NA,AEA Papers and Proceedings,2022-05-01,NA,Report of the Search Committee for the Editor of the <i>Journal of Economic Literature</i> (<i>JEL</i>),112,,2574-0776,2022,TRUE,PandP
PandP-.112-.813,NA,10.1257/pandp.112.813,AEA P&P,NA,AEA Papers and Proceedings,2022-05-01,NA,Report by the AEA Data Editor,112,,2574-0776,2022,TRUE,PandP
PandP-2022-1004,NA,10.1257/pandp.20221004,AEA P&P,NA,AEA Papers and Proceedings,2022-05-01,NA,Immigration and Labor Market (Mis)Perceptions,112,,2574-0776,2022,TRUE,PandP
PandP-2022-1008,NA,10.1257/pandp.20221008,AEA P&P,NA,AEA Papers and Proceedings,2022-05-01,NA,Estimating the Disparate Cumulative Impact of the Pandemic in Administrative Unemployment Insurance Data,112,,2574-0776,2022,TRUE,PandP
PandP-2022-1011,NA,10.1257/pandp.20221011,AEA P&P,NA,AEA Papers and Proceedings,2022-05-01,NA,"Social Distancing, Stimulus Payments, and Domestic Violence: Evidence from the US during COVID-19",112,,2574-0776,2022,TRUE,PandP
PandP-2022-1014,NA,10.1257/pandp.20221014,AEA P&P,NA,AEA Papers and Proceedings,2022-05-01,NA,Is Remote Sensing Data Useful for Studying the Association between Pandemic-Related Changes in Economic Activity and Intimate Partner Violence?,112,,2574-0776,2022,TRUE,PandP
PandP-2022-1017,NA,10.1257/pandp.20221017,AEA P&P,NA,AEA Papers and Proceedings,2022-05-01,NA,"At the Intersection of Race, Occupational Status, and Middle-Class Attainment in Young Adulthood",112,,2574-0776,2022,TRUE,PandP
PandP-2022-1019,NA,10.1257/pandp.20221019,AEA P&P,NA,AEA Papers and Proceedings,2022-05-01,NA,A General Solution to the Problem of Setting Optimal Default Options,112,,2574-0776,2022,TRUE,PandP
PandP-2022-1020,NA,10.1257/pandp.20221020,AEA P&P,NA,AEA Papers and Proceedings,2022-05-01,NA,Present Bias Causes and Then Dissipates Auto-Enrollment Savings Effects,112,,2574-0776,2022,TRUE,PandP
PandP-2022-1022,NA,10.1257/pandp.20221022,AEA P&P,NA,AEA Papers and Proceedings,2022-05-01,NA,Precautionary Liquidity and Retirement Saving,112,,2574-0776,2022,TRUE,PandP
PandP-2022-1025,NA,10.1257/pandp.20221025,AEA P&P,NA,AEA Papers and Proceedings,2022-05-01,NA,Birthright Granted and Revoked: The Effects of Irish Citizenship Policy on Migrant Fertility,112,,2574-0776,2022,TRUE,PandP
PandP-2022-1032,NA,10.1257/pandp.20221032,AEA P&P,NA,AEA Papers and Proceedings,2022-05-01,NA,Youth Hiring and Labor Market Tightness,112,,2574-0776,2022,TRUE,PandP
PandP-2022-1040,NA,10.1257/pandp.20221040,AEA P&P,NA,AEA Papers and Proceedings,2022-05-01,NA,Fixing Errors in a SNAP: Addressing SNAP Underreporting to Evaluate Poverty,112,,2574-0776,2022,TRUE,PandP
PandP-2022-1043,NA,10.1257/pandp.20221043,AEA P&P,NA,AEA Papers and Proceedings,2022-05-01,NA,The Change in Poverty from 1995 to 2016 among Single-Parent Families,112,,2574-0776,2022,TRUE,PandP
PandP-2022-1048,NA,10.1257/pandp.20221048,AEA P&P,NA,AEA Papers and Proceedings,2022-05-01,NA,The Trade Reform Wave of 1985–1995,112,,2574-0776,2022,TRUE,PandP
PandP-2022-1050,NA,10.1257/pandp.20221050,AEA P&P,NA,AEA Papers and Proceedings,2022-05-01,NA,"Migration on the Rise, a Paradigm in Decline: The Last Half-Century of Global Mobility",112,,2574-0776,2022,TRUE,PandP
PandP-2022-1052,NA,10.1257/pandp.20221052,AEA P&P,NA,AEA Papers and Proceedings,2022-05-01,NA,Empowering Women to Engage in Commercial Agriculture,112,,2574-0776,2022,TRUE,PandP
PandP-2022-1054,NA,10.1257/pandp.20221054,AEA P&P,NA,AEA Papers and Proceedings,2022-05-01,NA,Measuring Women's Empowerment in Collective Households,112,,2574-0776,2022,TRUE,PandP
PandP-2022-1055,NA,10.1257/pandp.20221055,AEA P&P,NA,AEA Papers and Proceedings,2022-05-01,NA,Wealth Taxation: Lessons from History and Recent Developments,112,,2574-0776,2022,TRUE,PandP
PandP-2022-1057,NA,10.1257/pandp.20221057,AEA P&P,NA,AEA Papers and Proceedings,2022-05-01,NA,Gender and Inheritances,112,,2574-0776,2022,TRUE,PandP
PandP-2022-1063,NA,10.1257/pandp.20221063,AEA P&P,NA,AEA Papers and Proceedings,2022-05-01,NA,Ranking and Selection from Pairwise Comparisons: Empirical Bayes Methods for Citation Analysis,112,,2574-0776,2022,TRUE,PandP
PandP-2022-1065,NA,10.1257/pandp.20221065,AEA P&P,NA,AEA Papers and Proceedings,2022-05-01,NA,Inference for Losers,112,,2574-0776,2022,TRUE,PandP
PandP-2022-1071,NA,10.1257/pandp.20221071,AEA P&P,NA,AEA Papers and Proceedings,2022-05-01,NA,Eliciting People’s First-Order Concerns: Text Analysis of Open-Ended Survey Questions,112,,2574-0776,2022,TRUE,PandP
PandP-2022-1073,NA,10.1257/pandp.20221073,AEA P&P,NA,AEA Papers and Proceedings,2022-05-01,NA,Poor Performance as a Predictable Outcome: Financing the Administration of Unemployment Insurance,112,,2574-0776,2022,TRUE,PandP
PandP-2022-1074,NA,10.1257/pandp.20221074,AEA P&P,NA,AEA Papers and Proceedings,2022-05-01,NA,Would Broadening the UI Tax Base Help Low-Income Workers?,112,,2574-0776,2022,TRUE,PandP
PandP-2022-1075,NA,10.1257/pandp.20221075,AEA P&P,NA,AEA Papers and Proceedings,2022-05-01,NA,Should We Have Automatic Triggers for Unemployment Benefit Duration and How Costly Would They Be?,112,,2574-0776,2022,TRUE,PandP
PandP-2022-1077,NA,10.1257/pandp.20221077,AEA P&P,NA,AEA Papers and Proceedings,2022-05-01,NA,Shadow Bank Distress and Household Debt Relief: Evidence from the CARES Act,112,,2574-0776,2022,TRUE,PandP
PandP-2022-1079,NA,10.1257/pandp.20221079,AEA P&P,NA,AEA Papers and Proceedings,2022-05-01,NA,Masks and Trolleys in San Francisco during the 1918 Influenza Epidemic,112,,2574-0776,2022,TRUE,PandP
PandP-2022-1083,NA,10.1257/pandp.20221083,AEA P&P,NA,AEA Papers and Proceedings,2022-05-01,NA,Continuous Gender Identity and Economics,112,,2574-0776,2022,TRUE,PandP
PandP-2022-1084,NA,10.1257/pandp.20221084,AEA P&P,NA,AEA Papers and Proceedings,2022-05-01,NA,Integration Costs and Missing Women in Firms around the World,112,,2574-0776,2022,TRUE,PandP
PandP-2022-1086,NA,10.1257/pandp.20221086,AEA P&P,NA,AEA Papers and Proceedings,2022-05-01,NA,Gender Economics and the Meaning of Discrimination,112,,2574-0776,2022,TRUE,PandP
PandP-2022-1087,NA,10.1257/pandp.20221087,AEA P&P,NA,AEA Papers and Proceedings,2022-05-01,NA,Addressing Strategic Uncertainty with Incentives and Information,112,,2574-0776,2022,TRUE,PandP
PandP-2022-1088,NA,10.1257/pandp.20221088,AEA P&P,NA,AEA Papers and Proceedings,2022-05-01,NA,Efficient Full Implementation via Transfers: Uniqueness and Sensitivity in Symmetric Environments,112,,2574-0776,2022,TRUE,PandP
PandP-2022-1089,NA,10.1257/pandp.20221089,AEA P&P,NA,AEA Papers and Proceedings,2022-05-01,NA,Preventing Bottlenecks in Organizations,112,,2574-0776,2022,TRUE,PandP
PandP-2022-1090,NA,10.1257/pandp.20221090,AEA P&P,NA,AEA Papers and Proceedings,2022-05-01,NA,Robustness of Rank Independence in Risky Choice,112,,2574-0776,2022,TRUE,PandP
PandP-2022-1093,NA,10.1257/pandp.20221093,AEA P&P,NA,AEA Papers and Proceedings,2022-05-01,NA,Revealed Preferences for Randomization: An Overview,112,,2574-0776,2022,TRUE,PandP
PandP-2022-1094,NA,10.1257/pandp.20221094,AEA P&P,NA,AEA Papers and Proceedings,2022-05-01,NA,Persistent Monetary Policy in a Model with Labor Market Frictions,112,,2574-0776,2022,TRUE,PandP
PandP-2022-1095,NA,10.1257/pandp.20221095,AEA P&P,NA,AEA Papers and Proceedings,2022-05-01,NA,"Monetary Policy, Labor Market, and Sectoral Heterogeneity",112,,2574-0776,2022,TRUE,PandP
PandP-2022-1099,NA,10.1257/pandp.20221099,AEA P&P,NA,AEA Papers and Proceedings,2022-05-01,NA,Law Enforcement Officers’ Bills of Rights and Police Violence,112,,2574-0776,2022,TRUE,PandP
PandP-2022-1100,NA,10.1257/pandp.20221100,AEA P&P,NA,AEA Papers and Proceedings,2022-05-01,NA,Police Frisks,112,,2574-0776,2022,TRUE,PandP
PandP-2022-1102,NA,10.1257/pandp.20221102,AEA P&P,NA,AEA Papers and Proceedings,2022-05-01,NA,"Discrimination, Segregation, Integration, and Expropriation",112,,2574-0776,2022,TRUE,PandP
PandP-2022-1103,NA,10.1257/pandp.20221103,AEA P&P,NA,AEA Papers and Proceedings,2022-05-01,NA,Media Access and Consumption in the Civil Rights Era,112,,2574-0776,2022,TRUE,PandP
PandP-2022-1111,NA,10.1257/pandp.20221111,AEA P&P,NA,AEA Papers and Proceedings,2022-05-01,NA,Measuring Changes in Disparity Gaps: An Application to Health Insurance,112,,2574-0776,2022,TRUE,PandP
PandP-2022-1121,NA,10.1257/pandp.20221121,AEA P&P,NA,AEA Papers and Proceedings,2022-05-01,NA,Gender Disparities in Career Advancement across the Transition to Parenthood: Evidence from the Marine Corps,112,,2574-0776,2022,TRUE,PandP
PandP-2022-1123,NA,10.1257/pandp.20221123,AEA P&P,NA,AEA Papers and Proceedings,2022-05-01,NA,"Investigating the Introduction of Fintech Advancement Aimed to Reduce Limited Attention Regarding Inactive Savings Accounts: Data, Survey, and Field Experiment",112,,2574-0776,2022,TRUE,PandP
PandP-2023-1030,NA,10.1257/pandp.20231030,AEA P&P,NA,AEA Papers and Proceedings,2023-05-01,NA,Blockchain Private Pools and Price Discovery,113,,2574-0776,2023,TRUE,PandP
PandP-2023-1033,NA,10.1257/pandp.20231033,AEA P&P,NA,AEA Papers and Proceedings,2023-05-01,NA,Four Mistakes in the Use of Measures of Expected Inflation,113,,2574-0776,2023,TRUE,PandP
PandP-2023-1108,NA,10.1257/pandp.20231108,AEA P&P,NA,AEA Papers and Proceedings,2023-05-01,NA,"The
                    <i>Girly</i>
                    Economics of Care Work: Implications for Economic Statistics",113,,2574-0776,2023,TRUE,PandP
PandP-.113-.673,NA,10.1257/pandp.113.673,AEA P&P,NA,AEA Papers and Proceedings,2023-05-01,NA,"Minutes of the Annual Business Meeting, New Orleans, LA, January 6, 2023",113,,2574-0776,2023,TRUE,PandP
PandP-.113-.678,NA,10.1257/pandp.113.678,AEA P&P,NA,AEA Papers and Proceedings,2023-05-01,NA,Report of the Secretary,113,,2574-0776,2023,TRUE,PandP
PandP-.113-.683,NA,10.1257/pandp.113.683,AEA P&P,NA,AEA Papers and Proceedings,2023-05-01,NA,Report of the Treasurer,113,,2574-0776,2023,TRUE,PandP
PandP-.113-.688,NA,10.1257/pandp.113.688,AEA P&P,NA,AEA Papers and Proceedings,2023-05-01,NA,American Economic Association 2022–2023 Universal Academic Questionnaire Summary Statistics,113,,2574-0776,2023,TRUE,PandP
PandP-.113-.692,NA,10.1257/pandp.113.692,AEA P&P,NA,AEA Papers and Proceedings,2023-05-01,NA,Note from the AEA Secretary-Treasurer about the Proceedings Supplement,113,,2574-0776,2023,TRUE,PandP
PandP-.113-.693,NA,10.1257/pandp.113.693,AEA P&P,NA,AEA Papers and Proceedings,2023-05-01,NA,"Minutes of the Meeting of the Executive Committee via Zoom April 8, 2022",113,,2574-0776,2023,TRUE,PandP
PandP-.113-.699,NA,10.1257/pandp.113.699,AEA P&P,NA,AEA Papers and Proceedings,2023-05-01,NA,"Minutes of the Meeting of the Executive Committee, New Orleans, LA January 5, 2023",113,,2574-0776,2023,TRUE,PandP
PandP-.113-.707,NA,10.1257/pandp.113.707,AEA P&P,NA,AEA Papers and Proceedings,2023-05-01,NA,"Report of the Editor, <i>American Economic Review</i>",113,,2574-0776,2023,TRUE,PandP
PandP-.113-.721,NA,10.1257/pandp.113.721,AEA P&P,NA,AEA Papers and Proceedings,2023-05-01,NA,"Report of the Editor, <i>American Economic Review: Insights</i>",113,,2574-0776,2023,TRUE,PandP
PandP-.113-.729,NA,10.1257/pandp.113.729,AEA P&P,NA,AEA Papers and Proceedings,2023-05-01,NA,"Report of the Editor, <i>Journal of Economic Literature</i>",113,,2574-0776,2023,TRUE,PandP
PandP-.113-.733,NA,10.1257/pandp.113.733,AEA P&P,NA,AEA Papers and Proceedings,2023-05-01,NA,"Report of the Editor, <i>Journal of Economic Perspectives</i>",113,,2574-0776,2023,TRUE,PandP
PandP-.113-.736,NA,10.1257/pandp.113.736,AEA P&P,NA,AEA Papers and Proceedings,2023-05-01,NA,"Report of the Editor, <i>American Economic Journal: Applied Economics</i>",113,,2574-0776,2023,TRUE,PandP
PandP-.113-.745,NA,10.1257/pandp.113.745,AEA P&P,NA,AEA Papers and Proceedings,2023-05-01,NA,"Report of the Editor, <i>American Economic Journal: Economic Policy</i>",113,,2574-0776,2023,TRUE,PandP
PandP-.113-.757,NA,10.1257/pandp.113.757,AEA P&P,NA,AEA Papers and Proceedings,2023-05-01,NA,"Report of the Editor, <i>American Economic Journal: Macroeconomics</i>",113,,2574-0776,2023,TRUE,PandP
PandP-.113-.765,NA,10.1257/pandp.113.765,AEA P&P,NA,AEA Papers and Proceedings,2023-05-01,NA,"Review of the Editor, <i>American Economic Journal: Microeconomics</i>",113,,2574-0776,2023,TRUE,PandP
PandP-.113-.772,NA,10.1257/pandp.113.772,AEA P&P,NA,AEA Papers and Proceedings,2023-05-01,NA,"Report of the Director, <i>Job Openings for Economists</i>",113,,2574-0776,2023,TRUE,PandP
PandP-.113-.775,NA,10.1257/pandp.113.775,AEA P&P,NA,AEA Papers and Proceedings,2023-05-01,NA,Report of the Committee on Economic Education,113,,2574-0776,2023,TRUE,PandP
PandP-.113-.782,NA,10.1257/pandp.113.782,AEA P&P,NA,AEA Papers and Proceedings,2023-05-01,NA,Report of the Committee on Economic Statistics,113,,2574-0776,2023,TRUE,PandP
PandP-.113-.786,NA,10.1257/pandp.113.786,AEA P&P,NA,AEA Papers and Proceedings,2023-05-01,NA,Report of the Committee on Government Relations,113,,2574-0776,2023,TRUE,PandP
PandP-.113-.789,NA,10.1257/pandp.113.789,AEA P&P,NA,AEA Papers and Proceedings,2023-05-01,NA,Report of the Committee on the Job Market,113,,2574-0776,2023,TRUE,PandP
PandP-.113-.792,NA,10.1257/pandp.113.792,AEA P&P,NA,AEA Papers and Proceedings,2023-05-01,NA,Report of the Committee on the Status of LGBTQ+ Individuals in the Economics Profession,113,,2574-0776,2023,TRUE,PandP
PandP-.113-.794,NA,10.1257/pandp.113.794,AEA P&P,NA,AEA Papers and Proceedings,2023-05-01,NA,Report of the Committee on the Status of Minority Groups in the Economics Profession,113,,2574-0776,2023,TRUE,PandP
PandP-.113-.815,NA,10.1257/pandp.113.815,AEA P&P,NA,AEA Papers and Proceedings,2023-05-01,NA,Report of the Committee on the Status of Women in the Economics Profession,113,,2574-0776,2023,TRUE,PandP
PandP-.113-.840,NA,10.1257/pandp.113.840,AEA P&P,NA,AEA Papers and Proceedings,2023-05-01,NA,Report of the Task Force on Best Practices for Professional Conduct in Economics,113,,2574-0776,2023,TRUE,PandP
PandP-.113-.842,NA,10.1257/pandp.113.842,AEA P&P,NA,AEA Papers and Proceedings,2023-05-01,NA,Report of the Task Force on Outreach to High School and Undergraduate Students in Economics,113,,2574-0776,2023,TRUE,PandP
PandP-.113-.850,NA,10.1257/pandp.113.850,AEA P&P,NA,AEA Papers and Proceedings,2023-05-01,NA,Report of the AEA Data Editor,113,,2574-0776,2023,TRUE,PandP
PandP-.113-.864,NA,10.1257/pandp.113.864,AEA P&P,NA,AEA Papers and Proceedings,2023-05-01,NA,Report of the AEA Ombudsperson,113,,2574-0776,2023,TRUE,PandP
PandP-.113-.867,NA,10.1257/pandp.113.867,AEA P&P,NA,AEA Papers and Proceedings,2023-05-01,NA,AEA Data Legality Policy and Explanations,113,,2574-0776,2023,TRUE,PandP
PandP-.113-.869,NA,10.1257/pandp.113.869,AEA P&P,NA,AEA Papers and Proceedings,2023-05-01,NA,Report of the Search Committee for the Editor for the <i>American Economic Review: Insights</i>,113,,2574-0776,2023,TRUE,PandP
PandP-.113-.870,NA,10.1257/pandp.113.870,AEA P&P,NA,AEA Papers and Proceedings,2023-05-01,NA,Report of the Search Committee for the Editor for the <i>American Economic Journal: Economic Policy</i>,113,,2574-0776,2023,TRUE,PandP
PandP-.113-.871,NA,10.1257/pandp.113.871,AEA P&P,NA,AEA Papers and Proceedings,2023-05-01,NA,Report of the Search Committee for the Editor for the <i>American Economic Journal: Microeconomics</i>,113,,2574-0776,2023,TRUE,PandP
PandP-2023-1026,NA,10.1257/pandp.20231026,AEA P&P,NA,AEA Papers and Proceedings,2023-05-01,NA,Interest Rates and World Trade: An “Austrian” Perspective,113,,2574-0776,2023,TRUE,PandP
PandP-2023-1029,NA,10.1257/pandp.20231029,AEA P&P,NA,AEA Papers and Proceedings,2023-05-01,NA,A Solomonic Solution to Blockchain Front-Running,113,,2574-0776,2023,TRUE,PandP
PandP-2023-1032,NA,10.1257/pandp.20231032,AEA P&P,NA,AEA Papers and Proceedings,2023-05-01,NA,Financial Bubbles in Infinitely Repeated Auctions with Tokens,113,,2574-0776,2023,TRUE,PandP
PandP-2023-1042,NA,10.1257/pandp.20231042,AEA P&P,NA,AEA Papers and Proceedings,2023-05-01,NA,The Macroeconomic Consequences of International Financial Sanctions,113,,2574-0776,2023,TRUE,PandP
PandP-2023-1043,NA,10.1257/pandp.20231043,AEA P&P,NA,AEA Papers and Proceedings,2023-05-01,NA,International Sanctions and Limits of Lerner Symmetry,113,,2574-0776,2023,TRUE,PandP
PandP-2023-1044,NA,10.1257/pandp.20231044,AEA P&P,NA,AEA Papers and Proceedings,2023-05-01,NA,How Should Sanctions Account for Bystander Countries?,113,,2574-0776,2023,TRUE,PandP
PandP-2023-1053,NA,10.1257/pandp.20231053,AEA P&P,NA,AEA Papers and Proceedings,2023-05-01,NA,Are Business Applications Early Economic Indicators?,113,,2574-0776,2023,TRUE,PandP
PandP-2023-1083,NA,10.1257/pandp.20231083,AEA P&P,NA,AEA Papers and Proceedings,2023-05-01,NA,Data Markets with Privacy-Conscious Consumers,113,,2574-0776,2023,TRUE,PandP
PandP-2023-1084,NA,10.1257/pandp.20231084,AEA P&P,NA,AEA Papers and Proceedings,2023-05-01,NA,Privacy and the Value of Data,113,,2574-0776,2023,TRUE,PandP
PandP-2023-1085,NA,10.1257/pandp.20231085,AEA P&P,NA,AEA Papers and Proceedings,2023-05-01,NA,Consumer Control and Privacy Policies,113,,2574-0776,2023,TRUE,PandP
PandP-2023-1104,NA,10.1257/pandp.20231104,AEA P&P,NA,AEA Papers and Proceedings,2023-05-01,NA,"Wildfire Insurance, Information, and Self-Protection",113,,2574-0776,2023,TRUE,PandP
PandP-2023-1106,NA,10.1257/pandp.20231106,AEA P&P,NA,AEA Papers and Proceedings,2023-05-01,NA,A Model of Demand for Health and Caregiving Incorporating Marriage Markets,113,,2574-0776,2023,TRUE,PandP
PandP-2023-1109,NA,10.1257/pandp.20231109,AEA P&P,NA,AEA Papers and Proceedings,2023-05-01,NA,Why Did COVID-19 Vaccinations Lag in Low- and Middle-Income Countries? Lessons from Descriptive and Experimental Data,113,,2574-0776,2023,TRUE,PandP
PandP-2023-1115,NA,10.1257/pandp.20231115,AEA P&P,NA,AEA Papers and Proceedings,2023-05-01,NA,Optimal Lending Contracts with Retrospective and Prospective Bias,113,,2574-0776,2023,TRUE,PandP
PandP-2023-1127,NA,10.1257/pandp.20231127,AEA P&P,NA,AEA Papers and Proceedings,2023-05-01,NA,Anticipatory Migration Responses to Rural Climate Shocks,113,,2574-0776,2023,TRUE,PandP
PandP-2023-1131,NA,10.1257/pandp.20231131,AEA P&P,NA,AEA Papers and Proceedings,2023-05-01,NA,Racial Gaps in Federal Flood Buyout Compensations,113,,2574-0776,2023,TRUE,PandP
PandP-2024-1008,NA,10.1257/pandp.20241008,AEA P&P,NA,AEA Papers and Proceedings,2024-05-01,NA,Is the World Running Out of Fresh Water?,114,,2574-0776,2024,TRUE,PandP
PandP-2024-1069,NA,10.1257/pandp.20241069,AEA P&P,NA,AEA Papers and Proceedings,2024-05-01,NA,Digital Assets and the Exorbitant Dollar Privilege,114,,2574-0776,2024,TRUE,PandP
PandP-.114-.697,NA,10.1257/pandp.114.697,AEA P&P,NA,AEA Papers and Proceedings,2024-05-01,NA,"Minutes of the Annual Business Meeting San Antonio, TX January 5, 2024",114,,2574-0776,2024,TRUE,PandP
PandP-.114-.701,NA,10.1257/pandp.114.701,AEA P&P,NA,AEA Papers and Proceedings,2024-05-01,NA,Report of the Secretary,114,,2574-0776,2024,TRUE,PandP
PandP-.114-.706,NA,10.1257/pandp.114.706,AEA P&P,NA,AEA Papers and Proceedings,2024-05-01,NA,Report of the Treasurer,114,,2574-0776,2024,TRUE,PandP
PandP-.114-.712,NA,10.1257/pandp.114.712,AEA P&P,NA,AEA Papers and Proceedings,2024-05-01,NA,American Economic Association 2023–2024 Universal Academic Questionnaire Summary Statistics,114,,2574-0776,2024,TRUE,PandP
PandP-.114-.717,NA,10.1257/pandp.114.717,AEA P&P,NA,AEA Papers and Proceedings,2024-05-01,NA,Note from the AEA Secretary-Treasurer about the Proceedings Supplement,114,,2574-0776,2024,TRUE,PandP
PandP-.114-.719,NA,10.1257/pandp.114.719,AEA P&P,NA,AEA Papers and Proceedings,2024-05-01,NA,"Minutes of the Meeting of the Executive Committee via Zoom April 28, 2023",114,,2574-0776,2024,TRUE,PandP
PandP-.114-.726,NA,10.1257/pandp.114.726,AEA P&P,NA,AEA Papers and Proceedings,2024-05-01,NA,"Minutes of the Meeting of the Executive Committee San Antonio, TX January 4, 2024",114,,2574-0776,2024,TRUE,PandP
PandP-.114-.734,NA,10.1257/pandp.114.734,AEA P&P,NA,AEA Papers and Proceedings,2024-05-01,NA,Report of the Editor <i>American Economic Review</i>,114,,2574-0776,2024,TRUE,PandP
PandP-.114-.751,NA,10.1257/pandp.114.751,AEA P&P,NA,AEA Papers and Proceedings,2024-05-01,NA,Report of the Editor <i>American Economic Review: Insights</i>,114,,2574-0776,2024,TRUE,PandP
PandP-.114-.761,NA,10.1257/pandp.114.761,AEA P&P,NA,AEA Papers and Proceedings,2024-05-01,NA,Report of the Editor <i>Journal of Economic Literature</i>,114,,2574-0776,2024,TRUE,PandP
PandP-.114-.767,NA,10.1257/pandp.114.767,AEA P&P,NA,AEA Papers and Proceedings,2024-05-01,NA,Report of the Editor <i>Journal of Economic Perspectives</i>,114,,2574-0776,2024,TRUE,PandP
PandP-.114-.770,NA,10.1257/pandp.114.770,AEA P&P,NA,AEA Papers and Proceedings,2024-05-01,NA,Report of the Editor <i>American Economic Journal: Applied Economics</i>,114,,2574-0776,2024,TRUE,PandP
PandP-.114-.780,NA,10.1257/pandp.114.780,AEA P&P,NA,AEA Papers and Proceedings,2024-05-01,NA,Report of the Editor <i>American Economic Journal: Economic Policy</i>,114,,2574-0776,2024,TRUE,PandP
PandP-.114-.791,NA,10.1257/pandp.114.791,AEA P&P,NA,AEA Papers and Proceedings,2024-05-01,NA,Report of the Editor <i>American Economic Journal: Macroeconomics</i>,114,,2574-0776,2024,TRUE,PandP
PandP-.114-.800,NA,10.1257/pandp.114.800,AEA P&P,NA,AEA Papers and Proceedings,2024-05-01,NA,Report of the Editor <i>American Economic Journal: Microeconomics</i>,114,,2574-0776,2024,TRUE,PandP
PandP-.114-.808,NA,10.1257/pandp.114.808,AEA P&P,NA,AEA Papers and Proceedings,2024-05-01,NA,Report of the Director <i>Job Openings for Economists</i>,114,,2574-0776,2024,TRUE,PandP
PandP-.114-.811,NA,10.1257/pandp.114.811,AEA P&P,NA,AEA Papers and Proceedings,2024-05-01,NA,Report of the Committee on Economic Education,114,,2574-0776,2024,TRUE,PandP
PandP-.114-.818,NA,10.1257/pandp.114.818,AEA P&P,NA,AEA Papers and Proceedings,2024-05-01,NA,Report of the Committee on Economic Statistics,114,,2574-0776,2024,TRUE,PandP
PandP-.114-.822,NA,10.1257/pandp.114.822,AEA P&P,NA,AEA Papers and Proceedings,2024-05-01,NA,Report of the Committee on Government Relations,114,,2574-0776,2024,TRUE,PandP
PandP-.114-.825,NA,10.1257/pandp.114.825,AEA P&P,NA,AEA Papers and Proceedings,2024-05-01,NA,Report of the Committee on the Job Market,114,,2574-0776,2024,TRUE,PandP
PandP-.114-.829,NA,10.1257/pandp.114.829,AEA P&P,NA,AEA Papers and Proceedings,2024-05-01,NA,Report of the Committee on the Status of LGBTQ+ Individuals in the Economics Profession,114,,2574-0776,2024,TRUE,PandP
PandP-.114-.831,NA,10.1257/pandp.114.831,AEA P&P,NA,AEA Papers and Proceedings,2024-05-01,NA,Report of the Committee on the Status of Minority Groups in the Economics Profession,114,,2574-0776,2024,TRUE,PandP
PandP-.114-.853,NA,10.1257/pandp.114.853,AEA P&P,NA,AEA Papers and Proceedings,2024-05-01,NA,Report of the Committee on the Status of Women in the Economics Profession,114,,2574-0776,2024,TRUE,PandP
PandP-.114-.878,NA,10.1257/pandp.114.878,AEA P&P,NA,AEA Papers and Proceedings,2024-05-01,NA,Report of the AEA Data Editor,114,,2574-0776,2024,TRUE,PandP
PandP-.114-.891,NA,10.1257/pandp.114.891,AEA P&P,NA,AEA Papers and Proceedings,2024-05-01,NA,Report of the AEA Ombudsperson,114,,2574-0776,2024,TRUE,PandP
PandP-.114-.894,NA,10.1257/pandp.114.894,AEA P&P,NA,AEA Papers and Proceedings,2024-05-01,NA,Report of the Search Committee for the Editor for the <i>American Economic Journal: Macroeconomics</i>,114,,2574-0776,2024,TRUE,PandP
PandP-2024-1015,NA,10.1257/pandp.20241015,AEA P&P,NA,AEA Papers and Proceedings,2024-05-01,NA,The Impacts of Childcare Interventions on Children’s Outcomes in Low- and Middle-Income Countries: A Systematic Review,114,,2574-0776,2024,TRUE,PandP
PandP-2024-1021,NA,10.1257/pandp.20241021,AEA P&P,NA,AEA Papers and Proceedings,2024-05-01,NA,Export-Platform FDI: Cannibalization or Complementarity?,114,,2574-0776,2024,TRUE,PandP
PandP-2024-1035,NA,10.1257/pandp.20241035,AEA P&P,NA,AEA Papers and Proceedings,2024-05-01,NA,Constructing Confidence Intervals for BIFSG Disparity Estimates,114,,2574-0776,2024,TRUE,PandP
PandP-2024-1043,NA,10.1257/pandp.20241043,AEA P&P,NA,AEA Papers and Proceedings,2024-05-01,NA,The Linear Algebra of Economic Geography Models,114,,2574-0776,2024,TRUE,PandP
PandP-2024-1046,NA,10.1257/pandp.20241046,AEA P&P,NA,AEA Papers and Proceedings,2024-05-01,NA,Negative Weights Are No Concern in Design-Based Specifications,114,,2574-0776,2024,TRUE,PandP
PandP-2024-1052,NA,10.1257/pandp.20241052,AEA P&P,NA,AEA Papers and Proceedings,2024-05-01,NA,Origins of US Inflation,114,,2574-0776,2024,TRUE,PandP
PandP-2024-1064,NA,10.1257/pandp.20241064,AEA P&P,NA,AEA Papers and Proceedings,2024-05-01,NA,Auditability in School Choice,114,,2574-0776,2024,TRUE,PandP
PandP-2024-1066,NA,10.1257/pandp.20241066,AEA P&P,NA,AEA Papers and Proceedings,2024-05-01,NA,Diversity Balance in Centralized Public School Admissions,114,,2574-0776,2024,TRUE,PandP
PandP-2024-1072,NA,10.1257/pandp.20241072,AEA P&P,NA,AEA Papers and Proceedings,2024-05-01,NA,The Unreasonable Effectiveness of Algorithms,114,,2574-0776,2024,TRUE,PandP
PandP-2024-1073,NA,10.1257/pandp.20241073,AEA P&P,NA,AEA Papers and Proceedings,2024-05-01,NA,Algorithmic Fairness and Social Welfare,114,,2574-0776,2024,TRUE,PandP
PandP-2024-1075,NA,10.1257/pandp.20241075,AEA P&P,NA,AEA Papers and Proceedings,2024-05-01,NA,Creating the “American Way” of Business: Evidence from WWII in the United States,114,,2574-0776,2024,TRUE,PandP
PandP-2024-1088,NA,10.1257/pandp.20241088,AEA P&P,NA,AEA Papers and Proceedings,2024-05-01,NA,"Change Behavior, Motivation Will Follow(?): Acquired Taste and Incentives",114,,2574-0776,2024,TRUE,PandP
PandP-2025-1118,NA,10.1257/pandp.20251118,AEA P&P,NA,AEA Papers and Proceedings,2025-05-01,NA,Economics in the Age of Algorithms,115,,2574-0776,2025,TRUE,PandP
PandP-.115-.709,NA,10.1257/pandp.115.709,AEA P&P,NA,AEA Papers and Proceedings,2025-05-01,NA,"Minutes of the Annual Business Meeting San Francisco, CA January 3, 2025",115,,2574-0776,2025,TRUE,PandP
PandP-.115-.712,NA,10.1257/pandp.115.712,AEA P&P,NA,AEA Papers and Proceedings,2025-05-01,NA,Report of the Secretary,115,,2574-0776,2025,TRUE,PandP
PandP-.115-.718,NA,10.1257/pandp.115.718,AEA P&P,NA,AEA Papers and Proceedings,2025-05-01,NA,Report of the Treasurer,115,,2574-0776,2025,TRUE,PandP
PandP-.115-.724,NA,10.1257/pandp.115.724,AEA P&P,NA,AEA Papers and Proceedings,2025-05-01,NA,American Economic Association 2024–2025 Universal Academic Questionnaire Summary Statistics,115,,2574-0776,2025,TRUE,PandP
PandP-.115-.728,NA,10.1257/pandp.115.728,AEA P&P,NA,AEA Papers and Proceedings,2025-05-01,NA,Note from the AEA Secretary-Treasurer about the Proceedings Supplement,115,,2574-0776,2025,TRUE,PandP
PandP-.115-.729,NA,10.1257/pandp.115.729,AEA P&P,NA,AEA Papers and Proceedings,2025-05-01,NA,"Minutes of the Meeting of the Executive Committee via Zoom April 5, 2024",115,,2574-0776,2025,TRUE,PandP
PandP-.115-.735,NA,10.1257/pandp.115.735,AEA P&P,NA,AEA Papers and Proceedings,2025-05-01,NA,"Minutes of the Meeting of the Executive Committee San Francisco, CA January 2, 2025",115,,2574-0776,2025,TRUE,PandP
PandP-.115-.743,NA,10.1257/pandp.115.743,AEA P&P,NA,AEA Papers and Proceedings,2025-05-01,NA,Report of the Editor <i>American Economic Review</i>,115,,2574-0776,2025,TRUE,PandP
PandP-.115-.761,NA,10.1257/pandp.115.761,AEA P&P,NA,AEA Papers and Proceedings,2025-05-01,NA,Report of the Editor <i>American Economic Review: Insights</i>,115,,2574-0776,2025,TRUE,PandP
PandP-.115-.770,NA,10.1257/pandp.115.770,AEA P&P,NA,AEA Papers and Proceedings,2025-05-01,NA,Report of the Editor <i>Journal of Economic Literature</i>,115,,2574-0776,2025,TRUE,PandP
PandP-.115-.776,NA,10.1257/pandp.115.776,AEA P&P,NA,AEA Papers and Proceedings,2025-05-01,NA,Report of the Editor <i>Journal of Economic Perspectives</i>,115,,2574-0776,2025,TRUE,PandP
PandP-.115-.779,NA,10.1257/pandp.115.779,AEA P&P,NA,AEA Papers and Proceedings,2025-05-01,NA,Report of the Editor <i>American Economic Journal: Applied Economics</i>,115,,2574-0776,2025,TRUE,PandP
PandP-.115-.789,NA,10.1257/pandp.115.789,AEA P&P,NA,AEA Papers and Proceedings,2025-05-01,NA,Report of the Editor <i>American Economic Journal: Economic Policy</i>,115,,2574-0776,2025,TRUE,PandP
PandP-.115-.800,NA,10.1257/pandp.115.800,AEA P&P,NA,AEA Papers and Proceedings,2025-05-01,NA,Report of the Editor <i>American Economic Journal: Macroeconomics</i>,115,,2574-0776,2025,TRUE,PandP
PandP-.115-.809,NA,10.1257/pandp.115.809,AEA P&P,NA,AEA Papers and Proceedings,2025-05-01,NA,Report of the Editor <i>American Economic Journal: Microeconomics</i>,115,,2574-0776,2025,TRUE,PandP
PandP-.115-.817,NA,10.1257/pandp.115.817,AEA P&P,NA,AEA Papers and Proceedings,2025-05-01,NA,Report of the Director <i>Job Openings for Economists</i>,115,,2574-0776,2025,TRUE,PandP
PandP-.115-.820,NA,10.1257/pandp.115.820,AEA P&P,NA,AEA Papers and Proceedings,2025-05-01,NA,Report of the Ad Hoc Committee on the Use of Social Media in Economics,115,,2574-0776,2025,TRUE,PandP
PandP-.115-.862,NA,10.1257/pandp.115.862,AEA P&P,NA,AEA Papers and Proceedings,2025-05-01,NA,Report of the Committee on Economic Education,115,,2574-0776,2025,TRUE,PandP
PandP-.115-.872,NA,10.1257/pandp.115.872,AEA P&P,NA,AEA Papers and Proceedings,2025-05-01,NA,Report of the Committee on Economic Statistics,115,,2574-0776,2025,TRUE,PandP
PandP-.115-.876,NA,10.1257/pandp.115.876,AEA P&P,NA,AEA Papers and Proceedings,2025-05-01,NA,Report of the Committee on Government Relations,115,,2574-0776,2025,TRUE,PandP
PandP-.115-.880,NA,10.1257/pandp.115.880,AEA P&P,NA,AEA Papers and Proceedings,2025-05-01,NA,Report of the Committee on the Job Market,115,,2574-0776,2025,TRUE,PandP
PandP-.115-.884,NA,10.1257/pandp.115.884,AEA P&P,NA,AEA Papers and Proceedings,2025-05-01,NA,Report of the Committee on Professional Climate,115,,2574-0776,2025,TRUE,PandP
PandP-.115-.891,NA,10.1257/pandp.115.891,AEA P&P,NA,AEA Papers and Proceedings,2025-05-01,NA,Report of the Committee on the Status of LGBTQ+ Individuals in the Economics Profession,115,,2574-0776,2025,TRUE,PandP
PandP-.115-.894,NA,10.1257/pandp.115.894,AEA P&P,NA,AEA Papers and Proceedings,2025-05-01,NA,Report of the Committee on the Status of Minority Groups in the Economics Profession,115,,2574-0776,2025,TRUE,PandP
PandP-.115-.918,NA,10.1257/pandp.115.918,AEA P&P,NA,AEA Papers and Proceedings,2025-05-01,NA,Report of the Committee on the Status of Women in the Economics Profession,115,,2574-0776,2025,TRUE,PandP
PandP-.115-.944,NA,10.1257/pandp.115.944,AEA P&P,NA,AEA Papers and Proceedings,2025-05-01,NA,Report of the AEA Data Editor,115,,2574-0776,2025,TRUE,PandP
PandP-.115-.958,NA,10.1257/pandp.115.958,AEA P&P,NA,AEA Papers and Proceedings,2025-05-01,NA,Ombuds Summary of Activity,115,,2574-0776,2025,TRUE,PandP
PandP-2025-1005,NA,10.1257/pandp.20251005,AEA P&P,NA,AEA Papers and Proceedings,2025-05-01,NA,Unhoused and Mismeasured: The Accuracy of Surveys of Those Experiencing Homelessness,115,,2574-0776,2025,TRUE,PandP
PandP-2025-1021,NA,10.1257/pandp.20251021,AEA P&P,NA,AEA Papers and Proceedings,2025-05-01,NA,Valuing Information as a Philanthropic Funder,115,,2574-0776,2025,TRUE,PandP
PandP-2025-1022,NA,10.1257/pandp.20251022,AEA P&P,NA,AEA Papers and Proceedings,2025-05-01,NA,Four New Ideas for Systematic Cost-Effectiveness Analysis,115,,2574-0776,2025,TRUE,PandP
PandP-2025-1040,NA,10.1257/pandp.20251040,AEA P&P,NA,AEA Papers and Proceedings,2025-05-01,NA,The Political Economy of Geoeconomic Power,115,,2574-0776,2025,TRUE,PandP
PandP-2025-1052,NA,10.1257/pandp.20251052,AEA P&P,NA,AEA Papers and Proceedings,2025-05-01,NA,The Economic Impact of Discriminatory Policies: Insights from Same-Sex Marriage Bans,115,,2574-0776,2025,TRUE,PandP
PandP-2025-1055,NA,10.1257/pandp.20251055,AEA P&P,NA,AEA Papers and Proceedings,2025-05-01,NA,The Test-Optional Puzzle,115,,2574-0776,2025,TRUE,PandP
PandP-2025-1072,NA,10.1257/pandp.20251072,AEA P&P,NA,AEA Papers and Proceedings,2025-05-01,NA,The Economics of Blended Finance,115,,2574-0776,2025,TRUE,PandP
PandP-2025-1074,NA,10.1257/pandp.20251074,AEA P&P,NA,AEA Papers and Proceedings,2025-05-01,NA,Nature Loss and Climate Change: The Twin-Crises Multiplier,115,,2574-0776,2025,TRUE,PandP
PandP-2025-1077,NA,10.1257/pandp.20251077,AEA P&P,NA,AEA Papers and Proceedings,2025-05-01,NA,Did Board Gender Quotas Break the Glass Ceiling in Europe?,115,,2574-0776,2025,TRUE,PandP
PandP-2025-1079,NA,10.1257/pandp.20251079,AEA P&P,NA,AEA Papers and Proceedings,2025-05-01,NA,Rigidities in Transportation and Supply Chain Disruptions,115,,2574-0776,2025,TRUE,PandP
PandP-2025-1098,NA,10.1257/pandp.20251098,AEA P&P,NA,AEA Papers and Proceedings,2025-05-01,NA,Discrimination Expectations in the Credit Market: Survey Evidence from India,115,,2574-0776,2025,TRUE,PandP
PandP-2025-1109,NA,10.1257/pandp.20251109,AEA P&P,NA,AEA Papers and Proceedings,2025-05-01,NA,Real and Assumed Information,115,,2574-0776,2025,TRUE,PandP
PandP-2025-1114,NA,10.1257/pandp.20251114,AEA P&P,NA,AEA Papers and Proceedings,2025-05-01,NA,HANK: A New Core of Usable Macroeconomics,115,,2574-0776,2025,TRUE,PandP
PandP-2025-1115,NA,10.1257/pandp.20251115,AEA P&P,NA,AEA Papers and Proceedings,2025-05-01,NA,Practical Stabilization Policy in the Twenty-First Century,115,,2574-0776,2025,TRUE,PandP
PandP-2025-1117,NA,10.1257/pandp.20251117,AEA P&P,NA,AEA Papers and Proceedings,2025-05-01,NA,Heterogeneous Agent Models,115,,2574-0776,2025,TRUE,PandP
PandP-.116-.705,NA,10.1257/pandp.116.705,AEA P&P,NA,AEA Papers and Proceedings,2026-05-01,NA,Minutes of the Annual Business Meeting,116,,2574-0776,2026,TRUE,PandP
PandP-.116-.708,NA,10.1257/pandp.116.708,AEA P&P,NA,AEA Papers and Proceedings,2026-05-01,NA,Report of the Secretary,116,,2574-0776,2026,TRUE,PandP
PandP-.116-.714,NA,10.1257/pandp.116.714,AEA P&P,NA,AEA Papers and Proceedings,2026-05-01,NA,Report of the Treasurer,116,,2574-0776,2026,TRUE,PandP
PandP-.116-.720,NA,10.1257/pandp.116.720,AEA P&P,NA,AEA Papers and Proceedings,2026-05-01,NA,American Economic Association 2025–2026 Universal Academic Questionnaire Summary Statistics,116,,2574-0776,2026,TRUE,PandP
PandP-.116-.724,NA,10.1257/pandp.116.724,AEA P&P,NA,AEA Papers and Proceedings,2026-05-01,NA,Note from the AEA Secretary-Treasurer about the Proceedings Supplement,116,,2574-0776,2026,TRUE,PandP
PandP-.116-.725,NA,10.1257/pandp.116.725,AEA P&P,NA,AEA Papers and Proceedings,2026-05-01,NA,"Minutes of the Meeting of the Executive Committee via Zoom, April 18, 2025",116,,2574-0776,2026,TRUE,PandP
PandP-.116-.732,NA,10.1257/pandp.116.732,AEA P&P,NA,AEA Papers and Proceedings,2026-05-01,NA,"Minutes of the Meeting of the Executive Committee, Philadelphia, PA, January 2, 2026",116,,2574-0776,2026,TRUE,PandP
PandP-.116-.742,NA,10.1257/pandp.116.742,AEA P&P,NA,AEA Papers and Proceedings,2026-05-01,NA,"Report of the Editor,
                    <i>American Economic Review</i>",116,,2574-0776,2026,TRUE,PandP
PandP-.116-.761,NA,10.1257/pandp.116.761,AEA P&P,NA,AEA Papers and Proceedings,2026-05-01,NA,"Report of the Editor,
                    <i>American Economic Review: Insights</i>",116,,2574-0776,2026,TRUE,PandP
PandP-.116-.770,NA,10.1257/pandp.116.770,AEA P&P,NA,AEA Papers and Proceedings,2026-05-01,NA,"Report of the Editor,
                    <i>Journal of Economic Literature</i>",116,,2574-0776,2026,TRUE,PandP
PandP-.116-.777,NA,10.1257/pandp.116.777,AEA P&P,NA,AEA Papers and Proceedings,2026-05-01,NA,"Report of the Editor,
                    <i>Journal of Economic Perspectives</i>",116,,2574-0776,2026,TRUE,PandP
PandP-.116-.780,NA,10.1257/pandp.116.780,AEA P&P,NA,AEA Papers and Proceedings,2026-05-01,NA,"Report of the Editor,
                    <i>American Economic Journal: Applied Economics</i>",116,,2574-0776,2026,TRUE,PandP
PandP-.116-.790,NA,10.1257/pandp.116.790,AEA P&P,NA,AEA Papers and Proceedings,2026-05-01,NA,"Report of the Editor,
                    <i>American Economic Journal: Economic Policy</i>",116,,2574-0776,2026,TRUE,PandP
PandP-.116-.801,NA,10.1257/pandp.116.801,AEA P&P,NA,AEA Papers and Proceedings,2026-05-01,NA,"Report of the Editor,
                    <i>American Economic Journal: Macroeconomics</i>",116,,2574-0776,2026,TRUE,PandP
PandP-.116-.810,NA,10.1257/pandp.116.810,AEA P&P,NA,AEA Papers and Proceedings,2026-05-01,NA,"Report of the Editor,
                    <i>American Economic Journal: Microeconomics</i>",116,,2574-0776,2026,TRUE,PandP
PandP-.116-.818,NA,10.1257/pandp.116.818,AEA P&P,NA,AEA Papers and Proceedings,2026-05-01,NA,Changes to AEA Editorial Practices and Procedures,116,,2574-0776,2026,TRUE,PandP
PandP-.116-.822,NA,10.1257/pandp.116.822,AEA P&P,NA,AEA Papers and Proceedings,2026-05-01,NA,"Report of the Director,
                    <i>Job Openings for Economists</i>",116,,2574-0776,2026,TRUE,PandP
PandP-.116-.825,NA,10.1257/pandp.116.825,AEA P&P,NA,AEA Papers and Proceedings,2026-05-01,NA,Report of the Committee on Economic Education,116,,2574-0776,2026,TRUE,PandP
PandP-.116-.831,NA,10.1257/pandp.116.831,AEA P&P,NA,AEA Papers and Proceedings,2026-05-01,NA,Report of the Committee on Economic Statistics,116,,2574-0776,2026,TRUE,PandP
PandP-.116-.835,NA,10.1257/pandp.116.835,AEA P&P,NA,AEA Papers and Proceedings,2026-05-01,NA,Report of the Committee on Government Relations,116,,2574-0776,2026,TRUE,PandP
PandP-.116-.838,NA,10.1257/pandp.116.838,AEA P&P,NA,AEA Papers and Proceedings,2026-05-01,NA,Report of the Committee on the Job Market,116,,2574-0776,2026,TRUE,PandP
PandP-.116-.842,NA,10.1257/pandp.116.842,AEA P&P,NA,AEA Papers and Proceedings,2026-05-01,NA,Report of the Committee on the Status of LGBTQ+ Individuals in the Economics Profession,116,,2574-0776,2026,TRUE,PandP
PandP-.116-.844,NA,10.1257/pandp.116.844,AEA P&P,NA,AEA Papers and Proceedings,2026-05-01,NA,Report of the Committee on the Status of Minority Groups in the Economics Profession,116,,2574-0776,2026,TRUE,PandP
PandP-.116-.866,NA,10.1257/pandp.116.866,AEA P&P,NA,AEA Papers and Proceedings,2026-05-01,NA,Report of the Committee on the Status of Women in the Economics Profession,116,,2574-0776,2026,TRUE,PandP
PandP-.116-.890,NA,10.1257/pandp.116.890,AEA P&P,NA,AEA Papers and Proceedings,2026-05-01,NA,Report of the AEA Data Editor,116,,2574-0776,2026,TRUE,PandP
PandP-.116-.905,NA,10.1257/pandp.116.905,AEA P&P,NA,AEA Papers and Proceedings,2026-05-01,NA,Report on the Data and Code Availability Policy,116,,2574-0776,2026,TRUE,PandP
PandP-.116-.906,NA,10.1257/pandp.116.906,AEA P&P,NA,AEA Papers and Proceedings,2026-05-01,NA,Report of the Oversight Committee for Registry of Randomized Controlled Trials,116,,2574-0776,2026,TRUE,PandP
PandP-.116-.910,NA,10.1257/pandp.116.910,AEA P&P,NA,AEA Papers and Proceedings,2026-05-01,NA,Ombuds Summary of Activity,116,,2574-0776,2026,TRUE,PandP
PandP-.116-.916,NA,10.1257/pandp.116.916,AEA P&P,NA,AEA Papers and Proceedings,2026-05-01,NA,"Report of the Search Committee for the Editor for the
                    <i>American Economic Journal: Applied Economics</i>",116,,2574-0776,2026,TRUE,PandP
PandP-2026-1003,NA,10.1257/pandp.20261003,AEA P&P,NA,AEA Papers and Proceedings,2026-05-01,NA,The Declining Local Bias of Entrepreneurship in the United States,116,,2574-0776,2026,TRUE,PandP
PandP-2026-1005,NA,10.1257/pandp.20261005,AEA P&P,NA,AEA Papers and Proceedings,2026-05-01,NA,Declining Occupations and Career Outcomes in Norway,116,,2574-0776,2026,TRUE,PandP
PandP-2026-1009,NA,10.1257/pandp.20261009,AEA P&P,NA,AEA Papers and Proceedings,2026-05-01,NA,Defining Households That Are Underserved in Digital Payment Services,116,,2574-0776,2026,TRUE,PandP
PandP-2026-1011,NA,10.1257/pandp.20261011,AEA P&P,NA,AEA Papers and Proceedings,2026-05-01,NA,Can Remote Work Narrow Gender Gaps in Greedy Jobs?,116,,2574-0776,2026,TRUE,PandP
PandP-2026-1013,NA,10.1257/pandp.20261013,AEA P&P,NA,AEA Papers and Proceedings,2026-05-01,NA,Measuring the Ins and Outs of Remote Work: New Evidence from the Gallup Workplace Panel,116,,2574-0776,2026,TRUE,PandP
PandP-2026-1014,NA,10.1257/pandp.20261014,AEA P&P,NA,AEA Papers and Proceedings,2026-05-01,NA,Geopolitics and Shallow Integration,116,,2574-0776,2026,TRUE,PandP
PandP-2026-1016,NA,10.1257/pandp.20261016,AEA P&P,NA,AEA Papers and Proceedings,2026-05-01,NA,Sustaining International Rules in a Multipolar World,116,,2574-0776,2026,TRUE,PandP
PandP-2026-1021,NA,10.1257/pandp.20261021,AEA P&P,NA,AEA Papers and Proceedings,2026-05-01,NA,A Preview of the Predict-Then-Debias Bootstrap,116,,2574-0776,2026,TRUE,PandP
PandP-2026-1022,NA,10.1257/pandp.20261022,AEA P&P,NA,AEA Papers and Proceedings,2026-05-01,NA,Competitive Bank Liability Design,116,,2574-0776,2026,TRUE,PandP
PandP-2026-1023,NA,10.1257/pandp.20261023,AEA P&P,NA,AEA Papers and Proceedings,2026-05-01,NA,Payment Risk and Bank Liquidity Management,116,,2574-0776,2026,TRUE,PandP
PandP-2026-1025,NA,10.1257/pandp.20261025,AEA P&P,NA,AEA Papers and Proceedings,2026-05-01,NA,Climate Change and Long-Run Factor Shares,116,,2574-0776,2026,TRUE,PandP
PandP-2026-1033,NA,10.1257/pandp.20261033,AEA P&P,NA,AEA Papers and Proceedings,2026-05-01,NA,The Adoption of Industrial AI in America,116,,2574-0776,2026,TRUE,PandP
PandP-2026-1034,NA,10.1257/pandp.20261034,AEA P&P,NA,AEA Papers and Proceedings,2026-05-01,NA,Generative AI: What Type of Technology?,116,,2574-0776,2026,TRUE,PandP
PandP-2026-1035,NA,10.1257/pandp.20261035,AEA P&P,NA,AEA Papers and Proceedings,2026-05-01,NA,Aggregate Productivity Gains from Artificial Intelligence: A Sectoral Perspective,116,,2574-0776,2026,TRUE,PandP
PandP-2026-1042,NA,10.1257/pandp.20261042,AEA P&P,NA,AEA Papers and Proceedings,2026-05-01,NA,Quality Adjustment in Industry Deflators Strengthens Estimated Innovation-Productivity Relationships,116,,2574-0776,2026,TRUE,PandP
PandP-2026-1043,NA,10.1257/pandp.20261043,AEA P&P,NA,AEA Papers and Proceedings,2026-05-01,NA,Markups and the Manufacturing Productivity Slowdown,116,,2574-0776,2026,TRUE,PandP
PandP-2026-1049,NA,10.1257/pandp.20261049,AEA P&P,NA,AEA Papers and Proceedings,2026-05-01,NA,Gatekeepers of Disparities: Variation in Prosecutors’ Effects on Racial Gaps in Incarceration,116,,2574-0776,2026,TRUE,PandP
PandP-2026-1050,NA,10.1257/pandp.20261050,AEA P&P,NA,AEA Papers and Proceedings,2026-05-01,NA,Stop and Frisk around the Country,116,,2574-0776,2026,TRUE,PandP
PandP-2026-1061,NA,10.1257/pandp.20261061,AEA P&P,NA,AEA Papers and Proceedings,2026-05-01,NA,When Do Chained Deflators for IT Goods Overstate Quality Change?,116,,2574-0776,2026,TRUE,PandP
PandP-2026-1065,NA,10.1257/pandp.20261065,AEA P&P,NA,AEA Papers and Proceedings,2026-05-01,NA,Quasilinearity and Its Discontents: Public-Good Regulation with Consumer Risk Aversion and Income Effects,116,,2574-0776,2026,TRUE,PandP
PandP-2026-1066,NA,10.1257/pandp.20261066,AEA P&P,NA,AEA Papers and Proceedings,2026-05-01,NA,Institutional Design for Environmental Acts,116,,2574-0776,2026,TRUE,PandP
PandP-2026-1070,NA,10.1257/pandp.20261070,AEA P&P,NA,AEA Papers and Proceedings,2026-05-01,NA,Multilateral Export Control Regimes and Aggregate Exports,116,,2574-0776,2026,TRUE,PandP
PandP-2026-1074,NA,10.1257/pandp.20261074,AEA P&P,NA,AEA Papers and Proceedings,2026-05-01,NA,Explaining the Atomistic versus Ecological Fallacies in SES-Health Gradients,116,,2574-0776,2026,TRUE,PandP
PandP-2026-1079,NA,10.1257/pandp.20261079,AEA P&P,NA,AEA Papers and Proceedings,2026-05-01,NA,Fintech and Customer Capital,116,,2574-0776,2026,TRUE,PandP
PandP-2026-1084,NA,10.1257/pandp.20261084,AEA P&P,NA,AEA Papers and Proceedings,2026-05-01,NA,Does Lowering Entry Costs to Economics for Underrepresented Students Affect Outcomes? Preliminary Experimental Evidence,116,,2574-0776,2026,TRUE,PandP
PandP-2026-1092,NA,10.1257/pandp.20261092,AEA P&P,NA,AEA Papers and Proceedings,2026-05-01,NA,Predicting Well-Being with Mobile Phone Data: Evidence from Four Countries,116,,2574-0776,2026,TRUE,PandP
PandP-2026-1095,NA,10.1257/pandp.20261095,AEA P&P,NA,AEA Papers and Proceedings,2026-05-01,NA,"Race, Firm Size, and the School-to-Work Transition",116,,2574-0776,2026,TRUE,PandP
PandP-2026-1098,NA,10.1257/pandp.20261098,AEA P&P,NA,AEA Papers and Proceedings,2026-05-01,NA,The Birth of Mass Unauthorized Immigration in the United States,116,,2574-0776,2026,TRUE,PandP
PandP-2026-1102,NA,10.1257/pandp.20261102,AEA P&P,NA,AEA Papers and Proceedings,2026-05-01,NA,School’s in for Summer? The Effect of Encouraging Summer Community College Enrollment,116,,2574-0776,2026,TRUE,PandP
PandP-2026-1105,NA,10.1257/pandp.20261105,AEA P&P,NA,AEA Papers and Proceedings,2026-05-01,NA,Leveraging Subjective Expectations for Production Functions,116,,2574-0776,2026,TRUE,PandP
PandP-2026-1106,NA,10.1257/pandp.20261106,AEA P&P,NA,AEA Papers and Proceedings,2026-05-01,NA,Production Functions under Imperfect Competition: A Quality-Equivalent Cournot Model,116,,2574-0776,2026,TRUE,PandP
PandP-2026-1109,NA,10.1257/pandp.20261109,AEA P&P,NA,AEA Papers and Proceedings,2026-05-01,NA,When Should Pre-trends Be Parallel?,116,,2574-0776,2026,TRUE,PandP
PandP-2026-1110,NA,10.1257/pandp.20261110,AEA P&P,NA,AEA Papers and Proceedings,2026-05-01,NA,Event Studies with Feedback,116,,2574-0776,2026,TRUE,PandP
PandP-2026-1111,NA,10.1257/pandp.20261111,AEA P&P,NA,AEA Papers and Proceedings,2026-05-01,NA,Nonlinear Difference-in-Differences with Repeated Cross Sections,116,,2574-0776,2026,TRUE,PandP
PandP-2026-1112,NA,10.1257/pandp.20261112,AEA P&P,NA,AEA Papers and Proceedings,2026-05-01,NA,Measuring the Growth of Skills,116,,2574-0776,2026,TRUE,PandP
PandP-2026-1118,NA,10.1257/pandp.20261118,AEA P&P,NA,AEA Papers and Proceedings,2026-05-01,NA,The Power of Anecdotes,116,,2574-0776,2026,TRUE,PandP
PandP-2026-1130,NA,10.1257/pandp.20261130,AEA P&P,NA,AEA Papers and Proceedings,2026-05-01,NA,"Resilient Finance, Stratified Costs: Unmasking Racial Disparities in Disaster-Induced Bank Closures",116,,2574-0776,2026,TRUE,PandP
